[2025-10-13T22:13:00.926+0000] {processor.py:157} INFO - Started process (PID=161) to work on /opt/airflow/dags/sst_pipeline_dag.py
[2025-10-13T22:13:00.932+0000] {processor.py:829} INFO - Processing file /opt/airflow/dags/sst_pipeline_dag.py for tasks to queue
[2025-10-13T22:13:00.938+0000] {logging_mixin.py:151} INFO - [2025-10-13T22:13:00.938+0000] {dagbag.py:539} INFO - Filling up the DagBag from /opt/airflow/dags/sst_pipeline_dag.py
[2025-10-13T22:13:01.074+0000] {processor.py:839} INFO - DAG(s) dict_keys(['sst_mozambique_pipeline']) retrieved from /opt/airflow/dags/sst_pipeline_dag.py
[2025-10-13T22:13:01.195+0000] {logging_mixin.py:151} INFO - [2025-10-13T22:13:01.195+0000] {dag.py:2907} INFO - Sync 1 DAGs
[2025-10-13T22:13:01.295+0000] {logging_mixin.py:151} INFO - [2025-10-13T22:13:01.295+0000] {dag.py:3677} INFO - Setting next_dagrun for sst_mozambique_pipeline to 2025-10-12T22:13:01.293335+00:00, run_after=2025-10-13T22:13:01.293335+00:00
[2025-10-13T22:13:01.366+0000] {processor.py:179} INFO - Processing /opt/airflow/dags/sst_pipeline_dag.py took 0.456 seconds
[2025-10-13T22:13:31.740+0000] {processor.py:157} INFO - Started process (PID=167) to work on /opt/airflow/dags/sst_pipeline_dag.py
[2025-10-13T22:13:31.744+0000] {processor.py:829} INFO - Processing file /opt/airflow/dags/sst_pipeline_dag.py for tasks to queue
[2025-10-13T22:13:31.746+0000] {logging_mixin.py:151} INFO - [2025-10-13T22:13:31.745+0000] {dagbag.py:539} INFO - Filling up the DagBag from /opt/airflow/dags/sst_pipeline_dag.py
[2025-10-13T22:13:31.790+0000] {processor.py:839} INFO - DAG(s) dict_keys(['sst_mozambique_pipeline']) retrieved from /opt/airflow/dags/sst_pipeline_dag.py
[2025-10-13T22:13:31.875+0000] {logging_mixin.py:151} INFO - [2025-10-13T22:13:31.874+0000] {dag.py:2907} INFO - Sync 1 DAGs
[2025-10-13T22:13:31.922+0000] {logging_mixin.py:151} INFO - [2025-10-13T22:13:31.922+0000] {dag.py:3677} INFO - Setting next_dagrun for sst_mozambique_pipeline to 2025-10-12T22:13:31.921576+00:00, run_after=2025-10-13T22:13:31.921576+00:00
[2025-10-13T22:13:31.958+0000] {processor.py:179} INFO - Processing /opt/airflow/dags/sst_pipeline_dag.py took 0.234 seconds
[2025-10-13T22:14:02.242+0000] {processor.py:157} INFO - Started process (PID=172) to work on /opt/airflow/dags/sst_pipeline_dag.py
[2025-10-13T22:14:02.285+0000] {processor.py:829} INFO - Processing file /opt/airflow/dags/sst_pipeline_dag.py for tasks to queue
[2025-10-13T22:14:02.287+0000] {logging_mixin.py:151} INFO - [2025-10-13T22:14:02.286+0000] {dagbag.py:539} INFO - Filling up the DagBag from /opt/airflow/dags/sst_pipeline_dag.py
[2025-10-13T22:14:02.307+0000] {processor.py:839} INFO - DAG(s) dict_keys(['sst_mozambique_pipeline']) retrieved from /opt/airflow/dags/sst_pipeline_dag.py
[2025-10-13T22:14:02.348+0000] {logging_mixin.py:151} INFO - [2025-10-13T22:14:02.348+0000] {dag.py:2907} INFO - Sync 1 DAGs
[2025-10-13T22:14:02.381+0000] {logging_mixin.py:151} INFO - [2025-10-13T22:14:02.380+0000] {dag.py:3677} INFO - Setting next_dagrun for sst_mozambique_pipeline to 2025-10-12T22:14:02.380568+00:00, run_after=2025-10-13T22:14:02.380568+00:00
[2025-10-13T22:14:02.405+0000] {processor.py:179} INFO - Processing /opt/airflow/dags/sst_pipeline_dag.py took 0.169 seconds
[2025-10-13T22:14:32.558+0000] {processor.py:157} INFO - Started process (PID=177) to work on /opt/airflow/dags/sst_pipeline_dag.py
[2025-10-13T22:14:32.582+0000] {processor.py:829} INFO - Processing file /opt/airflow/dags/sst_pipeline_dag.py for tasks to queue
[2025-10-13T22:14:32.584+0000] {logging_mixin.py:151} INFO - [2025-10-13T22:14:32.583+0000] {dagbag.py:539} INFO - Filling up the DagBag from /opt/airflow/dags/sst_pipeline_dag.py
[2025-10-13T22:14:32.602+0000] {processor.py:839} INFO - DAG(s) dict_keys(['sst_mozambique_pipeline']) retrieved from /opt/airflow/dags/sst_pipeline_dag.py
[2025-10-13T22:14:32.643+0000] {logging_mixin.py:151} INFO - [2025-10-13T22:14:32.642+0000] {dag.py:2907} INFO - Sync 1 DAGs
[2025-10-13T22:14:32.673+0000] {logging_mixin.py:151} INFO - [2025-10-13T22:14:32.672+0000] {dag.py:3677} INFO - Setting next_dagrun for sst_mozambique_pipeline to 2025-10-12T22:14:32.672581+00:00, run_after=2025-10-13T22:14:32.672581+00:00
[2025-10-13T22:14:32.696+0000] {processor.py:179} INFO - Processing /opt/airflow/dags/sst_pipeline_dag.py took 0.142 seconds
[2025-10-13T22:15:02.846+0000] {processor.py:157} INFO - Started process (PID=182) to work on /opt/airflow/dags/sst_pipeline_dag.py
[2025-10-13T22:15:02.872+0000] {processor.py:829} INFO - Processing file /opt/airflow/dags/sst_pipeline_dag.py for tasks to queue
[2025-10-13T22:15:02.873+0000] {logging_mixin.py:151} INFO - [2025-10-13T22:15:02.873+0000] {dagbag.py:539} INFO - Filling up the DagBag from /opt/airflow/dags/sst_pipeline_dag.py
[2025-10-13T22:15:02.890+0000] {processor.py:839} INFO - DAG(s) dict_keys(['sst_mozambique_pipeline']) retrieved from /opt/airflow/dags/sst_pipeline_dag.py
[2025-10-13T22:15:02.928+0000] {logging_mixin.py:151} INFO - [2025-10-13T22:15:02.928+0000] {dag.py:2907} INFO - Sync 1 DAGs
[2025-10-13T22:15:02.959+0000] {logging_mixin.py:151} INFO - [2025-10-13T22:15:02.959+0000] {dag.py:3677} INFO - Setting next_dagrun for sst_mozambique_pipeline to 2025-10-12T22:15:02.958526+00:00, run_after=2025-10-13T22:15:02.958526+00:00
[2025-10-13T22:15:02.982+0000] {processor.py:179} INFO - Processing /opt/airflow/dags/sst_pipeline_dag.py took 0.141 seconds
[2025-10-13T22:15:33.139+0000] {processor.py:157} INFO - Started process (PID=187) to work on /opt/airflow/dags/sst_pipeline_dag.py
[2025-10-13T22:15:33.161+0000] {processor.py:829} INFO - Processing file /opt/airflow/dags/sst_pipeline_dag.py for tasks to queue
[2025-10-13T22:15:33.163+0000] {logging_mixin.py:151} INFO - [2025-10-13T22:15:33.162+0000] {dagbag.py:539} INFO - Filling up the DagBag from /opt/airflow/dags/sst_pipeline_dag.py
[2025-10-13T22:15:33.180+0000] {processor.py:839} INFO - DAG(s) dict_keys(['sst_mozambique_pipeline']) retrieved from /opt/airflow/dags/sst_pipeline_dag.py
[2025-10-13T22:15:33.219+0000] {logging_mixin.py:151} INFO - [2025-10-13T22:15:33.219+0000] {dag.py:2907} INFO - Sync 1 DAGs
[2025-10-13T22:15:33.246+0000] {logging_mixin.py:151} INFO - [2025-10-13T22:15:33.246+0000] {dag.py:3677} INFO - Setting next_dagrun for sst_mozambique_pipeline to 2025-10-12T22:15:33.246397+00:00, run_after=2025-10-13T22:15:33.246397+00:00
[2025-10-13T22:15:33.270+0000] {processor.py:179} INFO - Processing /opt/airflow/dags/sst_pipeline_dag.py took 0.138 seconds
[2025-10-13T22:16:03.424+0000] {processor.py:157} INFO - Started process (PID=192) to work on /opt/airflow/dags/sst_pipeline_dag.py
[2025-10-13T22:16:03.426+0000] {processor.py:829} INFO - Processing file /opt/airflow/dags/sst_pipeline_dag.py for tasks to queue
[2025-10-13T22:16:03.427+0000] {logging_mixin.py:151} INFO - [2025-10-13T22:16:03.427+0000] {dagbag.py:539} INFO - Filling up the DagBag from /opt/airflow/dags/sst_pipeline_dag.py
[2025-10-13T22:16:03.447+0000] {processor.py:839} INFO - DAG(s) dict_keys(['sst_mozambique_pipeline']) retrieved from /opt/airflow/dags/sst_pipeline_dag.py
[2025-10-13T22:16:03.486+0000] {logging_mixin.py:151} INFO - [2025-10-13T22:16:03.485+0000] {dag.py:2907} INFO - Sync 1 DAGs
[2025-10-13T22:16:03.514+0000] {logging_mixin.py:151} INFO - [2025-10-13T22:16:03.514+0000] {dag.py:3677} INFO - Setting next_dagrun for sst_mozambique_pipeline to 2025-10-12T22:16:03.513755+00:00, run_after=2025-10-13T22:16:03.513755+00:00
[2025-10-13T22:16:03.540+0000] {processor.py:179} INFO - Processing /opt/airflow/dags/sst_pipeline_dag.py took 0.121 seconds
[2025-10-13T22:16:33.696+0000] {processor.py:157} INFO - Started process (PID=197) to work on /opt/airflow/dags/sst_pipeline_dag.py
[2025-10-13T22:16:33.748+0000] {processor.py:829} INFO - Processing file /opt/airflow/dags/sst_pipeline_dag.py for tasks to queue
[2025-10-13T22:16:33.750+0000] {logging_mixin.py:151} INFO - [2025-10-13T22:16:33.749+0000] {dagbag.py:539} INFO - Filling up the DagBag from /opt/airflow/dags/sst_pipeline_dag.py
[2025-10-13T22:16:33.770+0000] {processor.py:839} INFO - DAG(s) dict_keys(['sst_mozambique_pipeline']) retrieved from /opt/airflow/dags/sst_pipeline_dag.py
[2025-10-13T22:16:33.822+0000] {logging_mixin.py:151} INFO - [2025-10-13T22:16:33.821+0000] {dag.py:2907} INFO - Sync 1 DAGs
[2025-10-13T22:16:33.852+0000] {logging_mixin.py:151} INFO - [2025-10-13T22:16:33.852+0000] {dag.py:3677} INFO - Setting next_dagrun for sst_mozambique_pipeline to 2025-10-12T22:16:33.851875+00:00, run_after=2025-10-13T22:16:33.851875+00:00
[2025-10-13T22:16:34.058+0000] {processor.py:179} INFO - Processing /opt/airflow/dags/sst_pipeline_dag.py took 0.368 seconds
[2025-10-13T22:17:04.220+0000] {processor.py:157} INFO - Started process (PID=202) to work on /opt/airflow/dags/sst_pipeline_dag.py
[2025-10-13T22:17:04.235+0000] {processor.py:829} INFO - Processing file /opt/airflow/dags/sst_pipeline_dag.py for tasks to queue
[2025-10-13T22:17:04.237+0000] {logging_mixin.py:151} INFO - [2025-10-13T22:17:04.236+0000] {dagbag.py:539} INFO - Filling up the DagBag from /opt/airflow/dags/sst_pipeline_dag.py
[2025-10-13T22:17:04.254+0000] {processor.py:839} INFO - DAG(s) dict_keys(['sst_mozambique_pipeline']) retrieved from /opt/airflow/dags/sst_pipeline_dag.py
[2025-10-13T22:17:04.295+0000] {logging_mixin.py:151} INFO - [2025-10-13T22:17:04.295+0000] {dag.py:2907} INFO - Sync 1 DAGs
[2025-10-13T22:17:04.491+0000] {logging_mixin.py:151} INFO - [2025-10-13T22:17:04.490+0000] {dag.py:3677} INFO - Setting next_dagrun for sst_mozambique_pipeline to 2025-10-12T22:17:04.490526+00:00, run_after=2025-10-13T22:17:04.490526+00:00
[2025-10-13T22:17:04.513+0000] {processor.py:179} INFO - Processing /opt/airflow/dags/sst_pipeline_dag.py took 0.298 seconds
[2025-10-13T22:17:34.670+0000] {processor.py:157} INFO - Started process (PID=207) to work on /opt/airflow/dags/sst_pipeline_dag.py
[2025-10-13T22:17:34.691+0000] {processor.py:829} INFO - Processing file /opt/airflow/dags/sst_pipeline_dag.py for tasks to queue
[2025-10-13T22:17:34.693+0000] {logging_mixin.py:151} INFO - [2025-10-13T22:17:34.692+0000] {dagbag.py:539} INFO - Filling up the DagBag from /opt/airflow/dags/sst_pipeline_dag.py
[2025-10-13T22:17:34.710+0000] {processor.py:839} INFO - DAG(s) dict_keys(['sst_mozambique_pipeline']) retrieved from /opt/airflow/dags/sst_pipeline_dag.py
[2025-10-13T22:17:34.915+0000] {logging_mixin.py:151} INFO - [2025-10-13T22:17:34.915+0000] {dag.py:2907} INFO - Sync 1 DAGs
[2025-10-13T22:17:34.939+0000] {logging_mixin.py:151} INFO - [2025-10-13T22:17:34.939+0000] {dag.py:3677} INFO - Setting next_dagrun for sst_mozambique_pipeline to 2025-10-12T22:17:34.939071+00:00, run_after=2025-10-13T22:17:34.939071+00:00
[2025-10-13T22:17:34.959+0000] {processor.py:179} INFO - Processing /opt/airflow/dags/sst_pipeline_dag.py took 0.294 seconds
[2025-10-13T22:18:05.136+0000] {processor.py:157} INFO - Started process (PID=212) to work on /opt/airflow/dags/sst_pipeline_dag.py
[2025-10-13T22:18:05.176+0000] {processor.py:829} INFO - Processing file /opt/airflow/dags/sst_pipeline_dag.py for tasks to queue
[2025-10-13T22:18:05.177+0000] {logging_mixin.py:151} INFO - [2025-10-13T22:18:05.177+0000] {dagbag.py:539} INFO - Filling up the DagBag from /opt/airflow/dags/sst_pipeline_dag.py
[2025-10-13T22:18:05.195+0000] {processor.py:839} INFO - DAG(s) dict_keys(['sst_mozambique_pipeline']) retrieved from /opt/airflow/dags/sst_pipeline_dag.py
[2025-10-13T22:18:05.235+0000] {logging_mixin.py:151} INFO - [2025-10-13T22:18:05.235+0000] {dag.py:2907} INFO - Sync 1 DAGs
[2025-10-13T22:18:05.263+0000] {logging_mixin.py:151} INFO - [2025-10-13T22:18:05.262+0000] {dag.py:3677} INFO - Setting next_dagrun for sst_mozambique_pipeline to 2025-10-12T22:18:05.262580+00:00, run_after=2025-10-13T22:18:05.262580+00:00
[2025-10-13T22:18:05.287+0000] {processor.py:179} INFO - Processing /opt/airflow/dags/sst_pipeline_dag.py took 0.158 seconds
[2025-10-13T22:18:35.446+0000] {processor.py:157} INFO - Started process (PID=217) to work on /opt/airflow/dags/sst_pipeline_dag.py
[2025-10-13T22:18:35.448+0000] {processor.py:829} INFO - Processing file /opt/airflow/dags/sst_pipeline_dag.py for tasks to queue
[2025-10-13T22:18:35.449+0000] {logging_mixin.py:151} INFO - [2025-10-13T22:18:35.449+0000] {dagbag.py:539} INFO - Filling up the DagBag from /opt/airflow/dags/sst_pipeline_dag.py
[2025-10-13T22:18:35.468+0000] {processor.py:839} INFO - DAG(s) dict_keys(['sst_mozambique_pipeline']) retrieved from /opt/airflow/dags/sst_pipeline_dag.py
[2025-10-13T22:18:35.508+0000] {logging_mixin.py:151} INFO - [2025-10-13T22:18:35.507+0000] {dag.py:2907} INFO - Sync 1 DAGs
[2025-10-13T22:18:35.536+0000] {logging_mixin.py:151} INFO - [2025-10-13T22:18:35.536+0000] {dag.py:3677} INFO - Setting next_dagrun for sst_mozambique_pipeline to 2025-10-12T22:18:35.536213+00:00, run_after=2025-10-13T22:18:35.536213+00:00
[2025-10-13T22:18:35.559+0000] {processor.py:179} INFO - Processing /opt/airflow/dags/sst_pipeline_dag.py took 0.119 seconds
[2025-10-13T22:19:05.703+0000] {processor.py:157} INFO - Started process (PID=222) to work on /opt/airflow/dags/sst_pipeline_dag.py
[2025-10-13T22:19:05.734+0000] {processor.py:829} INFO - Processing file /opt/airflow/dags/sst_pipeline_dag.py for tasks to queue
[2025-10-13T22:19:05.736+0000] {logging_mixin.py:151} INFO - [2025-10-13T22:19:05.735+0000] {dagbag.py:539} INFO - Filling up the DagBag from /opt/airflow/dags/sst_pipeline_dag.py
[2025-10-13T22:19:05.757+0000] {processor.py:839} INFO - DAG(s) dict_keys(['sst_mozambique_pipeline']) retrieved from /opt/airflow/dags/sst_pipeline_dag.py
[2025-10-13T22:19:05.795+0000] {logging_mixin.py:151} INFO - [2025-10-13T22:19:05.795+0000] {dag.py:2907} INFO - Sync 1 DAGs
[2025-10-13T22:19:05.824+0000] {logging_mixin.py:151} INFO - [2025-10-13T22:19:05.823+0000] {dag.py:3677} INFO - Setting next_dagrun for sst_mozambique_pipeline to 2025-10-12T22:19:05.823560+00:00, run_after=2025-10-13T22:19:05.823560+00:00
[2025-10-13T22:19:05.846+0000] {processor.py:179} INFO - Processing /opt/airflow/dags/sst_pipeline_dag.py took 0.148 seconds
[2025-10-13T22:19:35.998+0000] {processor.py:157} INFO - Started process (PID=227) to work on /opt/airflow/dags/sst_pipeline_dag.py
[2025-10-13T22:19:36.009+0000] {processor.py:829} INFO - Processing file /opt/airflow/dags/sst_pipeline_dag.py for tasks to queue
[2025-10-13T22:19:36.011+0000] {logging_mixin.py:151} INFO - [2025-10-13T22:19:36.011+0000] {dagbag.py:539} INFO - Filling up the DagBag from /opt/airflow/dags/sst_pipeline_dag.py
[2025-10-13T22:19:36.030+0000] {processor.py:839} INFO - DAG(s) dict_keys(['sst_mozambique_pipeline']) retrieved from /opt/airflow/dags/sst_pipeline_dag.py
[2025-10-13T22:19:36.070+0000] {logging_mixin.py:151} INFO - [2025-10-13T22:19:36.070+0000] {dag.py:2907} INFO - Sync 1 DAGs
[2025-10-13T22:19:36.098+0000] {logging_mixin.py:151} INFO - [2025-10-13T22:19:36.097+0000] {dag.py:3677} INFO - Setting next_dagrun for sst_mozambique_pipeline to 2025-10-12T22:19:36.097621+00:00, run_after=2025-10-13T22:19:36.097621+00:00
[2025-10-13T22:19:36.120+0000] {processor.py:179} INFO - Processing /opt/airflow/dags/sst_pipeline_dag.py took 0.127 seconds
[2025-10-13T22:20:06.267+0000] {processor.py:157} INFO - Started process (PID=232) to work on /opt/airflow/dags/sst_pipeline_dag.py
[2025-10-13T22:20:06.317+0000] {processor.py:829} INFO - Processing file /opt/airflow/dags/sst_pipeline_dag.py for tasks to queue
[2025-10-13T22:20:06.318+0000] {logging_mixin.py:151} INFO - [2025-10-13T22:20:06.318+0000] {dagbag.py:539} INFO - Filling up the DagBag from /opt/airflow/dags/sst_pipeline_dag.py
[2025-10-13T22:20:06.337+0000] {processor.py:839} INFO - DAG(s) dict_keys(['sst_mozambique_pipeline']) retrieved from /opt/airflow/dags/sst_pipeline_dag.py
[2025-10-13T22:20:06.375+0000] {logging_mixin.py:151} INFO - [2025-10-13T22:20:06.375+0000] {dag.py:2907} INFO - Sync 1 DAGs
[2025-10-13T22:20:06.405+0000] {logging_mixin.py:151} INFO - [2025-10-13T22:20:06.405+0000] {dag.py:3677} INFO - Setting next_dagrun for sst_mozambique_pipeline to 2025-10-12T22:20:06.404714+00:00, run_after=2025-10-13T22:20:06.404714+00:00
[2025-10-13T22:20:06.429+0000] {processor.py:179} INFO - Processing /opt/airflow/dags/sst_pipeline_dag.py took 0.167 seconds
[2025-10-13T22:20:36.583+0000] {processor.py:157} INFO - Started process (PID=237) to work on /opt/airflow/dags/sst_pipeline_dag.py
[2025-10-13T22:20:36.598+0000] {processor.py:829} INFO - Processing file /opt/airflow/dags/sst_pipeline_dag.py for tasks to queue
[2025-10-13T22:20:36.599+0000] {logging_mixin.py:151} INFO - [2025-10-13T22:20:36.599+0000] {dagbag.py:539} INFO - Filling up the DagBag from /opt/airflow/dags/sst_pipeline_dag.py
[2025-10-13T22:20:36.618+0000] {processor.py:839} INFO - DAG(s) dict_keys(['sst_mozambique_pipeline']) retrieved from /opt/airflow/dags/sst_pipeline_dag.py
[2025-10-13T22:20:36.657+0000] {logging_mixin.py:151} INFO - [2025-10-13T22:20:36.657+0000] {dag.py:2907} INFO - Sync 1 DAGs
[2025-10-13T22:20:36.685+0000] {logging_mixin.py:151} INFO - [2025-10-13T22:20:36.685+0000] {dag.py:3677} INFO - Setting next_dagrun for sst_mozambique_pipeline to 2025-10-12T22:20:36.685084+00:00, run_after=2025-10-13T22:20:36.685084+00:00
[2025-10-13T22:20:36.709+0000] {processor.py:179} INFO - Processing /opt/airflow/dags/sst_pipeline_dag.py took 0.133 seconds
[2025-10-13T22:21:06.854+0000] {processor.py:157} INFO - Started process (PID=242) to work on /opt/airflow/dags/sst_pipeline_dag.py
[2025-10-13T22:21:06.861+0000] {processor.py:829} INFO - Processing file /opt/airflow/dags/sst_pipeline_dag.py for tasks to queue
[2025-10-13T22:21:06.863+0000] {logging_mixin.py:151} INFO - [2025-10-13T22:21:06.862+0000] {dagbag.py:539} INFO - Filling up the DagBag from /opt/airflow/dags/sst_pipeline_dag.py
[2025-10-13T22:21:06.880+0000] {processor.py:839} INFO - DAG(s) dict_keys(['sst_mozambique_pipeline']) retrieved from /opt/airflow/dags/sst_pipeline_dag.py
[2025-10-13T22:21:06.917+0000] {logging_mixin.py:151} INFO - [2025-10-13T22:21:06.917+0000] {dag.py:2907} INFO - Sync 1 DAGs
[2025-10-13T22:21:06.946+0000] {logging_mixin.py:151} INFO - [2025-10-13T22:21:06.946+0000] {dag.py:3677} INFO - Setting next_dagrun for sst_mozambique_pipeline to 2025-10-12T22:21:06.945822+00:00, run_after=2025-10-13T22:21:06.945822+00:00
[2025-10-13T22:21:06.969+0000] {processor.py:179} INFO - Processing /opt/airflow/dags/sst_pipeline_dag.py took 0.120 seconds
[2025-10-13T22:21:37.123+0000] {processor.py:157} INFO - Started process (PID=247) to work on /opt/airflow/dags/sst_pipeline_dag.py
[2025-10-13T22:21:37.126+0000] {processor.py:829} INFO - Processing file /opt/airflow/dags/sst_pipeline_dag.py for tasks to queue
[2025-10-13T22:21:37.127+0000] {logging_mixin.py:151} INFO - [2025-10-13T22:21:37.126+0000] {dagbag.py:539} INFO - Filling up the DagBag from /opt/airflow/dags/sst_pipeline_dag.py
[2025-10-13T22:21:37.144+0000] {processor.py:839} INFO - DAG(s) dict_keys(['sst_mozambique_pipeline']) retrieved from /opt/airflow/dags/sst_pipeline_dag.py
[2025-10-13T22:21:37.184+0000] {logging_mixin.py:151} INFO - [2025-10-13T22:21:37.184+0000] {dag.py:2907} INFO - Sync 1 DAGs
[2025-10-13T22:21:37.216+0000] {logging_mixin.py:151} INFO - [2025-10-13T22:21:37.215+0000] {dag.py:3677} INFO - Setting next_dagrun for sst_mozambique_pipeline to 2025-10-12T22:21:37.215460+00:00, run_after=2025-10-13T22:21:37.215460+00:00
[2025-10-13T22:21:37.247+0000] {processor.py:179} INFO - Processing /opt/airflow/dags/sst_pipeline_dag.py took 0.129 seconds
[2025-10-13T22:22:07.406+0000] {processor.py:157} INFO - Started process (PID=252) to work on /opt/airflow/dags/sst_pipeline_dag.py
[2025-10-13T22:22:07.436+0000] {processor.py:829} INFO - Processing file /opt/airflow/dags/sst_pipeline_dag.py for tasks to queue
[2025-10-13T22:22:07.437+0000] {logging_mixin.py:151} INFO - [2025-10-13T22:22:07.436+0000] {dagbag.py:539} INFO - Filling up the DagBag from /opt/airflow/dags/sst_pipeline_dag.py
[2025-10-13T22:22:07.457+0000] {processor.py:839} INFO - DAG(s) dict_keys(['sst_mozambique_pipeline']) retrieved from /opt/airflow/dags/sst_pipeline_dag.py
[2025-10-13T22:22:07.496+0000] {logging_mixin.py:151} INFO - [2025-10-13T22:22:07.496+0000] {dag.py:2907} INFO - Sync 1 DAGs
[2025-10-13T22:22:07.525+0000] {logging_mixin.py:151} INFO - [2025-10-13T22:22:07.525+0000] {dag.py:3677} INFO - Setting next_dagrun for sst_mozambique_pipeline to 2025-10-12T22:22:07.525052+00:00, run_after=2025-10-13T22:22:07.525052+00:00
[2025-10-13T22:22:07.549+0000] {processor.py:179} INFO - Processing /opt/airflow/dags/sst_pipeline_dag.py took 0.148 seconds
[2025-10-13T22:22:37.718+0000] {processor.py:157} INFO - Started process (PID=257) to work on /opt/airflow/dags/sst_pipeline_dag.py
[2025-10-13T22:22:37.738+0000] {processor.py:829} INFO - Processing file /opt/airflow/dags/sst_pipeline_dag.py for tasks to queue
[2025-10-13T22:22:37.739+0000] {logging_mixin.py:151} INFO - [2025-10-13T22:22:37.738+0000] {dagbag.py:539} INFO - Filling up the DagBag from /opt/airflow/dags/sst_pipeline_dag.py
[2025-10-13T22:22:37.757+0000] {processor.py:839} INFO - DAG(s) dict_keys(['sst_mozambique_pipeline']) retrieved from /opt/airflow/dags/sst_pipeline_dag.py
[2025-10-13T22:22:37.795+0000] {logging_mixin.py:151} INFO - [2025-10-13T22:22:37.795+0000] {dag.py:2907} INFO - Sync 1 DAGs
[2025-10-13T22:22:37.826+0000] {logging_mixin.py:151} INFO - [2025-10-13T22:22:37.826+0000] {dag.py:3677} INFO - Setting next_dagrun for sst_mozambique_pipeline to 2025-10-12T22:22:37.825979+00:00, run_after=2025-10-13T22:22:37.825979+00:00
[2025-10-13T22:22:37.851+0000] {processor.py:179} INFO - Processing /opt/airflow/dags/sst_pipeline_dag.py took 0.138 seconds
[2025-10-13T22:23:07.997+0000] {processor.py:157} INFO - Started process (PID=262) to work on /opt/airflow/dags/sst_pipeline_dag.py
[2025-10-13T22:23:08.096+0000] {processor.py:829} INFO - Processing file /opt/airflow/dags/sst_pipeline_dag.py for tasks to queue
[2025-10-13T22:23:08.098+0000] {logging_mixin.py:151} INFO - [2025-10-13T22:23:08.097+0000] {dagbag.py:539} INFO - Filling up the DagBag from /opt/airflow/dags/sst_pipeline_dag.py
[2025-10-13T22:23:08.116+0000] {processor.py:839} INFO - DAG(s) dict_keys(['sst_mozambique_pipeline']) retrieved from /opt/airflow/dags/sst_pipeline_dag.py
[2025-10-13T22:23:08.155+0000] {logging_mixin.py:151} INFO - [2025-10-13T22:23:08.155+0000] {dag.py:2907} INFO - Sync 1 DAGs
[2025-10-13T22:23:08.191+0000] {logging_mixin.py:151} INFO - [2025-10-13T22:23:08.190+0000] {dag.py:3677} INFO - Setting next_dagrun for sst_mozambique_pipeline to 2025-10-12T22:23:08.190236+00:00, run_after=2025-10-13T22:23:08.190236+00:00
[2025-10-13T22:23:08.223+0000] {processor.py:179} INFO - Processing /opt/airflow/dags/sst_pipeline_dag.py took 0.230 seconds
[2025-10-13T22:23:38.388+0000] {processor.py:157} INFO - Started process (PID=267) to work on /opt/airflow/dags/sst_pipeline_dag.py
[2025-10-13T22:23:38.391+0000] {processor.py:829} INFO - Processing file /opt/airflow/dags/sst_pipeline_dag.py for tasks to queue
[2025-10-13T22:23:38.392+0000] {logging_mixin.py:151} INFO - [2025-10-13T22:23:38.391+0000] {dagbag.py:539} INFO - Filling up the DagBag from /opt/airflow/dags/sst_pipeline_dag.py
[2025-10-13T22:23:38.425+0000] {processor.py:839} INFO - DAG(s) dict_keys(['sst_mozambique_pipeline']) retrieved from /opt/airflow/dags/sst_pipeline_dag.py
[2025-10-13T22:23:38.480+0000] {logging_mixin.py:151} INFO - [2025-10-13T22:23:38.479+0000] {dag.py:2907} INFO - Sync 1 DAGs
[2025-10-13T22:23:38.529+0000] {logging_mixin.py:151} INFO - [2025-10-13T22:23:38.528+0000] {dag.py:3677} INFO - Setting next_dagrun for sst_mozambique_pipeline to 2025-10-12T22:23:38.528114+00:00, run_after=2025-10-13T22:23:38.528114+00:00
[2025-10-13T22:23:38.559+0000] {processor.py:179} INFO - Processing /opt/airflow/dags/sst_pipeline_dag.py took 0.175 seconds
[2025-10-13T22:24:08.719+0000] {processor.py:157} INFO - Started process (PID=272) to work on /opt/airflow/dags/sst_pipeline_dag.py
[2025-10-13T22:24:08.751+0000] {processor.py:829} INFO - Processing file /opt/airflow/dags/sst_pipeline_dag.py for tasks to queue
[2025-10-13T22:24:08.753+0000] {logging_mixin.py:151} INFO - [2025-10-13T22:24:08.752+0000] {dagbag.py:539} INFO - Filling up the DagBag from /opt/airflow/dags/sst_pipeline_dag.py
[2025-10-13T22:24:08.771+0000] {processor.py:839} INFO - DAG(s) dict_keys(['sst_mozambique_pipeline']) retrieved from /opt/airflow/dags/sst_pipeline_dag.py
[2025-10-13T22:24:08.825+0000] {logging_mixin.py:151} INFO - [2025-10-13T22:24:08.824+0000] {dag.py:2907} INFO - Sync 1 DAGs
[2025-10-13T22:24:08.866+0000] {logging_mixin.py:151} INFO - [2025-10-13T22:24:08.866+0000] {dag.py:3677} INFO - Setting next_dagrun for sst_mozambique_pipeline to 2025-10-12T22:24:08.865516+00:00, run_after=2025-10-13T22:24:08.865516+00:00
[2025-10-13T22:24:08.896+0000] {processor.py:179} INFO - Processing /opt/airflow/dags/sst_pipeline_dag.py took 0.182 seconds
[2025-10-13T22:24:39.051+0000] {processor.py:157} INFO - Started process (PID=277) to work on /opt/airflow/dags/sst_pipeline_dag.py
[2025-10-13T22:24:39.061+0000] {processor.py:829} INFO - Processing file /opt/airflow/dags/sst_pipeline_dag.py for tasks to queue
[2025-10-13T22:24:39.063+0000] {logging_mixin.py:151} INFO - [2025-10-13T22:24:39.062+0000] {dagbag.py:539} INFO - Filling up the DagBag from /opt/airflow/dags/sst_pipeline_dag.py
[2025-10-13T22:24:39.082+0000] {processor.py:839} INFO - DAG(s) dict_keys(['sst_mozambique_pipeline']) retrieved from /opt/airflow/dags/sst_pipeline_dag.py
[2025-10-13T22:24:39.132+0000] {logging_mixin.py:151} INFO - [2025-10-13T22:24:39.132+0000] {dag.py:2907} INFO - Sync 1 DAGs
[2025-10-13T22:24:39.160+0000] {logging_mixin.py:151} INFO - [2025-10-13T22:24:39.159+0000] {dag.py:3677} INFO - Setting next_dagrun for sst_mozambique_pipeline to 2025-10-12T22:24:39.159569+00:00, run_after=2025-10-13T22:24:39.159569+00:00
[2025-10-13T22:24:39.182+0000] {processor.py:179} INFO - Processing /opt/airflow/dags/sst_pipeline_dag.py took 0.137 seconds
[2025-10-13T22:25:09.328+0000] {processor.py:157} INFO - Started process (PID=282) to work on /opt/airflow/dags/sst_pipeline_dag.py
[2025-10-13T22:25:09.329+0000] {processor.py:829} INFO - Processing file /opt/airflow/dags/sst_pipeline_dag.py for tasks to queue
[2025-10-13T22:25:09.330+0000] {logging_mixin.py:151} INFO - [2025-10-13T22:25:09.330+0000] {dagbag.py:539} INFO - Filling up the DagBag from /opt/airflow/dags/sst_pipeline_dag.py
[2025-10-13T22:25:09.349+0000] {processor.py:839} INFO - DAG(s) dict_keys(['sst_mozambique_pipeline']) retrieved from /opt/airflow/dags/sst_pipeline_dag.py
[2025-10-13T22:25:09.388+0000] {logging_mixin.py:151} INFO - [2025-10-13T22:25:09.387+0000] {dag.py:2907} INFO - Sync 1 DAGs
[2025-10-13T22:25:09.418+0000] {logging_mixin.py:151} INFO - [2025-10-13T22:25:09.417+0000] {dag.py:3677} INFO - Setting next_dagrun for sst_mozambique_pipeline to 2025-10-12T22:25:09.417558+00:00, run_after=2025-10-13T22:25:09.417558+00:00
[2025-10-13T22:25:09.442+0000] {processor.py:179} INFO - Processing /opt/airflow/dags/sst_pipeline_dag.py took 0.119 seconds
[2025-10-13T22:25:39.591+0000] {processor.py:157} INFO - Started process (PID=287) to work on /opt/airflow/dags/sst_pipeline_dag.py
[2025-10-13T22:25:39.598+0000] {processor.py:829} INFO - Processing file /opt/airflow/dags/sst_pipeline_dag.py for tasks to queue
[2025-10-13T22:25:39.599+0000] {logging_mixin.py:151} INFO - [2025-10-13T22:25:39.599+0000] {dagbag.py:539} INFO - Filling up the DagBag from /opt/airflow/dags/sst_pipeline_dag.py
[2025-10-13T22:25:39.618+0000] {processor.py:839} INFO - DAG(s) dict_keys(['sst_mozambique_pipeline']) retrieved from /opt/airflow/dags/sst_pipeline_dag.py
[2025-10-13T22:25:39.657+0000] {logging_mixin.py:151} INFO - [2025-10-13T22:25:39.656+0000] {dag.py:2907} INFO - Sync 1 DAGs
[2025-10-13T22:25:39.685+0000] {logging_mixin.py:151} INFO - [2025-10-13T22:25:39.685+0000] {dag.py:3677} INFO - Setting next_dagrun for sst_mozambique_pipeline to 2025-10-12T22:25:39.685318+00:00, run_after=2025-10-13T22:25:39.685318+00:00
[2025-10-13T22:25:39.708+0000] {processor.py:179} INFO - Processing /opt/airflow/dags/sst_pipeline_dag.py took 0.122 seconds
[2025-10-13T22:26:09.864+0000] {processor.py:157} INFO - Started process (PID=292) to work on /opt/airflow/dags/sst_pipeline_dag.py
[2025-10-13T22:26:09.865+0000] {processor.py:829} INFO - Processing file /opt/airflow/dags/sst_pipeline_dag.py for tasks to queue
[2025-10-13T22:26:09.866+0000] {logging_mixin.py:151} INFO - [2025-10-13T22:26:09.866+0000] {dagbag.py:539} INFO - Filling up the DagBag from /opt/airflow/dags/sst_pipeline_dag.py
[2025-10-13T22:26:09.884+0000] {processor.py:839} INFO - DAG(s) dict_keys(['sst_mozambique_pipeline']) retrieved from /opt/airflow/dags/sst_pipeline_dag.py
[2025-10-13T22:26:09.926+0000] {logging_mixin.py:151} INFO - [2025-10-13T22:26:09.925+0000] {dag.py:2907} INFO - Sync 1 DAGs
[2025-10-13T22:26:09.953+0000] {logging_mixin.py:151} INFO - [2025-10-13T22:26:09.953+0000] {dag.py:3677} INFO - Setting next_dagrun for sst_mozambique_pipeline to 2025-10-12T22:26:09.953212+00:00, run_after=2025-10-13T22:26:09.953212+00:00
[2025-10-13T22:26:09.976+0000] {processor.py:179} INFO - Processing /opt/airflow/dags/sst_pipeline_dag.py took 0.117 seconds
[2025-10-13T22:26:40.140+0000] {processor.py:157} INFO - Started process (PID=297) to work on /opt/airflow/dags/sst_pipeline_dag.py
[2025-10-13T22:26:40.178+0000] {processor.py:829} INFO - Processing file /opt/airflow/dags/sst_pipeline_dag.py for tasks to queue
[2025-10-13T22:26:40.180+0000] {logging_mixin.py:151} INFO - [2025-10-13T22:26:40.179+0000] {dagbag.py:539} INFO - Filling up the DagBag from /opt/airflow/dags/sst_pipeline_dag.py
[2025-10-13T22:26:40.216+0000] {processor.py:839} INFO - DAG(s) dict_keys(['sst_mozambique_pipeline']) retrieved from /opt/airflow/dags/sst_pipeline_dag.py
[2025-10-13T22:26:40.284+0000] {logging_mixin.py:151} INFO - [2025-10-13T22:26:40.284+0000] {dag.py:2907} INFO - Sync 1 DAGs
[2025-10-13T22:26:40.328+0000] {logging_mixin.py:151} INFO - [2025-10-13T22:26:40.328+0000] {dag.py:3677} INFO - Setting next_dagrun for sst_mozambique_pipeline to 2025-10-12T22:26:40.327709+00:00, run_after=2025-10-13T22:26:40.327709+00:00
[2025-10-13T22:26:40.357+0000] {processor.py:179} INFO - Processing /opt/airflow/dags/sst_pipeline_dag.py took 0.229 seconds
[2025-10-13T22:27:10.542+0000] {processor.py:157} INFO - Started process (PID=302) to work on /opt/airflow/dags/sst_pipeline_dag.py
[2025-10-13T22:27:10.543+0000] {processor.py:829} INFO - Processing file /opt/airflow/dags/sst_pipeline_dag.py for tasks to queue
[2025-10-13T22:27:10.544+0000] {logging_mixin.py:151} INFO - [2025-10-13T22:27:10.544+0000] {dagbag.py:539} INFO - Filling up the DagBag from /opt/airflow/dags/sst_pipeline_dag.py
[2025-10-13T22:27:10.562+0000] {processor.py:839} INFO - DAG(s) dict_keys(['sst_mozambique_pipeline']) retrieved from /opt/airflow/dags/sst_pipeline_dag.py
[2025-10-13T22:27:10.601+0000] {logging_mixin.py:151} INFO - [2025-10-13T22:27:10.601+0000] {dag.py:2907} INFO - Sync 1 DAGs
[2025-10-13T22:27:10.628+0000] {logging_mixin.py:151} INFO - [2025-10-13T22:27:10.628+0000] {dag.py:3677} INFO - Setting next_dagrun for sst_mozambique_pipeline to 2025-10-12T22:27:10.628073+00:00, run_after=2025-10-13T22:27:10.628073+00:00
[2025-10-13T22:27:10.653+0000] {processor.py:179} INFO - Processing /opt/airflow/dags/sst_pipeline_dag.py took 0.117 seconds
[2025-10-13T22:27:40.805+0000] {processor.py:157} INFO - Started process (PID=307) to work on /opt/airflow/dags/sst_pipeline_dag.py
[2025-10-13T22:27:40.822+0000] {processor.py:829} INFO - Processing file /opt/airflow/dags/sst_pipeline_dag.py for tasks to queue
[2025-10-13T22:27:40.823+0000] {logging_mixin.py:151} INFO - [2025-10-13T22:27:40.823+0000] {dagbag.py:539} INFO - Filling up the DagBag from /opt/airflow/dags/sst_pipeline_dag.py
[2025-10-13T22:27:40.841+0000] {processor.py:839} INFO - DAG(s) dict_keys(['sst_mozambique_pipeline']) retrieved from /opt/airflow/dags/sst_pipeline_dag.py
[2025-10-13T22:27:40.879+0000] {logging_mixin.py:151} INFO - [2025-10-13T22:27:40.879+0000] {dag.py:2907} INFO - Sync 1 DAGs
[2025-10-13T22:27:40.916+0000] {logging_mixin.py:151} INFO - [2025-10-13T22:27:40.916+0000] {dag.py:3677} INFO - Setting next_dagrun for sst_mozambique_pipeline to 2025-10-12T22:27:40.915652+00:00, run_after=2025-10-13T22:27:40.915652+00:00
[2025-10-13T22:27:40.945+0000] {processor.py:179} INFO - Processing /opt/airflow/dags/sst_pipeline_dag.py took 0.146 seconds
[2025-10-13T22:28:11.098+0000] {processor.py:157} INFO - Started process (PID=312) to work on /opt/airflow/dags/sst_pipeline_dag.py
[2025-10-13T22:28:11.100+0000] {processor.py:829} INFO - Processing file /opt/airflow/dags/sst_pipeline_dag.py for tasks to queue
[2025-10-13T22:28:11.101+0000] {logging_mixin.py:151} INFO - [2025-10-13T22:28:11.100+0000] {dagbag.py:539} INFO - Filling up the DagBag from /opt/airflow/dags/sst_pipeline_dag.py
[2025-10-13T22:28:11.118+0000] {processor.py:839} INFO - DAG(s) dict_keys(['sst_mozambique_pipeline']) retrieved from /opt/airflow/dags/sst_pipeline_dag.py
[2025-10-13T22:28:11.178+0000] {logging_mixin.py:151} INFO - [2025-10-13T22:28:11.178+0000] {dag.py:2907} INFO - Sync 1 DAGs
[2025-10-13T22:28:11.221+0000] {logging_mixin.py:151} INFO - [2025-10-13T22:28:11.221+0000] {dag.py:3677} INFO - Setting next_dagrun for sst_mozambique_pipeline to 2025-10-12T22:28:11.220440+00:00, run_after=2025-10-13T22:28:11.220440+00:00
[2025-10-13T22:28:11.251+0000] {processor.py:179} INFO - Processing /opt/airflow/dags/sst_pipeline_dag.py took 0.158 seconds
[2025-10-13T22:28:41.406+0000] {processor.py:157} INFO - Started process (PID=317) to work on /opt/airflow/dags/sst_pipeline_dag.py
[2025-10-13T22:28:41.416+0000] {processor.py:829} INFO - Processing file /opt/airflow/dags/sst_pipeline_dag.py for tasks to queue
[2025-10-13T22:28:41.417+0000] {logging_mixin.py:151} INFO - [2025-10-13T22:28:41.416+0000] {dagbag.py:539} INFO - Filling up the DagBag from /opt/airflow/dags/sst_pipeline_dag.py
[2025-10-13T22:28:41.438+0000] {processor.py:839} INFO - DAG(s) dict_keys(['sst_mozambique_pipeline']) retrieved from /opt/airflow/dags/sst_pipeline_dag.py
[2025-10-13T22:28:41.480+0000] {logging_mixin.py:151} INFO - [2025-10-13T22:28:41.480+0000] {dag.py:2907} INFO - Sync 1 DAGs
[2025-10-13T22:28:41.508+0000] {logging_mixin.py:151} INFO - [2025-10-13T22:28:41.508+0000] {dag.py:3677} INFO - Setting next_dagrun for sst_mozambique_pipeline to 2025-10-12T22:28:41.508197+00:00, run_after=2025-10-13T22:28:41.508197+00:00
[2025-10-13T22:28:41.531+0000] {processor.py:179} INFO - Processing /opt/airflow/dags/sst_pipeline_dag.py took 0.130 seconds
[2025-10-13T22:29:11.676+0000] {processor.py:157} INFO - Started process (PID=322) to work on /opt/airflow/dags/sst_pipeline_dag.py
[2025-10-13T22:29:11.677+0000] {processor.py:829} INFO - Processing file /opt/airflow/dags/sst_pipeline_dag.py for tasks to queue
[2025-10-13T22:29:11.678+0000] {logging_mixin.py:151} INFO - [2025-10-13T22:29:11.678+0000] {dagbag.py:539} INFO - Filling up the DagBag from /opt/airflow/dags/sst_pipeline_dag.py
[2025-10-13T22:29:11.697+0000] {processor.py:839} INFO - DAG(s) dict_keys(['sst_mozambique_pipeline']) retrieved from /opt/airflow/dags/sst_pipeline_dag.py
[2025-10-13T22:29:11.738+0000] {logging_mixin.py:151} INFO - [2025-10-13T22:29:11.738+0000] {dag.py:2907} INFO - Sync 1 DAGs
[2025-10-13T22:29:11.766+0000] {logging_mixin.py:151} INFO - [2025-10-13T22:29:11.766+0000] {dag.py:3677} INFO - Setting next_dagrun for sst_mozambique_pipeline to 2025-10-12T22:29:11.766014+00:00, run_after=2025-10-13T22:29:11.766014+00:00
[2025-10-13T22:29:11.790+0000] {processor.py:179} INFO - Processing /opt/airflow/dags/sst_pipeline_dag.py took 0.119 seconds
[2025-10-13T22:29:41.978+0000] {processor.py:157} INFO - Started process (PID=327) to work on /opt/airflow/dags/sst_pipeline_dag.py
[2025-10-13T22:29:41.983+0000] {processor.py:829} INFO - Processing file /opt/airflow/dags/sst_pipeline_dag.py for tasks to queue
[2025-10-13T22:29:41.985+0000] {logging_mixin.py:151} INFO - [2025-10-13T22:29:41.984+0000] {dagbag.py:539} INFO - Filling up the DagBag from /opt/airflow/dags/sst_pipeline_dag.py
[2025-10-13T22:29:42.033+0000] {processor.py:839} INFO - DAG(s) dict_keys(['sst_mozambique_pipeline']) retrieved from /opt/airflow/dags/sst_pipeline_dag.py
[2025-10-13T22:29:42.124+0000] {logging_mixin.py:151} INFO - [2025-10-13T22:29:42.123+0000] {dag.py:2907} INFO - Sync 1 DAGs
[2025-10-13T22:29:42.187+0000] {logging_mixin.py:151} INFO - [2025-10-13T22:29:42.187+0000] {dag.py:3677} INFO - Setting next_dagrun for sst_mozambique_pipeline to 2025-10-12T22:29:42.186406+00:00, run_after=2025-10-13T22:29:42.186406+00:00
[2025-10-13T22:29:42.228+0000] {processor.py:179} INFO - Processing /opt/airflow/dags/sst_pipeline_dag.py took 0.268 seconds
[2025-10-13T22:30:12.465+0000] {processor.py:157} INFO - Started process (PID=332) to work on /opt/airflow/dags/sst_pipeline_dag.py
[2025-10-13T22:30:12.486+0000] {processor.py:829} INFO - Processing file /opt/airflow/dags/sst_pipeline_dag.py for tasks to queue
[2025-10-13T22:30:12.492+0000] {logging_mixin.py:151} INFO - [2025-10-13T22:30:12.489+0000] {dagbag.py:539} INFO - Filling up the DagBag from /opt/airflow/dags/sst_pipeline_dag.py
[2025-10-13T22:30:12.558+0000] {processor.py:839} INFO - DAG(s) dict_keys(['sst_mozambique_pipeline']) retrieved from /opt/airflow/dags/sst_pipeline_dag.py
[2025-10-13T22:30:12.645+0000] {logging_mixin.py:151} INFO - [2025-10-13T22:30:12.644+0000] {dag.py:2907} INFO - Sync 1 DAGs
[2025-10-13T22:30:12.715+0000] {logging_mixin.py:151} INFO - [2025-10-13T22:30:12.714+0000] {dag.py:3677} INFO - Setting next_dagrun for sst_mozambique_pipeline to 2025-10-12T22:30:12.714547+00:00, run_after=2025-10-13T22:30:12.714547+00:00
[2025-10-13T22:30:12.744+0000] {processor.py:179} INFO - Processing /opt/airflow/dags/sst_pipeline_dag.py took 0.299 seconds
[2025-10-13T22:30:42.911+0000] {processor.py:157} INFO - Started process (PID=337) to work on /opt/airflow/dags/sst_pipeline_dag.py
[2025-10-13T22:30:42.913+0000] {processor.py:829} INFO - Processing file /opt/airflow/dags/sst_pipeline_dag.py for tasks to queue
[2025-10-13T22:30:42.914+0000] {logging_mixin.py:151} INFO - [2025-10-13T22:30:42.913+0000] {dagbag.py:539} INFO - Filling up the DagBag from /opt/airflow/dags/sst_pipeline_dag.py
[2025-10-13T22:30:42.947+0000] {processor.py:839} INFO - DAG(s) dict_keys(['sst_mozambique_pipeline']) retrieved from /opt/airflow/dags/sst_pipeline_dag.py
[2025-10-13T22:30:42.993+0000] {logging_mixin.py:151} INFO - [2025-10-13T22:30:42.993+0000] {dag.py:2907} INFO - Sync 1 DAGs
[2025-10-13T22:30:43.036+0000] {logging_mixin.py:151} INFO - [2025-10-13T22:30:43.036+0000] {dag.py:3677} INFO - Setting next_dagrun for sst_mozambique_pipeline to 2025-10-12T22:30:43.035917+00:00, run_after=2025-10-13T22:30:43.035917+00:00
[2025-10-13T22:30:43.066+0000] {processor.py:179} INFO - Processing /opt/airflow/dags/sst_pipeline_dag.py took 0.161 seconds
[2025-10-13T22:31:13.226+0000] {processor.py:157} INFO - Started process (PID=342) to work on /opt/airflow/dags/sst_pipeline_dag.py
[2025-10-13T22:31:13.229+0000] {processor.py:829} INFO - Processing file /opt/airflow/dags/sst_pipeline_dag.py for tasks to queue
[2025-10-13T22:31:13.230+0000] {logging_mixin.py:151} INFO - [2025-10-13T22:31:13.229+0000] {dagbag.py:539} INFO - Filling up the DagBag from /opt/airflow/dags/sst_pipeline_dag.py
[2025-10-13T22:31:13.247+0000] {processor.py:839} INFO - DAG(s) dict_keys(['sst_mozambique_pipeline']) retrieved from /opt/airflow/dags/sst_pipeline_dag.py
[2025-10-13T22:31:13.287+0000] {logging_mixin.py:151} INFO - [2025-10-13T22:31:13.286+0000] {dag.py:2907} INFO - Sync 1 DAGs
[2025-10-13T22:31:13.317+0000] {logging_mixin.py:151} INFO - [2025-10-13T22:31:13.317+0000] {dag.py:3677} INFO - Setting next_dagrun for sst_mozambique_pipeline to 2025-10-12T22:31:13.316655+00:00, run_after=2025-10-13T22:31:13.316655+00:00
[2025-10-13T22:31:13.348+0000] {processor.py:179} INFO - Processing /opt/airflow/dags/sst_pipeline_dag.py took 0.127 seconds
[2025-10-13T22:31:43.495+0000] {processor.py:157} INFO - Started process (PID=347) to work on /opt/airflow/dags/sst_pipeline_dag.py
[2025-10-13T22:31:43.507+0000] {processor.py:829} INFO - Processing file /opt/airflow/dags/sst_pipeline_dag.py for tasks to queue
[2025-10-13T22:31:43.508+0000] {logging_mixin.py:151} INFO - [2025-10-13T22:31:43.508+0000] {dagbag.py:539} INFO - Filling up the DagBag from /opt/airflow/dags/sst_pipeline_dag.py
[2025-10-13T22:31:43.527+0000] {processor.py:839} INFO - DAG(s) dict_keys(['sst_mozambique_pipeline']) retrieved from /opt/airflow/dags/sst_pipeline_dag.py
[2025-10-13T22:31:43.565+0000] {logging_mixin.py:151} INFO - [2025-10-13T22:31:43.565+0000] {dag.py:2907} INFO - Sync 1 DAGs
[2025-10-13T22:31:43.594+0000] {logging_mixin.py:151} INFO - [2025-10-13T22:31:43.594+0000] {dag.py:3677} INFO - Setting next_dagrun for sst_mozambique_pipeline to 2025-10-12T22:31:43.594129+00:00, run_after=2025-10-13T22:31:43.594129+00:00
[2025-10-13T22:31:43.616+0000] {processor.py:179} INFO - Processing /opt/airflow/dags/sst_pipeline_dag.py took 0.128 seconds
[2025-10-13T22:32:13.773+0000] {processor.py:157} INFO - Started process (PID=352) to work on /opt/airflow/dags/sst_pipeline_dag.py
[2025-10-13T22:32:13.782+0000] {processor.py:829} INFO - Processing file /opt/airflow/dags/sst_pipeline_dag.py for tasks to queue
[2025-10-13T22:32:13.783+0000] {logging_mixin.py:151} INFO - [2025-10-13T22:32:13.783+0000] {dagbag.py:539} INFO - Filling up the DagBag from /opt/airflow/dags/sst_pipeline_dag.py
[2025-10-13T22:32:13.801+0000] {processor.py:839} INFO - DAG(s) dict_keys(['sst_mozambique_pipeline']) retrieved from /opt/airflow/dags/sst_pipeline_dag.py
[2025-10-13T22:32:13.840+0000] {logging_mixin.py:151} INFO - [2025-10-13T22:32:13.840+0000] {dag.py:2907} INFO - Sync 1 DAGs
[2025-10-13T22:32:13.870+0000] {logging_mixin.py:151} INFO - [2025-10-13T22:32:13.870+0000] {dag.py:3677} INFO - Setting next_dagrun for sst_mozambique_pipeline to 2025-10-12T22:32:13.870249+00:00, run_after=2025-10-13T22:32:13.870249+00:00
[2025-10-13T22:32:13.896+0000] {processor.py:179} INFO - Processing /opt/airflow/dags/sst_pipeline_dag.py took 0.128 seconds
[2025-10-13T22:32:44.085+0000] {processor.py:157} INFO - Started process (PID=357) to work on /opt/airflow/dags/sst_pipeline_dag.py
[2025-10-13T22:32:44.088+0000] {processor.py:829} INFO - Processing file /opt/airflow/dags/sst_pipeline_dag.py for tasks to queue
[2025-10-13T22:32:44.090+0000] {logging_mixin.py:151} INFO - [2025-10-13T22:32:44.089+0000] {dagbag.py:539} INFO - Filling up the DagBag from /opt/airflow/dags/sst_pipeline_dag.py
[2025-10-13T22:32:44.128+0000] {processor.py:839} INFO - DAG(s) dict_keys(['sst_mozambique_pipeline']) retrieved from /opt/airflow/dags/sst_pipeline_dag.py
[2025-10-13T22:32:44.217+0000] {logging_mixin.py:151} INFO - [2025-10-13T22:32:44.216+0000] {dag.py:2907} INFO - Sync 1 DAGs
[2025-10-13T22:32:44.263+0000] {logging_mixin.py:151} INFO - [2025-10-13T22:32:44.263+0000] {dag.py:3677} INFO - Setting next_dagrun for sst_mozambique_pipeline to 2025-10-12T22:32:44.262681+00:00, run_after=2025-10-13T22:32:44.262681+00:00
[2025-10-13T22:32:44.295+0000] {processor.py:179} INFO - Processing /opt/airflow/dags/sst_pipeline_dag.py took 0.216 seconds
[2025-10-13T22:33:14.455+0000] {processor.py:157} INFO - Started process (PID=362) to work on /opt/airflow/dags/sst_pipeline_dag.py
[2025-10-13T22:33:14.471+0000] {processor.py:829} INFO - Processing file /opt/airflow/dags/sst_pipeline_dag.py for tasks to queue
[2025-10-13T22:33:14.474+0000] {logging_mixin.py:151} INFO - [2025-10-13T22:33:14.473+0000] {dagbag.py:539} INFO - Filling up the DagBag from /opt/airflow/dags/sst_pipeline_dag.py
[2025-10-13T22:33:14.511+0000] {processor.py:839} INFO - DAG(s) dict_keys(['sst_mozambique_pipeline']) retrieved from /opt/airflow/dags/sst_pipeline_dag.py
[2025-10-13T22:33:14.579+0000] {logging_mixin.py:151} INFO - [2025-10-13T22:33:14.579+0000] {dag.py:2907} INFO - Sync 1 DAGs
[2025-10-13T22:33:14.622+0000] {logging_mixin.py:151} INFO - [2025-10-13T22:33:14.621+0000] {dag.py:3677} INFO - Setting next_dagrun for sst_mozambique_pipeline to 2025-10-12T22:33:14.621166+00:00, run_after=2025-10-13T22:33:14.621166+00:00
[2025-10-13T22:33:14.652+0000] {processor.py:179} INFO - Processing /opt/airflow/dags/sst_pipeline_dag.py took 0.206 seconds
[2025-10-13T22:33:44.818+0000] {processor.py:157} INFO - Started process (PID=367) to work on /opt/airflow/dags/sst_pipeline_dag.py
[2025-10-13T22:33:44.893+0000] {processor.py:829} INFO - Processing file /opt/airflow/dags/sst_pipeline_dag.py for tasks to queue
[2025-10-13T22:33:44.895+0000] {logging_mixin.py:151} INFO - [2025-10-13T22:33:44.894+0000] {dagbag.py:539} INFO - Filling up the DagBag from /opt/airflow/dags/sst_pipeline_dag.py
[2025-10-13T22:33:44.912+0000] {processor.py:839} INFO - DAG(s) dict_keys(['sst_mozambique_pipeline']) retrieved from /opt/airflow/dags/sst_pipeline_dag.py
[2025-10-13T22:33:44.952+0000] {logging_mixin.py:151} INFO - [2025-10-13T22:33:44.952+0000] {dag.py:2907} INFO - Sync 1 DAGs
[2025-10-13T22:33:44.980+0000] {logging_mixin.py:151} INFO - [2025-10-13T22:33:44.979+0000] {dag.py:3677} INFO - Setting next_dagrun for sst_mozambique_pipeline to 2025-10-12T22:33:44.979557+00:00, run_after=2025-10-13T22:33:44.979557+00:00
[2025-10-13T22:33:45.004+0000] {processor.py:179} INFO - Processing /opt/airflow/dags/sst_pipeline_dag.py took 0.191 seconds
[2025-10-13T22:34:15.156+0000] {processor.py:157} INFO - Started process (PID=372) to work on /opt/airflow/dags/sst_pipeline_dag.py
[2025-10-13T22:34:15.200+0000] {processor.py:829} INFO - Processing file /opt/airflow/dags/sst_pipeline_dag.py for tasks to queue
[2025-10-13T22:34:15.201+0000] {logging_mixin.py:151} INFO - [2025-10-13T22:34:15.201+0000] {dagbag.py:539} INFO - Filling up the DagBag from /opt/airflow/dags/sst_pipeline_dag.py
[2025-10-13T22:34:15.219+0000] {processor.py:839} INFO - DAG(s) dict_keys(['sst_mozambique_pipeline']) retrieved from /opt/airflow/dags/sst_pipeline_dag.py
[2025-10-13T22:34:15.260+0000] {logging_mixin.py:151} INFO - [2025-10-13T22:34:15.260+0000] {dag.py:2907} INFO - Sync 1 DAGs
[2025-10-13T22:34:15.289+0000] {logging_mixin.py:151} INFO - [2025-10-13T22:34:15.289+0000] {dag.py:3677} INFO - Setting next_dagrun for sst_mozambique_pipeline to 2025-10-12T22:34:15.289249+00:00, run_after=2025-10-13T22:34:15.289249+00:00
[2025-10-13T22:34:15.313+0000] {processor.py:179} INFO - Processing /opt/airflow/dags/sst_pipeline_dag.py took 0.162 seconds
[2025-10-13T22:34:45.462+0000] {processor.py:157} INFO - Started process (PID=377) to work on /opt/airflow/dags/sst_pipeline_dag.py
[2025-10-13T22:34:45.479+0000] {processor.py:829} INFO - Processing file /opt/airflow/dags/sst_pipeline_dag.py for tasks to queue
[2025-10-13T22:34:45.481+0000] {logging_mixin.py:151} INFO - [2025-10-13T22:34:45.480+0000] {dagbag.py:539} INFO - Filling up the DagBag from /opt/airflow/dags/sst_pipeline_dag.py
[2025-10-13T22:34:45.499+0000] {processor.py:839} INFO - DAG(s) dict_keys(['sst_mozambique_pipeline']) retrieved from /opt/airflow/dags/sst_pipeline_dag.py
[2025-10-13T22:34:45.543+0000] {logging_mixin.py:151} INFO - [2025-10-13T22:34:45.543+0000] {dag.py:2907} INFO - Sync 1 DAGs
[2025-10-13T22:34:45.574+0000] {logging_mixin.py:151} INFO - [2025-10-13T22:34:45.574+0000] {dag.py:3677} INFO - Setting next_dagrun for sst_mozambique_pipeline to 2025-10-12T22:34:45.573830+00:00, run_after=2025-10-13T22:34:45.573830+00:00
[2025-10-13T22:34:45.598+0000] {processor.py:179} INFO - Processing /opt/airflow/dags/sst_pipeline_dag.py took 0.141 seconds
[2025-10-13T22:35:15.744+0000] {processor.py:157} INFO - Started process (PID=382) to work on /opt/airflow/dags/sst_pipeline_dag.py
[2025-10-13T22:35:15.746+0000] {processor.py:829} INFO - Processing file /opt/airflow/dags/sst_pipeline_dag.py for tasks to queue
[2025-10-13T22:35:15.747+0000] {logging_mixin.py:151} INFO - [2025-10-13T22:35:15.747+0000] {dagbag.py:539} INFO - Filling up the DagBag from /opt/airflow/dags/sst_pipeline_dag.py
[2025-10-13T22:35:15.765+0000] {processor.py:839} INFO - DAG(s) dict_keys(['sst_mozambique_pipeline']) retrieved from /opt/airflow/dags/sst_pipeline_dag.py
[2025-10-13T22:35:15.806+0000] {logging_mixin.py:151} INFO - [2025-10-13T22:35:15.806+0000] {dag.py:2907} INFO - Sync 1 DAGs
[2025-10-13T22:35:15.835+0000] {logging_mixin.py:151} INFO - [2025-10-13T22:35:15.835+0000] {dag.py:3677} INFO - Setting next_dagrun for sst_mozambique_pipeline to 2025-10-12T22:35:15.834710+00:00, run_after=2025-10-13T22:35:15.834710+00:00
[2025-10-13T22:35:15.857+0000] {processor.py:179} INFO - Processing /opt/airflow/dags/sst_pipeline_dag.py took 0.119 seconds
[2025-10-13T22:35:46.003+0000] {processor.py:157} INFO - Started process (PID=387) to work on /opt/airflow/dags/sst_pipeline_dag.py
[2025-10-13T22:35:46.045+0000] {processor.py:829} INFO - Processing file /opt/airflow/dags/sst_pipeline_dag.py for tasks to queue
[2025-10-13T22:35:46.046+0000] {logging_mixin.py:151} INFO - [2025-10-13T22:35:46.046+0000] {dagbag.py:539} INFO - Filling up the DagBag from /opt/airflow/dags/sst_pipeline_dag.py
[2025-10-13T22:35:46.066+0000] {processor.py:839} INFO - DAG(s) dict_keys(['sst_mozambique_pipeline']) retrieved from /opt/airflow/dags/sst_pipeline_dag.py
[2025-10-13T22:35:46.109+0000] {logging_mixin.py:151} INFO - [2025-10-13T22:35:46.109+0000] {dag.py:2907} INFO - Sync 1 DAGs
[2025-10-13T22:35:46.139+0000] {logging_mixin.py:151} INFO - [2025-10-13T22:35:46.139+0000] {dag.py:3677} INFO - Setting next_dagrun for sst_mozambique_pipeline to 2025-10-12T22:35:46.138772+00:00, run_after=2025-10-13T22:35:46.138772+00:00
[2025-10-13T22:35:46.165+0000] {processor.py:179} INFO - Processing /opt/airflow/dags/sst_pipeline_dag.py took 0.168 seconds
[2025-10-13T22:36:16.324+0000] {processor.py:157} INFO - Started process (PID=392) to work on /opt/airflow/dags/sst_pipeline_dag.py
[2025-10-13T22:36:16.359+0000] {processor.py:829} INFO - Processing file /opt/airflow/dags/sst_pipeline_dag.py for tasks to queue
[2025-10-13T22:36:16.361+0000] {logging_mixin.py:151} INFO - [2025-10-13T22:36:16.360+0000] {dagbag.py:539} INFO - Filling up the DagBag from /opt/airflow/dags/sst_pipeline_dag.py
[2025-10-13T22:36:16.379+0000] {processor.py:839} INFO - DAG(s) dict_keys(['sst_mozambique_pipeline']) retrieved from /opt/airflow/dags/sst_pipeline_dag.py
[2025-10-13T22:36:16.419+0000] {logging_mixin.py:151} INFO - [2025-10-13T22:36:16.418+0000] {dag.py:2907} INFO - Sync 1 DAGs
[2025-10-13T22:36:16.456+0000] {logging_mixin.py:151} INFO - [2025-10-13T22:36:16.455+0000] {dag.py:3677} INFO - Setting next_dagrun for sst_mozambique_pipeline to 2025-10-12T22:36:16.455410+00:00, run_after=2025-10-13T22:36:16.455410+00:00
[2025-10-13T22:36:16.481+0000] {processor.py:179} INFO - Processing /opt/airflow/dags/sst_pipeline_dag.py took 0.163 seconds
[2025-10-13T22:36:46.633+0000] {processor.py:157} INFO - Started process (PID=397) to work on /opt/airflow/dags/sst_pipeline_dag.py
[2025-10-13T22:36:46.688+0000] {processor.py:829} INFO - Processing file /opt/airflow/dags/sst_pipeline_dag.py for tasks to queue
[2025-10-13T22:36:46.690+0000] {logging_mixin.py:151} INFO - [2025-10-13T22:36:46.689+0000] {dagbag.py:539} INFO - Filling up the DagBag from /opt/airflow/dags/sst_pipeline_dag.py
[2025-10-13T22:36:46.708+0000] {processor.py:839} INFO - DAG(s) dict_keys(['sst_mozambique_pipeline']) retrieved from /opt/airflow/dags/sst_pipeline_dag.py
[2025-10-13T22:36:46.747+0000] {logging_mixin.py:151} INFO - [2025-10-13T22:36:46.747+0000] {dag.py:2907} INFO - Sync 1 DAGs
[2025-10-13T22:36:46.783+0000] {logging_mixin.py:151} INFO - [2025-10-13T22:36:46.782+0000] {dag.py:3677} INFO - Setting next_dagrun for sst_mozambique_pipeline to 2025-10-12T22:36:46.782085+00:00, run_after=2025-10-13T22:36:46.782085+00:00
[2025-10-13T22:36:46.812+0000] {processor.py:179} INFO - Processing /opt/airflow/dags/sst_pipeline_dag.py took 0.184 seconds
[2025-10-13T22:37:16.965+0000] {processor.py:157} INFO - Started process (PID=402) to work on /opt/airflow/dags/sst_pipeline_dag.py
[2025-10-13T22:37:16.966+0000] {processor.py:829} INFO - Processing file /opt/airflow/dags/sst_pipeline_dag.py for tasks to queue
[2025-10-13T22:37:16.967+0000] {logging_mixin.py:151} INFO - [2025-10-13T22:37:16.967+0000] {dagbag.py:539} INFO - Filling up the DagBag from /opt/airflow/dags/sst_pipeline_dag.py
[2025-10-13T22:37:16.986+0000] {processor.py:839} INFO - DAG(s) dict_keys(['sst_mozambique_pipeline']) retrieved from /opt/airflow/dags/sst_pipeline_dag.py
[2025-10-13T22:37:17.025+0000] {logging_mixin.py:151} INFO - [2025-10-13T22:37:17.024+0000] {dag.py:2907} INFO - Sync 1 DAGs
[2025-10-13T22:37:17.053+0000] {logging_mixin.py:151} INFO - [2025-10-13T22:37:17.053+0000] {dag.py:3677} INFO - Setting next_dagrun for sst_mozambique_pipeline to 2025-10-12T22:37:17.053277+00:00, run_after=2025-10-13T22:37:17.053277+00:00
[2025-10-13T22:37:17.077+0000] {processor.py:179} INFO - Processing /opt/airflow/dags/sst_pipeline_dag.py took 0.118 seconds
[2025-10-13T22:37:47.229+0000] {processor.py:157} INFO - Started process (PID=407) to work on /opt/airflow/dags/sst_pipeline_dag.py
[2025-10-13T22:37:47.241+0000] {processor.py:829} INFO - Processing file /opt/airflow/dags/sst_pipeline_dag.py for tasks to queue
[2025-10-13T22:37:47.243+0000] {logging_mixin.py:151} INFO - [2025-10-13T22:37:47.242+0000] {dagbag.py:539} INFO - Filling up the DagBag from /opt/airflow/dags/sst_pipeline_dag.py
[2025-10-13T22:37:47.261+0000] {processor.py:839} INFO - DAG(s) dict_keys(['sst_mozambique_pipeline']) retrieved from /opt/airflow/dags/sst_pipeline_dag.py
[2025-10-13T22:37:47.302+0000] {logging_mixin.py:151} INFO - [2025-10-13T22:37:47.302+0000] {dag.py:2907} INFO - Sync 1 DAGs
[2025-10-13T22:37:47.330+0000] {logging_mixin.py:151} INFO - [2025-10-13T22:37:47.330+0000] {dag.py:3677} INFO - Setting next_dagrun for sst_mozambique_pipeline to 2025-10-12T22:37:47.329987+00:00, run_after=2025-10-13T22:37:47.329987+00:00
[2025-10-13T22:37:47.352+0000] {processor.py:179} INFO - Processing /opt/airflow/dags/sst_pipeline_dag.py took 0.128 seconds
[2025-10-13T22:38:17.387+0000] {processor.py:157} INFO - Started process (PID=412) to work on /opt/airflow/dags/sst_pipeline_dag.py
[2025-10-13T22:38:17.418+0000] {processor.py:829} INFO - Processing file /opt/airflow/dags/sst_pipeline_dag.py for tasks to queue
[2025-10-13T22:38:17.420+0000] {logging_mixin.py:151} INFO - [2025-10-13T22:38:17.419+0000] {dagbag.py:539} INFO - Filling up the DagBag from /opt/airflow/dags/sst_pipeline_dag.py
[2025-10-13T22:38:17.438+0000] {processor.py:839} INFO - DAG(s) dict_keys(['sst_mozambique_pipeline']) retrieved from /opt/airflow/dags/sst_pipeline_dag.py
[2025-10-13T22:38:17.483+0000] {logging_mixin.py:151} INFO - [2025-10-13T22:38:17.483+0000] {dag.py:2907} INFO - Sync 1 DAGs
[2025-10-13T22:38:17.513+0000] {logging_mixin.py:151} INFO - [2025-10-13T22:38:17.513+0000] {dag.py:3677} INFO - Setting next_dagrun for sst_mozambique_pipeline to 2025-10-12T22:38:17.513050+00:00, run_after=2025-10-13T22:38:17.513050+00:00
[2025-10-13T22:38:17.536+0000] {processor.py:179} INFO - Processing /opt/airflow/dags/sst_pipeline_dag.py took 0.155 seconds
[2025-10-13T22:38:47.631+0000] {processor.py:157} INFO - Started process (PID=417) to work on /opt/airflow/dags/sst_pipeline_dag.py
[2025-10-13T22:38:47.667+0000] {processor.py:829} INFO - Processing file /opt/airflow/dags/sst_pipeline_dag.py for tasks to queue
[2025-10-13T22:38:47.668+0000] {logging_mixin.py:151} INFO - [2025-10-13T22:38:47.668+0000] {dagbag.py:539} INFO - Filling up the DagBag from /opt/airflow/dags/sst_pipeline_dag.py
[2025-10-13T22:38:47.686+0000] {processor.py:839} INFO - DAG(s) dict_keys(['sst_mozambique_pipeline']) retrieved from /opt/airflow/dags/sst_pipeline_dag.py
[2025-10-13T22:38:47.725+0000] {logging_mixin.py:151} INFO - [2025-10-13T22:38:47.724+0000] {dag.py:2907} INFO - Sync 1 DAGs
[2025-10-13T22:38:47.754+0000] {logging_mixin.py:151} INFO - [2025-10-13T22:38:47.754+0000] {dag.py:3677} INFO - Setting next_dagrun for sst_mozambique_pipeline to 2025-10-12T22:38:47.754252+00:00, run_after=2025-10-13T22:38:47.754252+00:00
[2025-10-13T22:38:47.783+0000] {processor.py:179} INFO - Processing /opt/airflow/dags/sst_pipeline_dag.py took 0.158 seconds
[2025-10-13T22:39:17.820+0000] {processor.py:157} INFO - Started process (PID=422) to work on /opt/airflow/dags/sst_pipeline_dag.py
[2025-10-13T22:39:17.856+0000] {processor.py:829} INFO - Processing file /opt/airflow/dags/sst_pipeline_dag.py for tasks to queue
[2025-10-13T22:39:17.858+0000] {logging_mixin.py:151} INFO - [2025-10-13T22:39:17.857+0000] {dagbag.py:539} INFO - Filling up the DagBag from /opt/airflow/dags/sst_pipeline_dag.py
[2025-10-13T22:39:17.878+0000] {processor.py:839} INFO - DAG(s) dict_keys(['sst_mozambique_pipeline']) retrieved from /opt/airflow/dags/sst_pipeline_dag.py
[2025-10-13T22:39:17.924+0000] {logging_mixin.py:151} INFO - [2025-10-13T22:39:17.924+0000] {dag.py:2907} INFO - Sync 1 DAGs
[2025-10-13T22:39:17.970+0000] {logging_mixin.py:151} INFO - [2025-10-13T22:39:17.970+0000] {dag.py:3677} INFO - Setting next_dagrun for sst_mozambique_pipeline to 2025-10-12T22:39:17.969398+00:00, run_after=2025-10-13T22:39:17.969398+00:00
[2025-10-13T22:39:18.001+0000] {processor.py:179} INFO - Processing /opt/airflow/dags/sst_pipeline_dag.py took 0.187 seconds
[2025-10-13T22:39:48.071+0000] {processor.py:157} INFO - Started process (PID=427) to work on /opt/airflow/dags/sst_pipeline_dag.py
[2025-10-13T22:39:48.104+0000] {processor.py:829} INFO - Processing file /opt/airflow/dags/sst_pipeline_dag.py for tasks to queue
[2025-10-13T22:39:48.106+0000] {logging_mixin.py:151} INFO - [2025-10-13T22:39:48.105+0000] {dagbag.py:539} INFO - Filling up the DagBag from /opt/airflow/dags/sst_pipeline_dag.py
[2025-10-13T22:39:48.124+0000] {processor.py:839} INFO - DAG(s) dict_keys(['sst_mozambique_pipeline']) retrieved from /opt/airflow/dags/sst_pipeline_dag.py
[2025-10-13T22:39:48.166+0000] {logging_mixin.py:151} INFO - [2025-10-13T22:39:48.166+0000] {dag.py:2907} INFO - Sync 1 DAGs
[2025-10-13T22:39:48.207+0000] {logging_mixin.py:151} INFO - [2025-10-13T22:39:48.206+0000] {dag.py:3677} INFO - Setting next_dagrun for sst_mozambique_pipeline to 2025-10-12T22:39:48.206344+00:00, run_after=2025-10-13T22:39:48.206344+00:00
[2025-10-13T22:39:48.236+0000] {processor.py:179} INFO - Processing /opt/airflow/dags/sst_pipeline_dag.py took 0.170 seconds
[2025-10-13T22:40:18.298+0000] {processor.py:157} INFO - Started process (PID=432) to work on /opt/airflow/dags/sst_pipeline_dag.py
[2025-10-13T22:40:18.327+0000] {processor.py:829} INFO - Processing file /opt/airflow/dags/sst_pipeline_dag.py for tasks to queue
[2025-10-13T22:40:18.329+0000] {logging_mixin.py:151} INFO - [2025-10-13T22:40:18.328+0000] {dagbag.py:539} INFO - Filling up the DagBag from /opt/airflow/dags/sst_pipeline_dag.py
[2025-10-13T22:40:18.348+0000] {processor.py:839} INFO - DAG(s) dict_keys(['sst_mozambique_pipeline']) retrieved from /opt/airflow/dags/sst_pipeline_dag.py
[2025-10-13T22:40:18.397+0000] {logging_mixin.py:151} INFO - [2025-10-13T22:40:18.396+0000] {dag.py:2907} INFO - Sync 1 DAGs
[2025-10-13T22:40:18.432+0000] {logging_mixin.py:151} INFO - [2025-10-13T22:40:18.432+0000] {dag.py:3677} INFO - Setting next_dagrun for sst_mozambique_pipeline to 2025-10-12T22:40:18.431669+00:00, run_after=2025-10-13T22:40:18.431669+00:00
[2025-10-13T22:40:18.458+0000] {processor.py:179} INFO - Processing /opt/airflow/dags/sst_pipeline_dag.py took 0.165 seconds
[2025-10-13T22:40:48.520+0000] {processor.py:157} INFO - Started process (PID=437) to work on /opt/airflow/dags/sst_pipeline_dag.py
[2025-10-13T22:40:48.593+0000] {processor.py:829} INFO - Processing file /opt/airflow/dags/sst_pipeline_dag.py for tasks to queue
[2025-10-13T22:40:48.594+0000] {logging_mixin.py:151} INFO - [2025-10-13T22:40:48.594+0000] {dagbag.py:539} INFO - Filling up the DagBag from /opt/airflow/dags/sst_pipeline_dag.py
[2025-10-13T22:40:48.613+0000] {processor.py:839} INFO - DAG(s) dict_keys(['sst_mozambique_pipeline']) retrieved from /opt/airflow/dags/sst_pipeline_dag.py
[2025-10-13T22:40:48.654+0000] {logging_mixin.py:151} INFO - [2025-10-13T22:40:48.654+0000] {dag.py:2907} INFO - Sync 1 DAGs
[2025-10-13T22:40:48.686+0000] {logging_mixin.py:151} INFO - [2025-10-13T22:40:48.686+0000] {dag.py:3677} INFO - Setting next_dagrun for sst_mozambique_pipeline to 2025-10-12T22:40:48.685728+00:00, run_after=2025-10-13T22:40:48.685728+00:00
[2025-10-13T22:40:48.708+0000] {processor.py:179} INFO - Processing /opt/airflow/dags/sst_pipeline_dag.py took 0.195 seconds
[2025-10-13T22:41:18.745+0000] {processor.py:157} INFO - Started process (PID=442) to work on /opt/airflow/dags/sst_pipeline_dag.py
[2025-10-13T22:41:18.746+0000] {processor.py:829} INFO - Processing file /opt/airflow/dags/sst_pipeline_dag.py for tasks to queue
[2025-10-13T22:41:18.747+0000] {logging_mixin.py:151} INFO - [2025-10-13T22:41:18.746+0000] {dagbag.py:539} INFO - Filling up the DagBag from /opt/airflow/dags/sst_pipeline_dag.py
[2025-10-13T22:41:18.764+0000] {processor.py:839} INFO - DAG(s) dict_keys(['sst_mozambique_pipeline']) retrieved from /opt/airflow/dags/sst_pipeline_dag.py
[2025-10-13T22:41:18.807+0000] {logging_mixin.py:151} INFO - [2025-10-13T22:41:18.807+0000] {dag.py:2907} INFO - Sync 1 DAGs
[2025-10-13T22:41:18.837+0000] {logging_mixin.py:151} INFO - [2025-10-13T22:41:18.837+0000] {dag.py:3677} INFO - Setting next_dagrun for sst_mozambique_pipeline to 2025-10-12T22:41:18.836701+00:00, run_after=2025-10-13T22:41:18.836701+00:00
[2025-10-13T22:41:18.859+0000] {processor.py:179} INFO - Processing /opt/airflow/dags/sst_pipeline_dag.py took 0.119 seconds
[2025-10-13T22:41:48.996+0000] {processor.py:157} INFO - Started process (PID=447) to work on /opt/airflow/dags/sst_pipeline_dag.py
[2025-10-13T22:41:48.998+0000] {processor.py:829} INFO - Processing file /opt/airflow/dags/sst_pipeline_dag.py for tasks to queue
[2025-10-13T22:41:48.999+0000] {logging_mixin.py:151} INFO - [2025-10-13T22:41:48.998+0000] {dagbag.py:539} INFO - Filling up the DagBag from /opt/airflow/dags/sst_pipeline_dag.py
[2025-10-13T22:41:49.016+0000] {processor.py:839} INFO - DAG(s) dict_keys(['sst_mozambique_pipeline']) retrieved from /opt/airflow/dags/sst_pipeline_dag.py
[2025-10-13T22:41:49.054+0000] {logging_mixin.py:151} INFO - [2025-10-13T22:41:49.053+0000] {dag.py:2907} INFO - Sync 1 DAGs
[2025-10-13T22:41:49.084+0000] {logging_mixin.py:151} INFO - [2025-10-13T22:41:49.084+0000] {dag.py:3677} INFO - Setting next_dagrun for sst_mozambique_pipeline to 2025-10-12T22:41:49.083866+00:00, run_after=2025-10-13T22:41:49.083866+00:00
[2025-10-13T22:41:49.113+0000] {processor.py:179} INFO - Processing /opt/airflow/dags/sst_pipeline_dag.py took 0.123 seconds
[2025-10-13T22:42:19.173+0000] {processor.py:157} INFO - Started process (PID=452) to work on /opt/airflow/dags/sst_pipeline_dag.py
[2025-10-13T22:42:19.175+0000] {processor.py:829} INFO - Processing file /opt/airflow/dags/sst_pipeline_dag.py for tasks to queue
[2025-10-13T22:42:19.178+0000] {logging_mixin.py:151} INFO - [2025-10-13T22:42:19.177+0000] {dagbag.py:539} INFO - Filling up the DagBag from /opt/airflow/dags/sst_pipeline_dag.py
[2025-10-13T22:42:19.209+0000] {processor.py:839} INFO - DAG(s) dict_keys(['sst_mozambique_pipeline']) retrieved from /opt/airflow/dags/sst_pipeline_dag.py
[2025-10-13T22:42:19.284+0000] {logging_mixin.py:151} INFO - [2025-10-13T22:42:19.283+0000] {dag.py:2907} INFO - Sync 1 DAGs
[2025-10-13T22:42:19.350+0000] {logging_mixin.py:151} INFO - [2025-10-13T22:42:19.349+0000] {dag.py:3677} INFO - Setting next_dagrun for sst_mozambique_pipeline to 2025-10-12T22:42:19.348431+00:00, run_after=2025-10-13T22:42:19.348431+00:00
[2025-10-13T22:42:19.405+0000] {processor.py:179} INFO - Processing /opt/airflow/dags/sst_pipeline_dag.py took 0.242 seconds
[2025-10-13T22:42:49.561+0000] {processor.py:157} INFO - Started process (PID=457) to work on /opt/airflow/dags/sst_pipeline_dag.py
[2025-10-13T22:42:49.563+0000] {processor.py:829} INFO - Processing file /opt/airflow/dags/sst_pipeline_dag.py for tasks to queue
[2025-10-13T22:42:49.564+0000] {logging_mixin.py:151} INFO - [2025-10-13T22:42:49.564+0000] {dagbag.py:539} INFO - Filling up the DagBag from /opt/airflow/dags/sst_pipeline_dag.py
[2025-10-13T22:42:49.583+0000] {processor.py:839} INFO - DAG(s) dict_keys(['sst_mozambique_pipeline']) retrieved from /opt/airflow/dags/sst_pipeline_dag.py
[2025-10-13T22:42:49.622+0000] {logging_mixin.py:151} INFO - [2025-10-13T22:42:49.621+0000] {dag.py:2907} INFO - Sync 1 DAGs
[2025-10-13T22:42:49.652+0000] {logging_mixin.py:151} INFO - [2025-10-13T22:42:49.651+0000] {dag.py:3677} INFO - Setting next_dagrun for sst_mozambique_pipeline to 2025-10-12T22:42:49.651340+00:00, run_after=2025-10-13T22:42:49.651340+00:00
[2025-10-13T22:42:49.681+0000] {processor.py:179} INFO - Processing /opt/airflow/dags/sst_pipeline_dag.py took 0.125 seconds
[2025-10-13T22:43:19.729+0000] {processor.py:157} INFO - Started process (PID=462) to work on /opt/airflow/dags/sst_pipeline_dag.py
[2025-10-13T22:43:19.731+0000] {processor.py:829} INFO - Processing file /opt/airflow/dags/sst_pipeline_dag.py for tasks to queue
[2025-10-13T22:43:19.732+0000] {logging_mixin.py:151} INFO - [2025-10-13T22:43:19.731+0000] {dagbag.py:539} INFO - Filling up the DagBag from /opt/airflow/dags/sst_pipeline_dag.py
[2025-10-13T22:43:19.750+0000] {processor.py:839} INFO - DAG(s) dict_keys(['sst_mozambique_pipeline']) retrieved from /opt/airflow/dags/sst_pipeline_dag.py
[2025-10-13T22:43:19.791+0000] {logging_mixin.py:151} INFO - [2025-10-13T22:43:19.790+0000] {dag.py:2907} INFO - Sync 1 DAGs
[2025-10-13T22:43:19.820+0000] {logging_mixin.py:151} INFO - [2025-10-13T22:43:19.820+0000] {dag.py:3677} INFO - Setting next_dagrun for sst_mozambique_pipeline to 2025-10-12T22:43:19.820366+00:00, run_after=2025-10-13T22:43:19.820366+00:00
[2025-10-13T22:43:19.843+0000] {processor.py:179} INFO - Processing /opt/airflow/dags/sst_pipeline_dag.py took 0.119 seconds
[2025-10-13T22:43:49.968+0000] {processor.py:157} INFO - Started process (PID=467) to work on /opt/airflow/dags/sst_pipeline_dag.py
[2025-10-13T22:43:49.980+0000] {processor.py:829} INFO - Processing file /opt/airflow/dags/sst_pipeline_dag.py for tasks to queue
[2025-10-13T22:43:49.981+0000] {logging_mixin.py:151} INFO - [2025-10-13T22:43:49.981+0000] {dagbag.py:539} INFO - Filling up the DagBag from /opt/airflow/dags/sst_pipeline_dag.py
[2025-10-13T22:43:49.999+0000] {processor.py:839} INFO - DAG(s) dict_keys(['sst_mozambique_pipeline']) retrieved from /opt/airflow/dags/sst_pipeline_dag.py
[2025-10-13T22:43:50.043+0000] {logging_mixin.py:151} INFO - [2025-10-13T22:43:50.043+0000] {dag.py:2907} INFO - Sync 1 DAGs
[2025-10-13T22:43:50.086+0000] {logging_mixin.py:151} INFO - [2025-10-13T22:43:50.085+0000] {dag.py:3677} INFO - Setting next_dagrun for sst_mozambique_pipeline to 2025-10-12T22:43:50.085241+00:00, run_after=2025-10-13T22:43:50.085241+00:00
[2025-10-13T22:43:50.112+0000] {processor.py:179} INFO - Processing /opt/airflow/dags/sst_pipeline_dag.py took 0.151 seconds
[2025-10-13T22:44:20.258+0000] {processor.py:157} INFO - Started process (PID=472) to work on /opt/airflow/dags/sst_pipeline_dag.py
[2025-10-13T22:44:20.260+0000] {processor.py:829} INFO - Processing file /opt/airflow/dags/sst_pipeline_dag.py for tasks to queue
[2025-10-13T22:44:20.261+0000] {logging_mixin.py:151} INFO - [2025-10-13T22:44:20.261+0000] {dagbag.py:539} INFO - Filling up the DagBag from /opt/airflow/dags/sst_pipeline_dag.py
[2025-10-13T22:44:20.283+0000] {processor.py:839} INFO - DAG(s) dict_keys(['sst_mozambique_pipeline']) retrieved from /opt/airflow/dags/sst_pipeline_dag.py
[2025-10-13T22:44:20.323+0000] {logging_mixin.py:151} INFO - [2025-10-13T22:44:20.323+0000] {dag.py:2907} INFO - Sync 1 DAGs
[2025-10-13T22:44:20.370+0000] {logging_mixin.py:151} INFO - [2025-10-13T22:44:20.369+0000] {dag.py:3677} INFO - Setting next_dagrun for sst_mozambique_pipeline to 2025-10-12T22:44:20.369074+00:00, run_after=2025-10-13T22:44:20.369074+00:00
[2025-10-13T22:44:20.403+0000] {processor.py:179} INFO - Processing /opt/airflow/dags/sst_pipeline_dag.py took 0.150 seconds
[2025-10-13T22:44:50.553+0000] {processor.py:157} INFO - Started process (PID=477) to work on /opt/airflow/dags/sst_pipeline_dag.py
[2025-10-13T22:44:50.555+0000] {processor.py:829} INFO - Processing file /opt/airflow/dags/sst_pipeline_dag.py for tasks to queue
[2025-10-13T22:44:50.557+0000] {logging_mixin.py:151} INFO - [2025-10-13T22:44:50.556+0000] {dagbag.py:539} INFO - Filling up the DagBag from /opt/airflow/dags/sst_pipeline_dag.py
[2025-10-13T22:44:50.575+0000] {processor.py:839} INFO - DAG(s) dict_keys(['sst_mozambique_pipeline']) retrieved from /opt/airflow/dags/sst_pipeline_dag.py
[2025-10-13T22:44:50.614+0000] {logging_mixin.py:151} INFO - [2025-10-13T22:44:50.614+0000] {dag.py:2907} INFO - Sync 1 DAGs
[2025-10-13T22:44:50.644+0000] {logging_mixin.py:151} INFO - [2025-10-13T22:44:50.644+0000] {dag.py:3677} INFO - Setting next_dagrun for sst_mozambique_pipeline to 2025-10-12T22:44:50.643966+00:00, run_after=2025-10-13T22:44:50.643966+00:00
[2025-10-13T22:44:50.673+0000] {processor.py:179} INFO - Processing /opt/airflow/dags/sst_pipeline_dag.py took 0.125 seconds
[2025-10-13T22:45:20.726+0000] {processor.py:157} INFO - Started process (PID=482) to work on /opt/airflow/dags/sst_pipeline_dag.py
[2025-10-13T22:45:20.744+0000] {processor.py:829} INFO - Processing file /opt/airflow/dags/sst_pipeline_dag.py for tasks to queue
[2025-10-13T22:45:20.746+0000] {logging_mixin.py:151} INFO - [2025-10-13T22:45:20.745+0000] {dagbag.py:539} INFO - Filling up the DagBag from /opt/airflow/dags/sst_pipeline_dag.py
[2025-10-13T22:45:20.790+0000] {processor.py:839} INFO - DAG(s) dict_keys(['sst_mozambique_pipeline']) retrieved from /opt/airflow/dags/sst_pipeline_dag.py
[2025-10-13T22:45:20.858+0000] {logging_mixin.py:151} INFO - [2025-10-13T22:45:20.858+0000] {dag.py:2907} INFO - Sync 1 DAGs
[2025-10-13T22:45:20.900+0000] {logging_mixin.py:151} INFO - [2025-10-13T22:45:20.899+0000] {dag.py:3677} INFO - Setting next_dagrun for sst_mozambique_pipeline to 2025-10-12T22:45:20.899304+00:00, run_after=2025-10-13T22:45:20.899304+00:00
[2025-10-13T22:45:20.928+0000] {processor.py:179} INFO - Processing /opt/airflow/dags/sst_pipeline_dag.py took 0.215 seconds
[2025-10-13T22:45:50.970+0000] {processor.py:157} INFO - Started process (PID=487) to work on /opt/airflow/dags/sst_pipeline_dag.py
[2025-10-13T22:45:50.985+0000] {processor.py:829} INFO - Processing file /opt/airflow/dags/sst_pipeline_dag.py for tasks to queue
[2025-10-13T22:45:50.987+0000] {logging_mixin.py:151} INFO - [2025-10-13T22:45:50.986+0000] {dagbag.py:539} INFO - Filling up the DagBag from /opt/airflow/dags/sst_pipeline_dag.py
[2025-10-13T22:45:51.005+0000] {processor.py:839} INFO - DAG(s) dict_keys(['sst_mozambique_pipeline']) retrieved from /opt/airflow/dags/sst_pipeline_dag.py
[2025-10-13T22:45:51.045+0000] {logging_mixin.py:151} INFO - [2025-10-13T22:45:51.045+0000] {dag.py:2907} INFO - Sync 1 DAGs
[2025-10-13T22:45:51.079+0000] {logging_mixin.py:151} INFO - [2025-10-13T22:45:51.079+0000] {dag.py:3677} INFO - Setting next_dagrun for sst_mozambique_pipeline to 2025-10-12T22:45:51.078929+00:00, run_after=2025-10-13T22:45:51.078929+00:00
[2025-10-13T22:45:51.103+0000] {processor.py:179} INFO - Processing /opt/airflow/dags/sst_pipeline_dag.py took 0.138 seconds
[2025-10-13T22:46:21.217+0000] {processor.py:157} INFO - Started process (PID=492) to work on /opt/airflow/dags/sst_pipeline_dag.py
[2025-10-13T22:46:21.219+0000] {processor.py:829} INFO - Processing file /opt/airflow/dags/sst_pipeline_dag.py for tasks to queue
[2025-10-13T22:46:21.221+0000] {logging_mixin.py:151} INFO - [2025-10-13T22:46:21.220+0000] {dagbag.py:539} INFO - Filling up the DagBag from /opt/airflow/dags/sst_pipeline_dag.py
[2025-10-13T22:46:21.246+0000] {processor.py:839} INFO - DAG(s) dict_keys(['sst_mozambique_pipeline']) retrieved from /opt/airflow/dags/sst_pipeline_dag.py
[2025-10-13T22:46:21.286+0000] {logging_mixin.py:151} INFO - [2025-10-13T22:46:21.286+0000] {dag.py:2907} INFO - Sync 1 DAGs
[2025-10-13T22:46:21.314+0000] {logging_mixin.py:151} INFO - [2025-10-13T22:46:21.314+0000] {dag.py:3677} INFO - Setting next_dagrun for sst_mozambique_pipeline to 2025-10-12T22:46:21.314078+00:00, run_after=2025-10-13T22:46:21.314078+00:00
[2025-10-13T22:46:21.336+0000] {processor.py:179} INFO - Processing /opt/airflow/dags/sst_pipeline_dag.py took 0.124 seconds
[2025-10-13T22:46:51.390+0000] {processor.py:157} INFO - Started process (PID=497) to work on /opt/airflow/dags/sst_pipeline_dag.py
[2025-10-13T22:46:51.418+0000] {processor.py:829} INFO - Processing file /opt/airflow/dags/sst_pipeline_dag.py for tasks to queue
[2025-10-13T22:46:51.420+0000] {logging_mixin.py:151} INFO - [2025-10-13T22:46:51.420+0000] {dagbag.py:539} INFO - Filling up the DagBag from /opt/airflow/dags/sst_pipeline_dag.py
[2025-10-13T22:46:51.438+0000] {processor.py:839} INFO - DAG(s) dict_keys(['sst_mozambique_pipeline']) retrieved from /opt/airflow/dags/sst_pipeline_dag.py
[2025-10-13T22:46:51.483+0000] {logging_mixin.py:151} INFO - [2025-10-13T22:46:51.483+0000] {dag.py:2907} INFO - Sync 1 DAGs
[2025-10-13T22:46:51.512+0000] {logging_mixin.py:151} INFO - [2025-10-13T22:46:51.512+0000] {dag.py:3677} INFO - Setting next_dagrun for sst_mozambique_pipeline to 2025-10-12T22:46:51.512282+00:00, run_after=2025-10-13T22:46:51.512282+00:00
[2025-10-13T22:46:51.537+0000] {processor.py:179} INFO - Processing /opt/airflow/dags/sst_pipeline_dag.py took 0.152 seconds
[2025-10-13T22:47:21.626+0000] {processor.py:157} INFO - Started process (PID=502) to work on /opt/airflow/dags/sst_pipeline_dag.py
[2025-10-13T22:47:21.642+0000] {processor.py:829} INFO - Processing file /opt/airflow/dags/sst_pipeline_dag.py for tasks to queue
[2025-10-13T22:47:21.644+0000] {logging_mixin.py:151} INFO - [2025-10-13T22:47:21.643+0000] {dagbag.py:539} INFO - Filling up the DagBag from /opt/airflow/dags/sst_pipeline_dag.py
[2025-10-13T22:47:21.663+0000] {processor.py:839} INFO - DAG(s) dict_keys(['sst_mozambique_pipeline']) retrieved from /opt/airflow/dags/sst_pipeline_dag.py
[2025-10-13T22:47:21.702+0000] {logging_mixin.py:151} INFO - [2025-10-13T22:47:21.702+0000] {dag.py:2907} INFO - Sync 1 DAGs
[2025-10-13T22:47:21.738+0000] {logging_mixin.py:151} INFO - [2025-10-13T22:47:21.737+0000] {dag.py:3677} INFO - Setting next_dagrun for sst_mozambique_pipeline to 2025-10-12T22:47:21.737655+00:00, run_after=2025-10-13T22:47:21.737655+00:00
[2025-10-13T22:47:21.764+0000] {processor.py:179} INFO - Processing /opt/airflow/dags/sst_pipeline_dag.py took 0.143 seconds
[2025-10-13T22:47:51.818+0000] {processor.py:157} INFO - Started process (PID=507) to work on /opt/airflow/dags/sst_pipeline_dag.py
[2025-10-13T22:47:51.819+0000] {processor.py:829} INFO - Processing file /opt/airflow/dags/sst_pipeline_dag.py for tasks to queue
[2025-10-13T22:47:51.821+0000] {logging_mixin.py:151} INFO - [2025-10-13T22:47:51.820+0000] {dagbag.py:539} INFO - Filling up the DagBag from /opt/airflow/dags/sst_pipeline_dag.py
[2025-10-13T22:47:51.838+0000] {processor.py:839} INFO - DAG(s) dict_keys(['sst_mozambique_pipeline']) retrieved from /opt/airflow/dags/sst_pipeline_dag.py
[2025-10-13T22:47:51.877+0000] {logging_mixin.py:151} INFO - [2025-10-13T22:47:51.877+0000] {dag.py:2907} INFO - Sync 1 DAGs
[2025-10-13T22:47:51.915+0000] {logging_mixin.py:151} INFO - [2025-10-13T22:47:51.915+0000] {dag.py:3677} INFO - Setting next_dagrun for sst_mozambique_pipeline to 2025-10-12T22:47:51.915051+00:00, run_after=2025-10-13T22:47:51.915051+00:00
[2025-10-13T22:47:51.944+0000] {processor.py:179} INFO - Processing /opt/airflow/dags/sst_pipeline_dag.py took 0.130 seconds
[2025-10-13T22:48:22.058+0000] {processor.py:157} INFO - Started process (PID=512) to work on /opt/airflow/dags/sst_pipeline_dag.py
[2025-10-13T22:48:22.070+0000] {processor.py:829} INFO - Processing file /opt/airflow/dags/sst_pipeline_dag.py for tasks to queue
[2025-10-13T22:48:22.072+0000] {logging_mixin.py:151} INFO - [2025-10-13T22:48:22.072+0000] {dagbag.py:539} INFO - Filling up the DagBag from /opt/airflow/dags/sst_pipeline_dag.py
[2025-10-13T22:48:22.091+0000] {processor.py:839} INFO - DAG(s) dict_keys(['sst_mozambique_pipeline']) retrieved from /opt/airflow/dags/sst_pipeline_dag.py
[2025-10-13T22:48:22.131+0000] {logging_mixin.py:151} INFO - [2025-10-13T22:48:22.131+0000] {dag.py:2907} INFO - Sync 1 DAGs
[2025-10-13T22:48:22.172+0000] {logging_mixin.py:151} INFO - [2025-10-13T22:48:22.171+0000] {dag.py:3677} INFO - Setting next_dagrun for sst_mozambique_pipeline to 2025-10-12T22:48:22.171185+00:00, run_after=2025-10-13T22:48:22.171185+00:00
[2025-10-13T22:48:22.199+0000] {processor.py:179} INFO - Processing /opt/airflow/dags/sst_pipeline_dag.py took 0.146 seconds
[2025-10-13T22:48:52.234+0000] {processor.py:157} INFO - Started process (PID=517) to work on /opt/airflow/dags/sst_pipeline_dag.py
[2025-10-13T22:48:52.235+0000] {processor.py:829} INFO - Processing file /opt/airflow/dags/sst_pipeline_dag.py for tasks to queue
[2025-10-13T22:48:52.236+0000] {logging_mixin.py:151} INFO - [2025-10-13T22:48:52.235+0000] {dagbag.py:539} INFO - Filling up the DagBag from /opt/airflow/dags/sst_pipeline_dag.py
[2025-10-13T22:48:52.255+0000] {processor.py:839} INFO - DAG(s) dict_keys(['sst_mozambique_pipeline']) retrieved from /opt/airflow/dags/sst_pipeline_dag.py
[2025-10-13T22:48:52.309+0000] {logging_mixin.py:151} INFO - [2025-10-13T22:48:52.309+0000] {dag.py:2907} INFO - Sync 1 DAGs
[2025-10-13T22:48:52.342+0000] {logging_mixin.py:151} INFO - [2025-10-13T22:48:52.342+0000] {dag.py:3677} INFO - Setting next_dagrun for sst_mozambique_pipeline to 2025-10-12T22:48:52.341679+00:00, run_after=2025-10-13T22:48:52.341679+00:00
[2025-10-13T22:48:52.375+0000] {processor.py:179} INFO - Processing /opt/airflow/dags/sst_pipeline_dag.py took 0.147 seconds
[2025-10-13T22:49:22.483+0000] {processor.py:157} INFO - Started process (PID=522) to work on /opt/airflow/dags/sst_pipeline_dag.py
[2025-10-13T22:49:22.519+0000] {processor.py:829} INFO - Processing file /opt/airflow/dags/sst_pipeline_dag.py for tasks to queue
[2025-10-13T22:49:22.520+0000] {logging_mixin.py:151} INFO - [2025-10-13T22:49:22.520+0000] {dagbag.py:539} INFO - Filling up the DagBag from /opt/airflow/dags/sst_pipeline_dag.py
[2025-10-13T22:49:22.540+0000] {processor.py:839} INFO - DAG(s) dict_keys(['sst_mozambique_pipeline']) retrieved from /opt/airflow/dags/sst_pipeline_dag.py
[2025-10-13T22:49:22.582+0000] {logging_mixin.py:151} INFO - [2025-10-13T22:49:22.582+0000] {dag.py:2907} INFO - Sync 1 DAGs
[2025-10-13T22:49:22.624+0000] {logging_mixin.py:151} INFO - [2025-10-13T22:49:22.624+0000] {dag.py:3677} INFO - Setting next_dagrun for sst_mozambique_pipeline to 2025-10-12T22:49:22.623873+00:00, run_after=2025-10-13T22:49:22.623873+00:00
[2025-10-13T22:49:22.653+0000] {processor.py:179} INFO - Processing /opt/airflow/dags/sst_pipeline_dag.py took 0.175 seconds
[2025-10-13T22:49:52.806+0000] {processor.py:157} INFO - Started process (PID=527) to work on /opt/airflow/dags/sst_pipeline_dag.py
[2025-10-13T22:49:52.808+0000] {processor.py:829} INFO - Processing file /opt/airflow/dags/sst_pipeline_dag.py for tasks to queue
[2025-10-13T22:49:52.809+0000] {logging_mixin.py:151} INFO - [2025-10-13T22:49:52.808+0000] {dagbag.py:539} INFO - Filling up the DagBag from /opt/airflow/dags/sst_pipeline_dag.py
[2025-10-13T22:49:52.827+0000] {processor.py:839} INFO - DAG(s) dict_keys(['sst_mozambique_pipeline']) retrieved from /opt/airflow/dags/sst_pipeline_dag.py
[2025-10-13T22:49:52.867+0000] {logging_mixin.py:151} INFO - [2025-10-13T22:49:52.867+0000] {dag.py:2907} INFO - Sync 1 DAGs
[2025-10-13T22:49:52.897+0000] {logging_mixin.py:151} INFO - [2025-10-13T22:49:52.896+0000] {dag.py:3677} INFO - Setting next_dagrun for sst_mozambique_pipeline to 2025-10-12T22:49:52.896345+00:00, run_after=2025-10-13T22:49:52.896345+00:00
[2025-10-13T22:49:52.921+0000] {processor.py:179} INFO - Processing /opt/airflow/dags/sst_pipeline_dag.py took 0.119 seconds
[2025-10-13T22:50:22.954+0000] {processor.py:157} INFO - Started process (PID=532) to work on /opt/airflow/dags/sst_pipeline_dag.py
[2025-10-13T22:50:23.002+0000] {processor.py:829} INFO - Processing file /opt/airflow/dags/sst_pipeline_dag.py for tasks to queue
[2025-10-13T22:50:23.003+0000] {logging_mixin.py:151} INFO - [2025-10-13T22:50:23.003+0000] {dagbag.py:539} INFO - Filling up the DagBag from /opt/airflow/dags/sst_pipeline_dag.py
[2025-10-13T22:50:23.022+0000] {processor.py:839} INFO - DAG(s) dict_keys(['sst_mozambique_pipeline']) retrieved from /opt/airflow/dags/sst_pipeline_dag.py
[2025-10-13T22:50:23.064+0000] {logging_mixin.py:151} INFO - [2025-10-13T22:50:23.064+0000] {dag.py:2907} INFO - Sync 1 DAGs
[2025-10-13T22:50:23.092+0000] {logging_mixin.py:151} INFO - [2025-10-13T22:50:23.092+0000] {dag.py:3677} INFO - Setting next_dagrun for sst_mozambique_pipeline to 2025-10-12T22:50:23.092295+00:00, run_after=2025-10-13T22:50:23.092295+00:00
[2025-10-13T22:50:23.118+0000] {processor.py:179} INFO - Processing /opt/airflow/dags/sst_pipeline_dag.py took 0.169 seconds
[2025-10-13T22:50:53.225+0000] {processor.py:157} INFO - Started process (PID=537) to work on /opt/airflow/dags/sst_pipeline_dag.py
[2025-10-13T22:50:53.226+0000] {processor.py:829} INFO - Processing file /opt/airflow/dags/sst_pipeline_dag.py for tasks to queue
[2025-10-13T22:50:53.227+0000] {logging_mixin.py:151} INFO - [2025-10-13T22:50:53.227+0000] {dagbag.py:539} INFO - Filling up the DagBag from /opt/airflow/dags/sst_pipeline_dag.py
[2025-10-13T22:50:53.245+0000] {processor.py:839} INFO - DAG(s) dict_keys(['sst_mozambique_pipeline']) retrieved from /opt/airflow/dags/sst_pipeline_dag.py
[2025-10-13T22:50:53.285+0000] {logging_mixin.py:151} INFO - [2025-10-13T22:50:53.285+0000] {dag.py:2907} INFO - Sync 1 DAGs
[2025-10-13T22:50:53.313+0000] {logging_mixin.py:151} INFO - [2025-10-13T22:50:53.313+0000] {dag.py:3677} INFO - Setting next_dagrun for sst_mozambique_pipeline to 2025-10-12T22:50:53.313017+00:00, run_after=2025-10-13T22:50:53.313017+00:00
[2025-10-13T22:50:53.336+0000] {processor.py:179} INFO - Processing /opt/airflow/dags/sst_pipeline_dag.py took 0.115 seconds
[2025-10-13T22:51:23.414+0000] {processor.py:157} INFO - Started process (PID=542) to work on /opt/airflow/dags/sst_pipeline_dag.py
[2025-10-13T22:51:23.480+0000] {processor.py:829} INFO - Processing file /opt/airflow/dags/sst_pipeline_dag.py for tasks to queue
[2025-10-13T22:51:23.482+0000] {logging_mixin.py:151} INFO - [2025-10-13T22:51:23.481+0000] {dagbag.py:539} INFO - Filling up the DagBag from /opt/airflow/dags/sst_pipeline_dag.py
[2025-10-13T22:51:23.502+0000] {processor.py:839} INFO - DAG(s) dict_keys(['sst_mozambique_pipeline']) retrieved from /opt/airflow/dags/sst_pipeline_dag.py
[2025-10-13T22:51:23.541+0000] {logging_mixin.py:151} INFO - [2025-10-13T22:51:23.540+0000] {dag.py:2907} INFO - Sync 1 DAGs
[2025-10-13T22:51:23.568+0000] {logging_mixin.py:151} INFO - [2025-10-13T22:51:23.568+0000] {dag.py:3677} INFO - Setting next_dagrun for sst_mozambique_pipeline to 2025-10-12T22:51:23.567638+00:00, run_after=2025-10-13T22:51:23.567638+00:00
[2025-10-13T22:51:23.591+0000] {processor.py:179} INFO - Processing /opt/airflow/dags/sst_pipeline_dag.py took 0.183 seconds
[2025-10-13T22:51:53.625+0000] {processor.py:157} INFO - Started process (PID=547) to work on /opt/airflow/dags/sst_pipeline_dag.py
[2025-10-13T22:51:53.627+0000] {processor.py:829} INFO - Processing file /opt/airflow/dags/sst_pipeline_dag.py for tasks to queue
[2025-10-13T22:51:53.629+0000] {logging_mixin.py:151} INFO - [2025-10-13T22:51:53.628+0000] {dagbag.py:539} INFO - Filling up the DagBag from /opt/airflow/dags/sst_pipeline_dag.py
[2025-10-13T22:51:53.647+0000] {processor.py:839} INFO - DAG(s) dict_keys(['sst_mozambique_pipeline']) retrieved from /opt/airflow/dags/sst_pipeline_dag.py
[2025-10-13T22:51:53.686+0000] {logging_mixin.py:151} INFO - [2025-10-13T22:51:53.686+0000] {dag.py:2907} INFO - Sync 1 DAGs
[2025-10-13T22:51:53.718+0000] {logging_mixin.py:151} INFO - [2025-10-13T22:51:53.718+0000] {dag.py:3677} INFO - Setting next_dagrun for sst_mozambique_pipeline to 2025-10-12T22:51:53.717525+00:00, run_after=2025-10-13T22:51:53.717525+00:00
[2025-10-13T22:51:53.746+0000] {processor.py:179} INFO - Processing /opt/airflow/dags/sst_pipeline_dag.py took 0.126 seconds
[2025-10-13T22:52:23.879+0000] {processor.py:157} INFO - Started process (PID=552) to work on /opt/airflow/dags/sst_pipeline_dag.py
[2025-10-13T22:52:23.896+0000] {processor.py:829} INFO - Processing file /opt/airflow/dags/sst_pipeline_dag.py for tasks to queue
[2025-10-13T22:52:23.898+0000] {logging_mixin.py:151} INFO - [2025-10-13T22:52:23.897+0000] {dagbag.py:539} INFO - Filling up the DagBag from /opt/airflow/dags/sst_pipeline_dag.py
[2025-10-13T22:52:23.926+0000] {processor.py:839} INFO - DAG(s) dict_keys(['sst_mozambique_pipeline']) retrieved from /opt/airflow/dags/sst_pipeline_dag.py
[2025-10-13T22:52:23.972+0000] {logging_mixin.py:151} INFO - [2025-10-13T22:52:23.972+0000] {dag.py:2907} INFO - Sync 1 DAGs
[2025-10-13T22:52:24.009+0000] {logging_mixin.py:151} INFO - [2025-10-13T22:52:24.009+0000] {dag.py:3677} INFO - Setting next_dagrun for sst_mozambique_pipeline to 2025-10-12T22:52:24.008756+00:00, run_after=2025-10-13T22:52:24.008756+00:00
[2025-10-13T22:52:24.037+0000] {processor.py:179} INFO - Processing /opt/airflow/dags/sst_pipeline_dag.py took 0.164 seconds
[2025-10-13T22:52:54.190+0000] {processor.py:157} INFO - Started process (PID=557) to work on /opt/airflow/dags/sst_pipeline_dag.py
[2025-10-13T22:52:54.259+0000] {processor.py:829} INFO - Processing file /opt/airflow/dags/sst_pipeline_dag.py for tasks to queue
[2025-10-13T22:52:54.261+0000] {logging_mixin.py:151} INFO - [2025-10-13T22:52:54.260+0000] {dagbag.py:539} INFO - Filling up the DagBag from /opt/airflow/dags/sst_pipeline_dag.py
[2025-10-13T22:52:54.278+0000] {processor.py:839} INFO - DAG(s) dict_keys(['sst_mozambique_pipeline']) retrieved from /opt/airflow/dags/sst_pipeline_dag.py
[2025-10-13T22:52:54.316+0000] {logging_mixin.py:151} INFO - [2025-10-13T22:52:54.316+0000] {dag.py:2907} INFO - Sync 1 DAGs
[2025-10-13T22:52:54.356+0000] {logging_mixin.py:151} INFO - [2025-10-13T22:52:54.356+0000] {dag.py:3677} INFO - Setting next_dagrun for sst_mozambique_pipeline to 2025-10-12T22:52:54.355790+00:00, run_after=2025-10-13T22:52:54.355790+00:00
[2025-10-13T22:52:54.386+0000] {processor.py:179} INFO - Processing /opt/airflow/dags/sst_pipeline_dag.py took 0.201 seconds
[2025-10-13T22:53:24.540+0000] {processor.py:157} INFO - Started process (PID=562) to work on /opt/airflow/dags/sst_pipeline_dag.py
[2025-10-13T22:53:24.575+0000] {processor.py:829} INFO - Processing file /opt/airflow/dags/sst_pipeline_dag.py for tasks to queue
[2025-10-13T22:53:24.576+0000] {logging_mixin.py:151} INFO - [2025-10-13T22:53:24.576+0000] {dagbag.py:539} INFO - Filling up the DagBag from /opt/airflow/dags/sst_pipeline_dag.py
[2025-10-13T22:53:24.594+0000] {processor.py:839} INFO - DAG(s) dict_keys(['sst_mozambique_pipeline']) retrieved from /opt/airflow/dags/sst_pipeline_dag.py
[2025-10-13T22:53:24.633+0000] {logging_mixin.py:151} INFO - [2025-10-13T22:53:24.633+0000] {dag.py:2907} INFO - Sync 1 DAGs
[2025-10-13T22:53:24.662+0000] {logging_mixin.py:151} INFO - [2025-10-13T22:53:24.661+0000] {dag.py:3677} INFO - Setting next_dagrun for sst_mozambique_pipeline to 2025-10-12T22:53:24.661529+00:00, run_after=2025-10-13T22:53:24.661529+00:00
[2025-10-13T22:53:24.688+0000] {processor.py:179} INFO - Processing /opt/airflow/dags/sst_pipeline_dag.py took 0.152 seconds
[2025-10-13T22:53:54.837+0000] {processor.py:157} INFO - Started process (PID=567) to work on /opt/airflow/dags/sst_pipeline_dag.py
[2025-10-13T22:53:54.907+0000] {processor.py:829} INFO - Processing file /opt/airflow/dags/sst_pipeline_dag.py for tasks to queue
[2025-10-13T22:53:54.908+0000] {logging_mixin.py:151} INFO - [2025-10-13T22:53:54.908+0000] {dagbag.py:539} INFO - Filling up the DagBag from /opt/airflow/dags/sst_pipeline_dag.py
[2025-10-13T22:53:54.926+0000] {processor.py:839} INFO - DAG(s) dict_keys(['sst_mozambique_pipeline']) retrieved from /opt/airflow/dags/sst_pipeline_dag.py
[2025-10-13T22:53:54.965+0000] {logging_mixin.py:151} INFO - [2025-10-13T22:53:54.964+0000] {dag.py:2907} INFO - Sync 1 DAGs
[2025-10-13T22:53:54.998+0000] {logging_mixin.py:151} INFO - [2025-10-13T22:53:54.997+0000] {dag.py:3677} INFO - Setting next_dagrun for sst_mozambique_pipeline to 2025-10-12T22:53:54.997192+00:00, run_after=2025-10-13T22:53:54.997192+00:00
[2025-10-13T22:53:55.027+0000] {processor.py:179} INFO - Processing /opt/airflow/dags/sst_pipeline_dag.py took 0.196 seconds
[2025-10-13T22:54:25.189+0000] {processor.py:157} INFO - Started process (PID=572) to work on /opt/airflow/dags/sst_pipeline_dag.py
[2025-10-13T22:54:25.208+0000] {processor.py:829} INFO - Processing file /opt/airflow/dags/sst_pipeline_dag.py for tasks to queue
[2025-10-13T22:54:25.209+0000] {logging_mixin.py:151} INFO - [2025-10-13T22:54:25.209+0000] {dagbag.py:539} INFO - Filling up the DagBag from /opt/airflow/dags/sst_pipeline_dag.py
[2025-10-13T22:54:25.228+0000] {processor.py:839} INFO - DAG(s) dict_keys(['sst_mozambique_pipeline']) retrieved from /opt/airflow/dags/sst_pipeline_dag.py
[2025-10-13T22:54:25.291+0000] {logging_mixin.py:151} INFO - [2025-10-13T22:54:25.291+0000] {dag.py:2907} INFO - Sync 1 DAGs
[2025-10-13T22:54:25.334+0000] {logging_mixin.py:151} INFO - [2025-10-13T22:54:25.333+0000] {dag.py:3677} INFO - Setting next_dagrun for sst_mozambique_pipeline to 2025-10-12T22:54:25.333279+00:00, run_after=2025-10-13T22:54:25.333279+00:00
[2025-10-13T22:54:25.364+0000] {processor.py:179} INFO - Processing /opt/airflow/dags/sst_pipeline_dag.py took 0.180 seconds
[2025-10-13T22:54:55.520+0000] {processor.py:157} INFO - Started process (PID=577) to work on /opt/airflow/dags/sst_pipeline_dag.py
[2025-10-13T22:54:55.521+0000] {processor.py:829} INFO - Processing file /opt/airflow/dags/sst_pipeline_dag.py for tasks to queue
[2025-10-13T22:54:55.522+0000] {logging_mixin.py:151} INFO - [2025-10-13T22:54:55.522+0000] {dagbag.py:539} INFO - Filling up the DagBag from /opt/airflow/dags/sst_pipeline_dag.py
[2025-10-13T22:54:55.540+0000] {processor.py:839} INFO - DAG(s) dict_keys(['sst_mozambique_pipeline']) retrieved from /opt/airflow/dags/sst_pipeline_dag.py
[2025-10-13T22:54:55.579+0000] {logging_mixin.py:151} INFO - [2025-10-13T22:54:55.579+0000] {dag.py:2907} INFO - Sync 1 DAGs
[2025-10-13T22:54:55.608+0000] {logging_mixin.py:151} INFO - [2025-10-13T22:54:55.608+0000] {dag.py:3677} INFO - Setting next_dagrun for sst_mozambique_pipeline to 2025-10-12T22:54:55.607862+00:00, run_after=2025-10-13T22:54:55.607862+00:00
[2025-10-13T22:54:55.630+0000] {processor.py:179} INFO - Processing /opt/airflow/dags/sst_pipeline_dag.py took 0.115 seconds
[2025-10-13T22:55:25.666+0000] {processor.py:157} INFO - Started process (PID=582) to work on /opt/airflow/dags/sst_pipeline_dag.py
[2025-10-13T22:55:25.685+0000] {processor.py:829} INFO - Processing file /opt/airflow/dags/sst_pipeline_dag.py for tasks to queue
[2025-10-13T22:55:25.687+0000] {logging_mixin.py:151} INFO - [2025-10-13T22:55:25.686+0000] {dagbag.py:539} INFO - Filling up the DagBag from /opt/airflow/dags/sst_pipeline_dag.py
[2025-10-13T22:55:25.712+0000] {processor.py:839} INFO - DAG(s) dict_keys(['sst_mozambique_pipeline']) retrieved from /opt/airflow/dags/sst_pipeline_dag.py
[2025-10-13T22:55:25.754+0000] {logging_mixin.py:151} INFO - [2025-10-13T22:55:25.753+0000] {dag.py:2907} INFO - Sync 1 DAGs
[2025-10-13T22:55:25.789+0000] {logging_mixin.py:151} INFO - [2025-10-13T22:55:25.788+0000] {dag.py:3677} INFO - Setting next_dagrun for sst_mozambique_pipeline to 2025-10-12T22:55:25.788523+00:00, run_after=2025-10-13T22:55:25.788523+00:00
[2025-10-13T22:55:25.813+0000] {processor.py:179} INFO - Processing /opt/airflow/dags/sst_pipeline_dag.py took 0.154 seconds
[2025-10-13T22:55:55.912+0000] {processor.py:157} INFO - Started process (PID=587) to work on /opt/airflow/dags/sst_pipeline_dag.py
[2025-10-13T22:55:55.913+0000] {processor.py:829} INFO - Processing file /opt/airflow/dags/sst_pipeline_dag.py for tasks to queue
[2025-10-13T22:55:55.914+0000] {logging_mixin.py:151} INFO - [2025-10-13T22:55:55.914+0000] {dagbag.py:539} INFO - Filling up the DagBag from /opt/airflow/dags/sst_pipeline_dag.py
[2025-10-13T22:55:55.934+0000] {processor.py:839} INFO - DAG(s) dict_keys(['sst_mozambique_pipeline']) retrieved from /opt/airflow/dags/sst_pipeline_dag.py
[2025-10-13T22:55:55.984+0000] {logging_mixin.py:151} INFO - [2025-10-13T22:55:55.983+0000] {dag.py:2907} INFO - Sync 1 DAGs
[2025-10-13T22:55:56.013+0000] {logging_mixin.py:151} INFO - [2025-10-13T22:55:56.012+0000] {dag.py:3677} INFO - Setting next_dagrun for sst_mozambique_pipeline to 2025-10-12T22:55:56.012597+00:00, run_after=2025-10-13T22:55:56.012597+00:00
[2025-10-13T22:55:56.035+0000] {processor.py:179} INFO - Processing /opt/airflow/dags/sst_pipeline_dag.py took 0.128 seconds
[2025-10-13T22:56:26.112+0000] {processor.py:157} INFO - Started process (PID=592) to work on /opt/airflow/dags/sst_pipeline_dag.py
[2025-10-13T22:56:26.127+0000] {processor.py:829} INFO - Processing file /opt/airflow/dags/sst_pipeline_dag.py for tasks to queue
[2025-10-13T22:56:26.129+0000] {logging_mixin.py:151} INFO - [2025-10-13T22:56:26.128+0000] {dagbag.py:539} INFO - Filling up the DagBag from /opt/airflow/dags/sst_pipeline_dag.py
[2025-10-13T22:56:26.146+0000] {processor.py:839} INFO - DAG(s) dict_keys(['sst_mozambique_pipeline']) retrieved from /opt/airflow/dags/sst_pipeline_dag.py
[2025-10-13T22:56:26.190+0000] {logging_mixin.py:151} INFO - [2025-10-13T22:56:26.189+0000] {dag.py:2907} INFO - Sync 1 DAGs
[2025-10-13T22:56:26.224+0000] {logging_mixin.py:151} INFO - [2025-10-13T22:56:26.224+0000] {dag.py:3677} INFO - Setting next_dagrun for sst_mozambique_pipeline to 2025-10-12T22:56:26.223728+00:00, run_after=2025-10-13T22:56:26.223728+00:00
[2025-10-13T22:56:26.246+0000] {processor.py:179} INFO - Processing /opt/airflow/dags/sst_pipeline_dag.py took 0.140 seconds
[2025-10-13T22:56:56.317+0000] {processor.py:157} INFO - Started process (PID=597) to work on /opt/airflow/dags/sst_pipeline_dag.py
[2025-10-13T22:56:56.318+0000] {processor.py:829} INFO - Processing file /opt/airflow/dags/sst_pipeline_dag.py for tasks to queue
[2025-10-13T22:56:56.320+0000] {logging_mixin.py:151} INFO - [2025-10-13T22:56:56.319+0000] {dagbag.py:539} INFO - Filling up the DagBag from /opt/airflow/dags/sst_pipeline_dag.py
[2025-10-13T22:56:56.338+0000] {processor.py:839} INFO - DAG(s) dict_keys(['sst_mozambique_pipeline']) retrieved from /opt/airflow/dags/sst_pipeline_dag.py
[2025-10-13T22:56:56.378+0000] {logging_mixin.py:151} INFO - [2025-10-13T22:56:56.377+0000] {dag.py:2907} INFO - Sync 1 DAGs
[2025-10-13T22:56:56.405+0000] {logging_mixin.py:151} INFO - [2025-10-13T22:56:56.405+0000] {dag.py:3677} INFO - Setting next_dagrun for sst_mozambique_pipeline to 2025-10-12T22:56:56.404776+00:00, run_after=2025-10-13T22:56:56.404776+00:00
[2025-10-13T22:56:56.427+0000] {processor.py:179} INFO - Processing /opt/airflow/dags/sst_pipeline_dag.py took 0.116 seconds
[2025-10-13T22:57:26.533+0000] {processor.py:157} INFO - Started process (PID=602) to work on /opt/airflow/dags/sst_pipeline_dag.py
[2025-10-13T22:57:26.536+0000] {processor.py:829} INFO - Processing file /opt/airflow/dags/sst_pipeline_dag.py for tasks to queue
[2025-10-13T22:57:26.537+0000] {logging_mixin.py:151} INFO - [2025-10-13T22:57:26.536+0000] {dagbag.py:539} INFO - Filling up the DagBag from /opt/airflow/dags/sst_pipeline_dag.py
[2025-10-13T22:57:26.559+0000] {processor.py:839} INFO - DAG(s) dict_keys(['sst_mozambique_pipeline']) retrieved from /opt/airflow/dags/sst_pipeline_dag.py
[2025-10-13T22:57:26.604+0000] {logging_mixin.py:151} INFO - [2025-10-13T22:57:26.604+0000] {dag.py:2907} INFO - Sync 1 DAGs
[2025-10-13T22:57:26.645+0000] {logging_mixin.py:151} INFO - [2025-10-13T22:57:26.644+0000] {dag.py:3677} INFO - Setting next_dagrun for sst_mozambique_pipeline to 2025-10-12T22:57:26.644328+00:00, run_after=2025-10-13T22:57:26.644328+00:00
[2025-10-13T22:57:26.674+0000] {processor.py:179} INFO - Processing /opt/airflow/dags/sst_pipeline_dag.py took 0.146 seconds
[2025-10-13T22:57:56.712+0000] {processor.py:157} INFO - Started process (PID=607) to work on /opt/airflow/dags/sst_pipeline_dag.py
[2025-10-13T22:57:56.724+0000] {processor.py:829} INFO - Processing file /opt/airflow/dags/sst_pipeline_dag.py for tasks to queue
[2025-10-13T22:57:56.725+0000] {logging_mixin.py:151} INFO - [2025-10-13T22:57:56.725+0000] {dagbag.py:539} INFO - Filling up the DagBag from /opt/airflow/dags/sst_pipeline_dag.py
[2025-10-13T22:57:56.743+0000] {processor.py:839} INFO - DAG(s) dict_keys(['sst_mozambique_pipeline']) retrieved from /opt/airflow/dags/sst_pipeline_dag.py
[2025-10-13T22:57:56.782+0000] {logging_mixin.py:151} INFO - [2025-10-13T22:57:56.781+0000] {dag.py:2907} INFO - Sync 1 DAGs
[2025-10-13T22:57:56.814+0000] {logging_mixin.py:151} INFO - [2025-10-13T22:57:56.814+0000] {dag.py:3677} INFO - Setting next_dagrun for sst_mozambique_pipeline to 2025-10-12T22:57:56.813679+00:00, run_after=2025-10-13T22:57:56.813679+00:00
[2025-10-13T22:57:56.837+0000] {processor.py:179} INFO - Processing /opt/airflow/dags/sst_pipeline_dag.py took 0.131 seconds
[2025-10-13T22:58:26.971+0000] {processor.py:157} INFO - Started process (PID=612) to work on /opt/airflow/dags/sst_pipeline_dag.py
[2025-10-13T22:58:27.022+0000] {processor.py:829} INFO - Processing file /opt/airflow/dags/sst_pipeline_dag.py for tasks to queue
[2025-10-13T22:58:27.024+0000] {logging_mixin.py:151} INFO - [2025-10-13T22:58:27.023+0000] {dagbag.py:539} INFO - Filling up the DagBag from /opt/airflow/dags/sst_pipeline_dag.py
[2025-10-13T22:58:27.042+0000] {processor.py:839} INFO - DAG(s) dict_keys(['sst_mozambique_pipeline']) retrieved from /opt/airflow/dags/sst_pipeline_dag.py
[2025-10-13T22:58:27.080+0000] {logging_mixin.py:151} INFO - [2025-10-13T22:58:27.080+0000] {dag.py:2907} INFO - Sync 1 DAGs
[2025-10-13T22:58:27.109+0000] {logging_mixin.py:151} INFO - [2025-10-13T22:58:27.109+0000] {dag.py:3677} INFO - Setting next_dagrun for sst_mozambique_pipeline to 2025-10-12T22:58:27.109145+00:00, run_after=2025-10-13T22:58:27.109145+00:00
[2025-10-13T22:58:27.132+0000] {processor.py:179} INFO - Processing /opt/airflow/dags/sst_pipeline_dag.py took 0.166 seconds
[2025-10-13T22:58:57.282+0000] {processor.py:157} INFO - Started process (PID=617) to work on /opt/airflow/dags/sst_pipeline_dag.py
[2025-10-13T22:58:57.295+0000] {processor.py:829} INFO - Processing file /opt/airflow/dags/sst_pipeline_dag.py for tasks to queue
[2025-10-13T22:58:57.296+0000] {logging_mixin.py:151} INFO - [2025-10-13T22:58:57.296+0000] {dagbag.py:539} INFO - Filling up the DagBag from /opt/airflow/dags/sst_pipeline_dag.py
[2025-10-13T22:58:57.314+0000] {processor.py:839} INFO - DAG(s) dict_keys(['sst_mozambique_pipeline']) retrieved from /opt/airflow/dags/sst_pipeline_dag.py
[2025-10-13T22:58:57.354+0000] {logging_mixin.py:151} INFO - [2025-10-13T22:58:57.354+0000] {dag.py:2907} INFO - Sync 1 DAGs
[2025-10-13T22:58:57.381+0000] {logging_mixin.py:151} INFO - [2025-10-13T22:58:57.381+0000] {dag.py:3677} INFO - Setting next_dagrun for sst_mozambique_pipeline to 2025-10-12T22:58:57.381332+00:00, run_after=2025-10-13T22:58:57.381332+00:00
[2025-10-13T22:58:57.403+0000] {processor.py:179} INFO - Processing /opt/airflow/dags/sst_pipeline_dag.py took 0.127 seconds
[2025-10-13T22:59:27.550+0000] {processor.py:157} INFO - Started process (PID=622) to work on /opt/airflow/dags/sst_pipeline_dag.py
[2025-10-13T22:59:27.589+0000] {processor.py:829} INFO - Processing file /opt/airflow/dags/sst_pipeline_dag.py for tasks to queue
[2025-10-13T22:59:27.590+0000] {logging_mixin.py:151} INFO - [2025-10-13T22:59:27.590+0000] {dagbag.py:539} INFO - Filling up the DagBag from /opt/airflow/dags/sst_pipeline_dag.py
[2025-10-13T22:59:27.608+0000] {processor.py:839} INFO - DAG(s) dict_keys(['sst_mozambique_pipeline']) retrieved from /opt/airflow/dags/sst_pipeline_dag.py
[2025-10-13T22:59:27.648+0000] {logging_mixin.py:151} INFO - [2025-10-13T22:59:27.647+0000] {dag.py:2907} INFO - Sync 1 DAGs
[2025-10-13T22:59:27.680+0000] {logging_mixin.py:151} INFO - [2025-10-13T22:59:27.680+0000] {dag.py:3677} INFO - Setting next_dagrun for sst_mozambique_pipeline to 2025-10-12T22:59:27.680349+00:00, run_after=2025-10-13T22:59:27.680349+00:00
[2025-10-13T22:59:27.710+0000] {processor.py:179} INFO - Processing /opt/airflow/dags/sst_pipeline_dag.py took 0.165 seconds
[2025-10-13T22:59:57.859+0000] {processor.py:157} INFO - Started process (PID=627) to work on /opt/airflow/dags/sst_pipeline_dag.py
[2025-10-13T22:59:57.893+0000] {processor.py:829} INFO - Processing file /opt/airflow/dags/sst_pipeline_dag.py for tasks to queue
[2025-10-13T22:59:57.895+0000] {logging_mixin.py:151} INFO - [2025-10-13T22:59:57.894+0000] {dagbag.py:539} INFO - Filling up the DagBag from /opt/airflow/dags/sst_pipeline_dag.py
[2025-10-13T22:59:57.912+0000] {processor.py:839} INFO - DAG(s) dict_keys(['sst_mozambique_pipeline']) retrieved from /opt/airflow/dags/sst_pipeline_dag.py
[2025-10-13T22:59:57.955+0000] {logging_mixin.py:151} INFO - [2025-10-13T22:59:57.955+0000] {dag.py:2907} INFO - Sync 1 DAGs
[2025-10-13T22:59:57.997+0000] {logging_mixin.py:151} INFO - [2025-10-13T22:59:57.996+0000] {dag.py:3677} INFO - Setting next_dagrun for sst_mozambique_pipeline to 2025-10-12T22:59:57.995922+00:00, run_after=2025-10-13T22:59:57.995922+00:00
[2025-10-13T22:59:58.032+0000] {processor.py:179} INFO - Processing /opt/airflow/dags/sst_pipeline_dag.py took 0.179 seconds
[2025-10-13T23:00:28.189+0000] {processor.py:157} INFO - Started process (PID=632) to work on /opt/airflow/dags/sst_pipeline_dag.py
[2025-10-13T23:00:28.192+0000] {processor.py:829} INFO - Processing file /opt/airflow/dags/sst_pipeline_dag.py for tasks to queue
[2025-10-13T23:00:28.193+0000] {logging_mixin.py:151} INFO - [2025-10-13T23:00:28.193+0000] {dagbag.py:539} INFO - Filling up the DagBag from /opt/airflow/dags/sst_pipeline_dag.py
[2025-10-13T23:00:28.212+0000] {processor.py:839} INFO - DAG(s) dict_keys(['sst_mozambique_pipeline']) retrieved from /opt/airflow/dags/sst_pipeline_dag.py
[2025-10-13T23:00:28.252+0000] {logging_mixin.py:151} INFO - [2025-10-13T23:00:28.252+0000] {dag.py:2907} INFO - Sync 1 DAGs
[2025-10-13T23:00:28.291+0000] {logging_mixin.py:151} INFO - [2025-10-13T23:00:28.291+0000] {dag.py:3677} INFO - Setting next_dagrun for sst_mozambique_pipeline to 2025-10-12T23:00:28.291371+00:00, run_after=2025-10-13T23:00:28.291371+00:00
[2025-10-13T23:00:28.315+0000] {processor.py:179} INFO - Processing /opt/airflow/dags/sst_pipeline_dag.py took 0.131 seconds
[2025-10-13T23:00:58.463+0000] {processor.py:157} INFO - Started process (PID=637) to work on /opt/airflow/dags/sst_pipeline_dag.py
[2025-10-13T23:00:58.466+0000] {processor.py:829} INFO - Processing file /opt/airflow/dags/sst_pipeline_dag.py for tasks to queue
[2025-10-13T23:00:58.467+0000] {logging_mixin.py:151} INFO - [2025-10-13T23:00:58.466+0000] {dagbag.py:539} INFO - Filling up the DagBag from /opt/airflow/dags/sst_pipeline_dag.py
[2025-10-13T23:00:58.486+0000] {processor.py:839} INFO - DAG(s) dict_keys(['sst_mozambique_pipeline']) retrieved from /opt/airflow/dags/sst_pipeline_dag.py
[2025-10-13T23:00:58.537+0000] {logging_mixin.py:151} INFO - [2025-10-13T23:00:58.537+0000] {dag.py:2907} INFO - Sync 1 DAGs
[2025-10-13T23:00:58.569+0000] {logging_mixin.py:151} INFO - [2025-10-13T23:00:58.569+0000] {dag.py:3677} INFO - Setting next_dagrun for sst_mozambique_pipeline to 2025-10-12T23:00:58.569367+00:00, run_after=2025-10-13T23:00:58.569367+00:00
[2025-10-13T23:00:58.594+0000] {processor.py:179} INFO - Processing /opt/airflow/dags/sst_pipeline_dag.py took 0.136 seconds
[2025-10-13T23:01:28.743+0000] {processor.py:157} INFO - Started process (PID=642) to work on /opt/airflow/dags/sst_pipeline_dag.py
[2025-10-13T23:01:28.744+0000] {processor.py:829} INFO - Processing file /opt/airflow/dags/sst_pipeline_dag.py for tasks to queue
[2025-10-13T23:01:28.746+0000] {logging_mixin.py:151} INFO - [2025-10-13T23:01:28.745+0000] {dagbag.py:539} INFO - Filling up the DagBag from /opt/airflow/dags/sst_pipeline_dag.py
[2025-10-13T23:01:28.763+0000] {processor.py:839} INFO - DAG(s) dict_keys(['sst_mozambique_pipeline']) retrieved from /opt/airflow/dags/sst_pipeline_dag.py
[2025-10-13T23:01:28.811+0000] {logging_mixin.py:151} INFO - [2025-10-13T23:01:28.811+0000] {dag.py:2907} INFO - Sync 1 DAGs
[2025-10-13T23:01:28.839+0000] {logging_mixin.py:151} INFO - [2025-10-13T23:01:28.839+0000] {dag.py:3677} INFO - Setting next_dagrun for sst_mozambique_pipeline to 2025-10-12T23:01:28.839036+00:00, run_after=2025-10-13T23:01:28.839036+00:00
[2025-10-13T23:01:28.863+0000] {processor.py:179} INFO - Processing /opt/airflow/dags/sst_pipeline_dag.py took 0.125 seconds
[2025-10-13T23:01:59.025+0000] {processor.py:157} INFO - Started process (PID=647) to work on /opt/airflow/dags/sst_pipeline_dag.py
[2025-10-13T23:01:59.038+0000] {processor.py:829} INFO - Processing file /opt/airflow/dags/sst_pipeline_dag.py for tasks to queue
[2025-10-13T23:01:59.040+0000] {logging_mixin.py:151} INFO - [2025-10-13T23:01:59.039+0000] {dagbag.py:539} INFO - Filling up the DagBag from /opt/airflow/dags/sst_pipeline_dag.py
[2025-10-13T23:01:59.062+0000] {processor.py:839} INFO - DAG(s) dict_keys(['sst_mozambique_pipeline']) retrieved from /opt/airflow/dags/sst_pipeline_dag.py
[2025-10-13T23:01:59.102+0000] {logging_mixin.py:151} INFO - [2025-10-13T23:01:59.101+0000] {dag.py:2907} INFO - Sync 1 DAGs
[2025-10-13T23:01:59.130+0000] {logging_mixin.py:151} INFO - [2025-10-13T23:01:59.129+0000] {dag.py:3677} INFO - Setting next_dagrun for sst_mozambique_pipeline to 2025-10-12T23:01:59.129393+00:00, run_after=2025-10-13T23:01:59.129393+00:00
[2025-10-13T23:01:59.154+0000] {processor.py:179} INFO - Processing /opt/airflow/dags/sst_pipeline_dag.py took 0.134 seconds
[2025-10-13T23:02:29.307+0000] {processor.py:157} INFO - Started process (PID=652) to work on /opt/airflow/dags/sst_pipeline_dag.py
[2025-10-13T23:02:29.309+0000] {processor.py:829} INFO - Processing file /opt/airflow/dags/sst_pipeline_dag.py for tasks to queue
[2025-10-13T23:02:29.310+0000] {logging_mixin.py:151} INFO - [2025-10-13T23:02:29.309+0000] {dagbag.py:539} INFO - Filling up the DagBag from /opt/airflow/dags/sst_pipeline_dag.py
[2025-10-13T23:02:29.331+0000] {processor.py:839} INFO - DAG(s) dict_keys(['sst_mozambique_pipeline']) retrieved from /opt/airflow/dags/sst_pipeline_dag.py
[2025-10-13T23:02:29.369+0000] {logging_mixin.py:151} INFO - [2025-10-13T23:02:29.369+0000] {dag.py:2907} INFO - Sync 1 DAGs
[2025-10-13T23:02:29.399+0000] {logging_mixin.py:151} INFO - [2025-10-13T23:02:29.399+0000] {dag.py:3677} INFO - Setting next_dagrun for sst_mozambique_pipeline to 2025-10-12T23:02:29.398962+00:00, run_after=2025-10-13T23:02:29.398962+00:00
[2025-10-13T23:02:29.421+0000] {processor.py:179} INFO - Processing /opt/airflow/dags/sst_pipeline_dag.py took 0.119 seconds
[2025-10-13T23:02:59.568+0000] {processor.py:157} INFO - Started process (PID=657) to work on /opt/airflow/dags/sst_pipeline_dag.py
[2025-10-13T23:02:59.570+0000] {processor.py:829} INFO - Processing file /opt/airflow/dags/sst_pipeline_dag.py for tasks to queue
[2025-10-13T23:02:59.571+0000] {logging_mixin.py:151} INFO - [2025-10-13T23:02:59.571+0000] {dagbag.py:539} INFO - Filling up the DagBag from /opt/airflow/dags/sst_pipeline_dag.py
[2025-10-13T23:02:59.589+0000] {processor.py:839} INFO - DAG(s) dict_keys(['sst_mozambique_pipeline']) retrieved from /opt/airflow/dags/sst_pipeline_dag.py
[2025-10-13T23:02:59.629+0000] {logging_mixin.py:151} INFO - [2025-10-13T23:02:59.629+0000] {dag.py:2907} INFO - Sync 1 DAGs
[2025-10-13T23:02:59.658+0000] {logging_mixin.py:151} INFO - [2025-10-13T23:02:59.657+0000] {dag.py:3677} INFO - Setting next_dagrun for sst_mozambique_pipeline to 2025-10-12T23:02:59.657506+00:00, run_after=2025-10-13T23:02:59.657506+00:00
[2025-10-13T23:02:59.680+0000] {processor.py:179} INFO - Processing /opt/airflow/dags/sst_pipeline_dag.py took 0.117 seconds
[2025-10-13T23:03:29.724+0000] {processor.py:157} INFO - Started process (PID=662) to work on /opt/airflow/dags/sst_pipeline_dag.py
[2025-10-13T23:03:29.725+0000] {processor.py:829} INFO - Processing file /opt/airflow/dags/sst_pipeline_dag.py for tasks to queue
[2025-10-13T23:03:29.726+0000] {logging_mixin.py:151} INFO - [2025-10-13T23:03:29.726+0000] {dagbag.py:539} INFO - Filling up the DagBag from /opt/airflow/dags/sst_pipeline_dag.py
[2025-10-13T23:03:29.744+0000] {processor.py:839} INFO - DAG(s) dict_keys(['sst_mozambique_pipeline']) retrieved from /opt/airflow/dags/sst_pipeline_dag.py
[2025-10-13T23:03:29.782+0000] {logging_mixin.py:151} INFO - [2025-10-13T23:03:29.782+0000] {dag.py:2907} INFO - Sync 1 DAGs
[2025-10-13T23:03:29.824+0000] {logging_mixin.py:151} INFO - [2025-10-13T23:03:29.823+0000] {dag.py:3677} INFO - Setting next_dagrun for sst_mozambique_pipeline to 2025-10-12T23:03:29.823509+00:00, run_after=2025-10-13T23:03:29.823509+00:00
[2025-10-13T23:03:29.847+0000] {processor.py:179} INFO - Processing /opt/airflow/dags/sst_pipeline_dag.py took 0.128 seconds
[2025-10-13T23:03:59.969+0000] {processor.py:157} INFO - Started process (PID=667) to work on /opt/airflow/dags/sst_pipeline_dag.py
[2025-10-13T23:03:59.980+0000] {processor.py:829} INFO - Processing file /opt/airflow/dags/sst_pipeline_dag.py for tasks to queue
[2025-10-13T23:03:59.982+0000] {logging_mixin.py:151} INFO - [2025-10-13T23:03:59.981+0000] {dagbag.py:539} INFO - Filling up the DagBag from /opt/airflow/dags/sst_pipeline_dag.py
[2025-10-13T23:03:59.999+0000] {processor.py:839} INFO - DAG(s) dict_keys(['sst_mozambique_pipeline']) retrieved from /opt/airflow/dags/sst_pipeline_dag.py
[2025-10-13T23:04:00.038+0000] {logging_mixin.py:151} INFO - [2025-10-13T23:04:00.037+0000] {dag.py:2907} INFO - Sync 1 DAGs
[2025-10-13T23:04:00.078+0000] {logging_mixin.py:151} INFO - [2025-10-13T23:04:00.078+0000] {dag.py:3677} INFO - Setting next_dagrun for sst_mozambique_pipeline to 2025-10-12T23:04:00.077516+00:00, run_after=2025-10-13T23:04:00.077516+00:00
[2025-10-13T23:04:00.106+0000] {processor.py:179} INFO - Processing /opt/airflow/dags/sst_pipeline_dag.py took 0.144 seconds
[2025-10-13T23:04:30.252+0000] {processor.py:157} INFO - Started process (PID=672) to work on /opt/airflow/dags/sst_pipeline_dag.py
[2025-10-13T23:04:30.253+0000] {processor.py:829} INFO - Processing file /opt/airflow/dags/sst_pipeline_dag.py for tasks to queue
[2025-10-13T23:04:30.255+0000] {logging_mixin.py:151} INFO - [2025-10-13T23:04:30.254+0000] {dagbag.py:539} INFO - Filling up the DagBag from /opt/airflow/dags/sst_pipeline_dag.py
[2025-10-13T23:04:30.276+0000] {processor.py:839} INFO - DAG(s) dict_keys(['sst_mozambique_pipeline']) retrieved from /opt/airflow/dags/sst_pipeline_dag.py
[2025-10-13T23:04:30.319+0000] {logging_mixin.py:151} INFO - [2025-10-13T23:04:30.318+0000] {dag.py:2907} INFO - Sync 1 DAGs
[2025-10-13T23:04:30.355+0000] {logging_mixin.py:151} INFO - [2025-10-13T23:04:30.354+0000] {dag.py:3677} INFO - Setting next_dagrun for sst_mozambique_pipeline to 2025-10-12T23:04:30.354576+00:00, run_after=2025-10-13T23:04:30.354576+00:00
[2025-10-13T23:04:30.377+0000] {processor.py:179} INFO - Processing /opt/airflow/dags/sst_pipeline_dag.py took 0.132 seconds
[2025-10-13T23:05:00.526+0000] {processor.py:157} INFO - Started process (PID=677) to work on /opt/airflow/dags/sst_pipeline_dag.py
[2025-10-13T23:05:00.547+0000] {processor.py:829} INFO - Processing file /opt/airflow/dags/sst_pipeline_dag.py for tasks to queue
[2025-10-13T23:05:00.548+0000] {logging_mixin.py:151} INFO - [2025-10-13T23:05:00.548+0000] {dagbag.py:539} INFO - Filling up the DagBag from /opt/airflow/dags/sst_pipeline_dag.py
[2025-10-13T23:05:00.568+0000] {processor.py:839} INFO - DAG(s) dict_keys(['sst_mozambique_pipeline']) retrieved from /opt/airflow/dags/sst_pipeline_dag.py
[2025-10-13T23:05:00.614+0000] {logging_mixin.py:151} INFO - [2025-10-13T23:05:00.614+0000] {dag.py:2907} INFO - Sync 1 DAGs
[2025-10-13T23:05:00.643+0000] {logging_mixin.py:151} INFO - [2025-10-13T23:05:00.643+0000] {dag.py:3677} INFO - Setting next_dagrun for sst_mozambique_pipeline to 2025-10-12T23:05:00.643080+00:00, run_after=2025-10-13T23:05:00.643080+00:00
[2025-10-13T23:05:00.669+0000] {processor.py:179} INFO - Processing /opt/airflow/dags/sst_pipeline_dag.py took 0.148 seconds
[2025-10-13T23:05:30.821+0000] {processor.py:157} INFO - Started process (PID=682) to work on /opt/airflow/dags/sst_pipeline_dag.py
[2025-10-13T23:05:30.838+0000] {processor.py:829} INFO - Processing file /opt/airflow/dags/sst_pipeline_dag.py for tasks to queue
[2025-10-13T23:05:30.840+0000] {logging_mixin.py:151} INFO - [2025-10-13T23:05:30.839+0000] {dagbag.py:539} INFO - Filling up the DagBag from /opt/airflow/dags/sst_pipeline_dag.py
[2025-10-13T23:05:30.861+0000] {processor.py:839} INFO - DAG(s) dict_keys(['sst_mozambique_pipeline']) retrieved from /opt/airflow/dags/sst_pipeline_dag.py
[2025-10-13T23:05:30.904+0000] {logging_mixin.py:151} INFO - [2025-10-13T23:05:30.903+0000] {dag.py:2907} INFO - Sync 1 DAGs
[2025-10-13T23:05:30.934+0000] {logging_mixin.py:151} INFO - [2025-10-13T23:05:30.933+0000] {dag.py:3677} INFO - Setting next_dagrun for sst_mozambique_pipeline to 2025-10-12T23:05:30.933363+00:00, run_after=2025-10-13T23:05:30.933363+00:00
[2025-10-13T23:05:30.956+0000] {processor.py:179} INFO - Processing /opt/airflow/dags/sst_pipeline_dag.py took 0.143 seconds
[2025-10-13T23:06:01.118+0000] {processor.py:157} INFO - Started process (PID=687) to work on /opt/airflow/dags/sst_pipeline_dag.py
[2025-10-13T23:06:01.151+0000] {processor.py:829} INFO - Processing file /opt/airflow/dags/sst_pipeline_dag.py for tasks to queue
[2025-10-13T23:06:01.152+0000] {logging_mixin.py:151} INFO - [2025-10-13T23:06:01.152+0000] {dagbag.py:539} INFO - Filling up the DagBag from /opt/airflow/dags/sst_pipeline_dag.py
[2025-10-13T23:06:01.171+0000] {processor.py:839} INFO - DAG(s) dict_keys(['sst_mozambique_pipeline']) retrieved from /opt/airflow/dags/sst_pipeline_dag.py
[2025-10-13T23:06:01.209+0000] {logging_mixin.py:151} INFO - [2025-10-13T23:06:01.209+0000] {dag.py:2907} INFO - Sync 1 DAGs
[2025-10-13T23:06:01.238+0000] {logging_mixin.py:151} INFO - [2025-10-13T23:06:01.238+0000] {dag.py:3677} INFO - Setting next_dagrun for sst_mozambique_pipeline to 2025-10-12T23:06:01.237818+00:00, run_after=2025-10-13T23:06:01.237818+00:00
[2025-10-13T23:06:01.262+0000] {processor.py:179} INFO - Processing /opt/airflow/dags/sst_pipeline_dag.py took 0.150 seconds
[2025-10-13T23:06:31.411+0000] {processor.py:157} INFO - Started process (PID=692) to work on /opt/airflow/dags/sst_pipeline_dag.py
[2025-10-13T23:06:31.456+0000] {processor.py:829} INFO - Processing file /opt/airflow/dags/sst_pipeline_dag.py for tasks to queue
[2025-10-13T23:06:31.457+0000] {logging_mixin.py:151} INFO - [2025-10-13T23:06:31.457+0000] {dagbag.py:539} INFO - Filling up the DagBag from /opt/airflow/dags/sst_pipeline_dag.py
[2025-10-13T23:06:31.476+0000] {processor.py:839} INFO - DAG(s) dict_keys(['sst_mozambique_pipeline']) retrieved from /opt/airflow/dags/sst_pipeline_dag.py
[2025-10-13T23:06:31.514+0000] {logging_mixin.py:151} INFO - [2025-10-13T23:06:31.514+0000] {dag.py:2907} INFO - Sync 1 DAGs
[2025-10-13T23:06:31.546+0000] {logging_mixin.py:151} INFO - [2025-10-13T23:06:31.546+0000] {dag.py:3677} INFO - Setting next_dagrun for sst_mozambique_pipeline to 2025-10-12T23:06:31.546099+00:00, run_after=2025-10-13T23:06:31.546099+00:00
[2025-10-13T23:06:31.569+0000] {processor.py:179} INFO - Processing /opt/airflow/dags/sst_pipeline_dag.py took 0.163 seconds
[2025-10-13T23:07:01.728+0000] {processor.py:157} INFO - Started process (PID=697) to work on /opt/airflow/dags/sst_pipeline_dag.py
[2025-10-13T23:07:01.736+0000] {processor.py:829} INFO - Processing file /opt/airflow/dags/sst_pipeline_dag.py for tasks to queue
[2025-10-13T23:07:01.737+0000] {logging_mixin.py:151} INFO - [2025-10-13T23:07:01.737+0000] {dagbag.py:539} INFO - Filling up the DagBag from /opt/airflow/dags/sst_pipeline_dag.py
[2025-10-13T23:07:01.760+0000] {processor.py:839} INFO - DAG(s) dict_keys(['sst_mozambique_pipeline']) retrieved from /opt/airflow/dags/sst_pipeline_dag.py
[2025-10-13T23:07:01.798+0000] {logging_mixin.py:151} INFO - [2025-10-13T23:07:01.798+0000] {dag.py:2907} INFO - Sync 1 DAGs
[2025-10-13T23:07:01.827+0000] {logging_mixin.py:151} INFO - [2025-10-13T23:07:01.826+0000] {dag.py:3677} INFO - Setting next_dagrun for sst_mozambique_pipeline to 2025-10-12T23:07:01.826403+00:00, run_after=2025-10-13T23:07:01.826403+00:00
[2025-10-13T23:07:01.849+0000] {processor.py:179} INFO - Processing /opt/airflow/dags/sst_pipeline_dag.py took 0.128 seconds
[2025-10-13T23:07:32.001+0000] {processor.py:157} INFO - Started process (PID=702) to work on /opt/airflow/dags/sst_pipeline_dag.py
[2025-10-13T23:07:32.041+0000] {processor.py:829} INFO - Processing file /opt/airflow/dags/sst_pipeline_dag.py for tasks to queue
[2025-10-13T23:07:32.043+0000] {logging_mixin.py:151} INFO - [2025-10-13T23:07:32.042+0000] {dagbag.py:539} INFO - Filling up the DagBag from /opt/airflow/dags/sst_pipeline_dag.py
[2025-10-13T23:07:32.061+0000] {processor.py:839} INFO - DAG(s) dict_keys(['sst_mozambique_pipeline']) retrieved from /opt/airflow/dags/sst_pipeline_dag.py
[2025-10-13T23:07:32.102+0000] {logging_mixin.py:151} INFO - [2025-10-13T23:07:32.102+0000] {dag.py:2907} INFO - Sync 1 DAGs
[2025-10-13T23:07:32.130+0000] {logging_mixin.py:151} INFO - [2025-10-13T23:07:32.130+0000] {dag.py:3677} INFO - Setting next_dagrun for sst_mozambique_pipeline to 2025-10-12T23:07:32.130352+00:00, run_after=2025-10-13T23:07:32.130352+00:00
[2025-10-13T23:07:32.153+0000] {processor.py:179} INFO - Processing /opt/airflow/dags/sst_pipeline_dag.py took 0.159 seconds
[2025-10-13T23:08:02.301+0000] {processor.py:157} INFO - Started process (PID=707) to work on /opt/airflow/dags/sst_pipeline_dag.py
[2025-10-13T23:08:02.302+0000] {processor.py:829} INFO - Processing file /opt/airflow/dags/sst_pipeline_dag.py for tasks to queue
[2025-10-13T23:08:02.303+0000] {logging_mixin.py:151} INFO - [2025-10-13T23:08:02.303+0000] {dagbag.py:539} INFO - Filling up the DagBag from /opt/airflow/dags/sst_pipeline_dag.py
[2025-10-13T23:08:02.322+0000] {processor.py:839} INFO - DAG(s) dict_keys(['sst_mozambique_pipeline']) retrieved from /opt/airflow/dags/sst_pipeline_dag.py
[2025-10-13T23:08:02.361+0000] {logging_mixin.py:151} INFO - [2025-10-13T23:08:02.361+0000] {dag.py:2907} INFO - Sync 1 DAGs
[2025-10-13T23:08:02.389+0000] {logging_mixin.py:151} INFO - [2025-10-13T23:08:02.389+0000] {dag.py:3677} INFO - Setting next_dagrun for sst_mozambique_pipeline to 2025-10-12T23:08:02.389347+00:00, run_after=2025-10-13T23:08:02.389347+00:00
[2025-10-13T23:08:02.413+0000] {processor.py:179} INFO - Processing /opt/airflow/dags/sst_pipeline_dag.py took 0.117 seconds
[2025-10-13T23:08:32.457+0000] {processor.py:157} INFO - Started process (PID=712) to work on /opt/airflow/dags/sst_pipeline_dag.py
[2025-10-13T23:08:32.485+0000] {processor.py:829} INFO - Processing file /opt/airflow/dags/sst_pipeline_dag.py for tasks to queue
[2025-10-13T23:08:32.486+0000] {logging_mixin.py:151} INFO - [2025-10-13T23:08:32.486+0000] {dagbag.py:539} INFO - Filling up the DagBag from /opt/airflow/dags/sst_pipeline_dag.py
[2025-10-13T23:08:32.505+0000] {processor.py:839} INFO - DAG(s) dict_keys(['sst_mozambique_pipeline']) retrieved from /opt/airflow/dags/sst_pipeline_dag.py
[2025-10-13T23:08:32.549+0000] {logging_mixin.py:151} INFO - [2025-10-13T23:08:32.548+0000] {dag.py:2907} INFO - Sync 1 DAGs
[2025-10-13T23:08:32.579+0000] {logging_mixin.py:151} INFO - [2025-10-13T23:08:32.579+0000] {dag.py:3677} INFO - Setting next_dagrun for sst_mozambique_pipeline to 2025-10-12T23:08:32.578776+00:00, run_after=2025-10-13T23:08:32.578776+00:00
[2025-10-13T23:08:32.602+0000] {processor.py:179} INFO - Processing /opt/airflow/dags/sst_pipeline_dag.py took 0.150 seconds
[2025-10-13T23:09:02.697+0000] {processor.py:157} INFO - Started process (PID=717) to work on /opt/airflow/dags/sst_pipeline_dag.py
[2025-10-13T23:09:02.698+0000] {processor.py:829} INFO - Processing file /opt/airflow/dags/sst_pipeline_dag.py for tasks to queue
[2025-10-13T23:09:02.699+0000] {logging_mixin.py:151} INFO - [2025-10-13T23:09:02.698+0000] {dagbag.py:539} INFO - Filling up the DagBag from /opt/airflow/dags/sst_pipeline_dag.py
[2025-10-13T23:09:02.718+0000] {processor.py:839} INFO - DAG(s) dict_keys(['sst_mozambique_pipeline']) retrieved from /opt/airflow/dags/sst_pipeline_dag.py
[2025-10-13T23:09:02.760+0000] {logging_mixin.py:151} INFO - [2025-10-13T23:09:02.760+0000] {dag.py:2907} INFO - Sync 1 DAGs
[2025-10-13T23:09:02.789+0000] {logging_mixin.py:151} INFO - [2025-10-13T23:09:02.789+0000] {dag.py:3677} INFO - Setting next_dagrun for sst_mozambique_pipeline to 2025-10-12T23:09:02.788963+00:00, run_after=2025-10-13T23:09:02.788963+00:00
[2025-10-13T23:09:02.819+0000] {processor.py:179} INFO - Processing /opt/airflow/dags/sst_pipeline_dag.py took 0.127 seconds
[2025-10-13T23:09:32.887+0000] {processor.py:157} INFO - Started process (PID=722) to work on /opt/airflow/dags/sst_pipeline_dag.py
[2025-10-13T23:09:32.889+0000] {processor.py:829} INFO - Processing file /opt/airflow/dags/sst_pipeline_dag.py for tasks to queue
[2025-10-13T23:09:32.890+0000] {logging_mixin.py:151} INFO - [2025-10-13T23:09:32.890+0000] {dagbag.py:539} INFO - Filling up the DagBag from /opt/airflow/dags/sst_pipeline_dag.py
[2025-10-13T23:09:32.908+0000] {processor.py:839} INFO - DAG(s) dict_keys(['sst_mozambique_pipeline']) retrieved from /opt/airflow/dags/sst_pipeline_dag.py
[2025-10-13T23:09:32.948+0000] {logging_mixin.py:151} INFO - [2025-10-13T23:09:32.948+0000] {dag.py:2907} INFO - Sync 1 DAGs
[2025-10-13T23:09:32.977+0000] {logging_mixin.py:151} INFO - [2025-10-13T23:09:32.977+0000] {dag.py:3677} INFO - Setting next_dagrun for sst_mozambique_pipeline to 2025-10-12T23:09:32.976957+00:00, run_after=2025-10-13T23:09:32.976957+00:00
[2025-10-13T23:09:33.000+0000] {processor.py:179} INFO - Processing /opt/airflow/dags/sst_pipeline_dag.py took 0.118 seconds
[2025-10-13T23:10:03.107+0000] {processor.py:157} INFO - Started process (PID=727) to work on /opt/airflow/dags/sst_pipeline_dag.py
[2025-10-13T23:10:03.108+0000] {processor.py:829} INFO - Processing file /opt/airflow/dags/sst_pipeline_dag.py for tasks to queue
[2025-10-13T23:10:03.110+0000] {logging_mixin.py:151} INFO - [2025-10-13T23:10:03.109+0000] {dagbag.py:539} INFO - Filling up the DagBag from /opt/airflow/dags/sst_pipeline_dag.py
[2025-10-13T23:10:03.136+0000] {processor.py:839} INFO - DAG(s) dict_keys(['sst_mozambique_pipeline']) retrieved from /opt/airflow/dags/sst_pipeline_dag.py
[2025-10-13T23:10:03.182+0000] {logging_mixin.py:151} INFO - [2025-10-13T23:10:03.181+0000] {dag.py:2907} INFO - Sync 1 DAGs
[2025-10-13T23:10:03.216+0000] {logging_mixin.py:151} INFO - [2025-10-13T23:10:03.216+0000] {dag.py:3677} INFO - Setting next_dagrun for sst_mozambique_pipeline to 2025-10-12T23:10:03.216343+00:00, run_after=2025-10-13T23:10:03.216343+00:00
[2025-10-13T23:10:03.239+0000] {processor.py:179} INFO - Processing /opt/airflow/dags/sst_pipeline_dag.py took 0.136 seconds
[2025-10-13T23:10:33.307+0000] {processor.py:157} INFO - Started process (PID=732) to work on /opt/airflow/dags/sst_pipeline_dag.py
[2025-10-13T23:10:33.353+0000] {processor.py:829} INFO - Processing file /opt/airflow/dags/sst_pipeline_dag.py for tasks to queue
[2025-10-13T23:10:33.355+0000] {logging_mixin.py:151} INFO - [2025-10-13T23:10:33.354+0000] {dagbag.py:539} INFO - Filling up the DagBag from /opt/airflow/dags/sst_pipeline_dag.py
[2025-10-13T23:10:33.376+0000] {processor.py:839} INFO - DAG(s) dict_keys(['sst_mozambique_pipeline']) retrieved from /opt/airflow/dags/sst_pipeline_dag.py
[2025-10-13T23:10:33.416+0000] {logging_mixin.py:151} INFO - [2025-10-13T23:10:33.416+0000] {dag.py:2907} INFO - Sync 1 DAGs
[2025-10-13T23:10:33.451+0000] {logging_mixin.py:151} INFO - [2025-10-13T23:10:33.451+0000] {dag.py:3677} INFO - Setting next_dagrun for sst_mozambique_pipeline to 2025-10-12T23:10:33.451211+00:00, run_after=2025-10-13T23:10:33.451211+00:00
[2025-10-13T23:10:33.475+0000] {processor.py:179} INFO - Processing /opt/airflow/dags/sst_pipeline_dag.py took 0.173 seconds
[2025-10-13T23:11:03.524+0000] {processor.py:157} INFO - Started process (PID=737) to work on /opt/airflow/dags/sst_pipeline_dag.py
[2025-10-13T23:11:03.524+0000] {processor.py:829} INFO - Processing file /opt/airflow/dags/sst_pipeline_dag.py for tasks to queue
[2025-10-13T23:11:03.526+0000] {logging_mixin.py:151} INFO - [2025-10-13T23:11:03.525+0000] {dagbag.py:539} INFO - Filling up the DagBag from /opt/airflow/dags/sst_pipeline_dag.py
[2025-10-13T23:11:03.543+0000] {processor.py:839} INFO - DAG(s) dict_keys(['sst_mozambique_pipeline']) retrieved from /opt/airflow/dags/sst_pipeline_dag.py
[2025-10-13T23:11:03.580+0000] {logging_mixin.py:151} INFO - [2025-10-13T23:11:03.580+0000] {dag.py:2907} INFO - Sync 1 DAGs
[2025-10-13T23:11:03.612+0000] {logging_mixin.py:151} INFO - [2025-10-13T23:11:03.611+0000] {dag.py:3677} INFO - Setting next_dagrun for sst_mozambique_pipeline to 2025-10-12T23:11:03.611603+00:00, run_after=2025-10-13T23:11:03.611603+00:00
[2025-10-13T23:11:03.635+0000] {processor.py:179} INFO - Processing /opt/airflow/dags/sst_pipeline_dag.py took 0.117 seconds
[2025-10-13T23:11:33.768+0000] {processor.py:157} INFO - Started process (PID=742) to work on /opt/airflow/dags/sst_pipeline_dag.py
[2025-10-13T23:11:33.769+0000] {processor.py:829} INFO - Processing file /opt/airflow/dags/sst_pipeline_dag.py for tasks to queue
[2025-10-13T23:11:33.770+0000] {logging_mixin.py:151} INFO - [2025-10-13T23:11:33.769+0000] {dagbag.py:539} INFO - Filling up the DagBag from /opt/airflow/dags/sst_pipeline_dag.py
[2025-10-13T23:11:33.787+0000] {processor.py:839} INFO - DAG(s) dict_keys(['sst_mozambique_pipeline']) retrieved from /opt/airflow/dags/sst_pipeline_dag.py
[2025-10-13T23:11:33.824+0000] {logging_mixin.py:151} INFO - [2025-10-13T23:11:33.824+0000] {dag.py:2907} INFO - Sync 1 DAGs
[2025-10-13T23:11:33.852+0000] {logging_mixin.py:151} INFO - [2025-10-13T23:11:33.852+0000] {dag.py:3677} INFO - Setting next_dagrun for sst_mozambique_pipeline to 2025-10-12T23:11:33.852269+00:00, run_after=2025-10-13T23:11:33.852269+00:00
[2025-10-13T23:11:33.874+0000] {processor.py:179} INFO - Processing /opt/airflow/dags/sst_pipeline_dag.py took 0.113 seconds
[2025-10-13T23:12:03.919+0000] {processor.py:157} INFO - Started process (PID=747) to work on /opt/airflow/dags/sst_pipeline_dag.py
[2025-10-13T23:12:03.932+0000] {processor.py:829} INFO - Processing file /opt/airflow/dags/sst_pipeline_dag.py for tasks to queue
[2025-10-13T23:12:03.934+0000] {logging_mixin.py:151} INFO - [2025-10-13T23:12:03.933+0000] {dagbag.py:539} INFO - Filling up the DagBag from /opt/airflow/dags/sst_pipeline_dag.py
[2025-10-13T23:12:03.952+0000] {processor.py:839} INFO - DAG(s) dict_keys(['sst_mozambique_pipeline']) retrieved from /opt/airflow/dags/sst_pipeline_dag.py
[2025-10-13T23:12:03.990+0000] {logging_mixin.py:151} INFO - [2025-10-13T23:12:03.990+0000] {dag.py:2907} INFO - Sync 1 DAGs
[2025-10-13T23:12:04.020+0000] {logging_mixin.py:151} INFO - [2025-10-13T23:12:04.020+0000] {dag.py:3677} INFO - Setting next_dagrun for sst_mozambique_pipeline to 2025-10-12T23:12:04.020243+00:00, run_after=2025-10-13T23:12:04.020243+00:00
[2025-10-13T23:12:04.043+0000] {processor.py:179} INFO - Processing /opt/airflow/dags/sst_pipeline_dag.py took 0.129 seconds
[2025-10-13T23:12:34.160+0000] {processor.py:157} INFO - Started process (PID=752) to work on /opt/airflow/dags/sst_pipeline_dag.py
[2025-10-13T23:12:34.162+0000] {processor.py:829} INFO - Processing file /opt/airflow/dags/sst_pipeline_dag.py for tasks to queue
[2025-10-13T23:12:34.163+0000] {logging_mixin.py:151} INFO - [2025-10-13T23:12:34.163+0000] {dagbag.py:539} INFO - Filling up the DagBag from /opt/airflow/dags/sst_pipeline_dag.py
[2025-10-13T23:12:34.184+0000] {processor.py:839} INFO - DAG(s) dict_keys(['sst_mozambique_pipeline']) retrieved from /opt/airflow/dags/sst_pipeline_dag.py
[2025-10-13T23:12:34.221+0000] {logging_mixin.py:151} INFO - [2025-10-13T23:12:34.221+0000] {dag.py:2907} INFO - Sync 1 DAGs
[2025-10-13T23:12:34.249+0000] {logging_mixin.py:151} INFO - [2025-10-13T23:12:34.249+0000] {dag.py:3677} INFO - Setting next_dagrun for sst_mozambique_pipeline to 2025-10-12T23:12:34.249061+00:00, run_after=2025-10-13T23:12:34.249061+00:00
[2025-10-13T23:12:34.273+0000] {processor.py:179} INFO - Processing /opt/airflow/dags/sst_pipeline_dag.py took 0.118 seconds
[2025-10-13T23:13:04.357+0000] {processor.py:157} INFO - Started process (PID=757) to work on /opt/airflow/dags/sst_pipeline_dag.py
[2025-10-13T23:13:04.359+0000] {processor.py:829} INFO - Processing file /opt/airflow/dags/sst_pipeline_dag.py for tasks to queue
[2025-10-13T23:13:04.361+0000] {logging_mixin.py:151} INFO - [2025-10-13T23:13:04.360+0000] {dagbag.py:539} INFO - Filling up the DagBag from /opt/airflow/dags/sst_pipeline_dag.py
[2025-10-13T23:13:04.380+0000] {processor.py:839} INFO - DAG(s) dict_keys(['sst_mozambique_pipeline']) retrieved from /opt/airflow/dags/sst_pipeline_dag.py
[2025-10-13T23:13:04.433+0000] {logging_mixin.py:151} INFO - [2025-10-13T23:13:04.433+0000] {dag.py:2907} INFO - Sync 1 DAGs
[2025-10-13T23:13:04.475+0000] {logging_mixin.py:151} INFO - [2025-10-13T23:13:04.474+0000] {dag.py:3677} INFO - Setting next_dagrun for sst_mozambique_pipeline to 2025-10-12T23:13:04.474566+00:00, run_after=2025-10-13T23:13:04.474566+00:00
[2025-10-13T23:13:04.498+0000] {processor.py:179} INFO - Processing /opt/airflow/dags/sst_pipeline_dag.py took 0.147 seconds
[2025-10-13T23:13:34.570+0000] {processor.py:157} INFO - Started process (PID=762) to work on /opt/airflow/dags/sst_pipeline_dag.py
[2025-10-13T23:13:34.584+0000] {processor.py:829} INFO - Processing file /opt/airflow/dags/sst_pipeline_dag.py for tasks to queue
[2025-10-13T23:13:34.585+0000] {logging_mixin.py:151} INFO - [2025-10-13T23:13:34.585+0000] {dagbag.py:539} INFO - Filling up the DagBag from /opt/airflow/dags/sst_pipeline_dag.py
[2025-10-13T23:13:34.603+0000] {processor.py:839} INFO - DAG(s) dict_keys(['sst_mozambique_pipeline']) retrieved from /opt/airflow/dags/sst_pipeline_dag.py
[2025-10-13T23:13:34.644+0000] {logging_mixin.py:151} INFO - [2025-10-13T23:13:34.644+0000] {dag.py:2907} INFO - Sync 1 DAGs
[2025-10-13T23:13:34.672+0000] {logging_mixin.py:151} INFO - [2025-10-13T23:13:34.672+0000] {dag.py:3677} INFO - Setting next_dagrun for sst_mozambique_pipeline to 2025-10-12T23:13:34.671937+00:00, run_after=2025-10-13T23:13:34.671937+00:00
[2025-10-13T23:13:34.694+0000] {processor.py:179} INFO - Processing /opt/airflow/dags/sst_pipeline_dag.py took 0.130 seconds
[2025-10-13T23:14:04.799+0000] {processor.py:157} INFO - Started process (PID=767) to work on /opt/airflow/dags/sst_pipeline_dag.py
[2025-10-13T23:14:04.816+0000] {processor.py:829} INFO - Processing file /opt/airflow/dags/sst_pipeline_dag.py for tasks to queue
[2025-10-13T23:14:04.818+0000] {logging_mixin.py:151} INFO - [2025-10-13T23:14:04.817+0000] {dagbag.py:539} INFO - Filling up the DagBag from /opt/airflow/dags/sst_pipeline_dag.py
[2025-10-13T23:14:04.856+0000] {processor.py:839} INFO - DAG(s) dict_keys(['sst_mozambique_pipeline']) retrieved from /opt/airflow/dags/sst_pipeline_dag.py
[2025-10-13T23:14:04.913+0000] {logging_mixin.py:151} INFO - [2025-10-13T23:14:04.913+0000] {dag.py:2907} INFO - Sync 1 DAGs
[2025-10-13T23:14:04.955+0000] {logging_mixin.py:151} INFO - [2025-10-13T23:14:04.955+0000] {dag.py:3677} INFO - Setting next_dagrun for sst_mozambique_pipeline to 2025-10-12T23:14:04.954612+00:00, run_after=2025-10-13T23:14:04.954612+00:00
[2025-10-13T23:14:04.983+0000] {processor.py:179} INFO - Processing /opt/airflow/dags/sst_pipeline_dag.py took 0.196 seconds
[2025-10-13T23:14:35.152+0000] {processor.py:157} INFO - Started process (PID=772) to work on /opt/airflow/dags/sst_pipeline_dag.py
[2025-10-13T23:14:35.153+0000] {processor.py:829} INFO - Processing file /opt/airflow/dags/sst_pipeline_dag.py for tasks to queue
[2025-10-13T23:14:35.155+0000] {logging_mixin.py:151} INFO - [2025-10-13T23:14:35.154+0000] {dagbag.py:539} INFO - Filling up the DagBag from /opt/airflow/dags/sst_pipeline_dag.py
[2025-10-13T23:14:35.180+0000] {processor.py:839} INFO - DAG(s) dict_keys(['sst_mozambique_pipeline']) retrieved from /opt/airflow/dags/sst_pipeline_dag.py
[2025-10-13T23:14:35.224+0000] {logging_mixin.py:151} INFO - [2025-10-13T23:14:35.224+0000] {dag.py:2907} INFO - Sync 1 DAGs
[2025-10-13T23:14:35.257+0000] {logging_mixin.py:151} INFO - [2025-10-13T23:14:35.256+0000] {dag.py:3677} INFO - Setting next_dagrun for sst_mozambique_pipeline to 2025-10-12T23:14:35.256544+00:00, run_after=2025-10-13T23:14:35.256544+00:00
[2025-10-13T23:14:35.282+0000] {processor.py:179} INFO - Processing /opt/airflow/dags/sst_pipeline_dag.py took 0.140 seconds
[2025-10-13T23:15:05.433+0000] {processor.py:157} INFO - Started process (PID=777) to work on /opt/airflow/dags/sst_pipeline_dag.py
[2025-10-13T23:15:05.455+0000] {processor.py:829} INFO - Processing file /opt/airflow/dags/sst_pipeline_dag.py for tasks to queue
[2025-10-13T23:15:05.457+0000] {logging_mixin.py:151} INFO - [2025-10-13T23:15:05.456+0000] {dagbag.py:539} INFO - Filling up the DagBag from /opt/airflow/dags/sst_pipeline_dag.py
[2025-10-13T23:15:05.475+0000] {processor.py:839} INFO - DAG(s) dict_keys(['sst_mozambique_pipeline']) retrieved from /opt/airflow/dags/sst_pipeline_dag.py
[2025-10-13T23:15:05.512+0000] {logging_mixin.py:151} INFO - [2025-10-13T23:15:05.512+0000] {dag.py:2907} INFO - Sync 1 DAGs
[2025-10-13T23:15:05.541+0000] {logging_mixin.py:151} INFO - [2025-10-13T23:15:05.541+0000] {dag.py:3677} INFO - Setting next_dagrun for sst_mozambique_pipeline to 2025-10-12T23:15:05.541080+00:00, run_after=2025-10-13T23:15:05.541080+00:00
[2025-10-13T23:15:05.563+0000] {processor.py:179} INFO - Processing /opt/airflow/dags/sst_pipeline_dag.py took 0.137 seconds
[2025-10-13T23:15:35.713+0000] {processor.py:157} INFO - Started process (PID=782) to work on /opt/airflow/dags/sst_pipeline_dag.py
[2025-10-13T23:15:35.714+0000] {processor.py:829} INFO - Processing file /opt/airflow/dags/sst_pipeline_dag.py for tasks to queue
[2025-10-13T23:15:35.715+0000] {logging_mixin.py:151} INFO - [2025-10-13T23:15:35.715+0000] {dagbag.py:539} INFO - Filling up the DagBag from /opt/airflow/dags/sst_pipeline_dag.py
[2025-10-13T23:15:35.734+0000] {processor.py:839} INFO - DAG(s) dict_keys(['sst_mozambique_pipeline']) retrieved from /opt/airflow/dags/sst_pipeline_dag.py
[2025-10-13T23:15:35.774+0000] {logging_mixin.py:151} INFO - [2025-10-13T23:15:35.774+0000] {dag.py:2907} INFO - Sync 1 DAGs
[2025-10-13T23:15:35.805+0000] {logging_mixin.py:151} INFO - [2025-10-13T23:15:35.805+0000] {dag.py:3677} INFO - Setting next_dagrun for sst_mozambique_pipeline to 2025-10-12T23:15:35.805107+00:00, run_after=2025-10-13T23:15:35.805107+00:00
[2025-10-13T23:15:35.829+0000] {processor.py:179} INFO - Processing /opt/airflow/dags/sst_pipeline_dag.py took 0.122 seconds
[2025-10-13T23:16:05.980+0000] {processor.py:157} INFO - Started process (PID=787) to work on /opt/airflow/dags/sst_pipeline_dag.py
[2025-10-13T23:16:06.002+0000] {processor.py:829} INFO - Processing file /opt/airflow/dags/sst_pipeline_dag.py for tasks to queue
[2025-10-13T23:16:06.003+0000] {logging_mixin.py:151} INFO - [2025-10-13T23:16:06.003+0000] {dagbag.py:539} INFO - Filling up the DagBag from /opt/airflow/dags/sst_pipeline_dag.py
[2025-10-13T23:16:06.021+0000] {processor.py:839} INFO - DAG(s) dict_keys(['sst_mozambique_pipeline']) retrieved from /opt/airflow/dags/sst_pipeline_dag.py
[2025-10-13T23:16:06.060+0000] {logging_mixin.py:151} INFO - [2025-10-13T23:16:06.059+0000] {dag.py:2907} INFO - Sync 1 DAGs
[2025-10-13T23:16:06.088+0000] {logging_mixin.py:151} INFO - [2025-10-13T23:16:06.088+0000] {dag.py:3677} INFO - Setting next_dagrun for sst_mozambique_pipeline to 2025-10-12T23:16:06.088158+00:00, run_after=2025-10-13T23:16:06.088158+00:00
[2025-10-13T23:16:06.110+0000] {processor.py:179} INFO - Processing /opt/airflow/dags/sst_pipeline_dag.py took 0.135 seconds
[2025-10-13T23:16:36.259+0000] {processor.py:157} INFO - Started process (PID=792) to work on /opt/airflow/dags/sst_pipeline_dag.py
[2025-10-13T23:16:36.260+0000] {processor.py:829} INFO - Processing file /opt/airflow/dags/sst_pipeline_dag.py for tasks to queue
[2025-10-13T23:16:36.261+0000] {logging_mixin.py:151} INFO - [2025-10-13T23:16:36.261+0000] {dagbag.py:539} INFO - Filling up the DagBag from /opt/airflow/dags/sst_pipeline_dag.py
[2025-10-13T23:16:36.279+0000] {processor.py:839} INFO - DAG(s) dict_keys(['sst_mozambique_pipeline']) retrieved from /opt/airflow/dags/sst_pipeline_dag.py
[2025-10-13T23:16:36.317+0000] {logging_mixin.py:151} INFO - [2025-10-13T23:16:36.317+0000] {dag.py:2907} INFO - Sync 1 DAGs
[2025-10-13T23:16:36.349+0000] {logging_mixin.py:151} INFO - [2025-10-13T23:16:36.349+0000] {dag.py:3677} INFO - Setting next_dagrun for sst_mozambique_pipeline to 2025-10-12T23:16:36.348445+00:00, run_after=2025-10-13T23:16:36.348445+00:00
[2025-10-13T23:16:36.376+0000] {processor.py:179} INFO - Processing /opt/airflow/dags/sst_pipeline_dag.py took 0.123 seconds
[2025-10-13T23:17:06.518+0000] {processor.py:157} INFO - Started process (PID=797) to work on /opt/airflow/dags/sst_pipeline_dag.py
[2025-10-13T23:17:06.556+0000] {processor.py:829} INFO - Processing file /opt/airflow/dags/sst_pipeline_dag.py for tasks to queue
[2025-10-13T23:17:06.558+0000] {logging_mixin.py:151} INFO - [2025-10-13T23:17:06.557+0000] {dagbag.py:539} INFO - Filling up the DagBag from /opt/airflow/dags/sst_pipeline_dag.py
[2025-10-13T23:17:06.575+0000] {processor.py:839} INFO - DAG(s) dict_keys(['sst_mozambique_pipeline']) retrieved from /opt/airflow/dags/sst_pipeline_dag.py
[2025-10-13T23:17:06.612+0000] {logging_mixin.py:151} INFO - [2025-10-13T23:17:06.612+0000] {dag.py:2907} INFO - Sync 1 DAGs
[2025-10-13T23:17:06.641+0000] {logging_mixin.py:151} INFO - [2025-10-13T23:17:06.641+0000] {dag.py:3677} INFO - Setting next_dagrun for sst_mozambique_pipeline to 2025-10-12T23:17:06.640708+00:00, run_after=2025-10-13T23:17:06.640708+00:00
[2025-10-13T23:17:06.664+0000] {processor.py:179} INFO - Processing /opt/airflow/dags/sst_pipeline_dag.py took 0.151 seconds
[2025-10-13T23:17:36.827+0000] {processor.py:157} INFO - Started process (PID=802) to work on /opt/airflow/dags/sst_pipeline_dag.py
[2025-10-13T23:17:36.828+0000] {processor.py:829} INFO - Processing file /opt/airflow/dags/sst_pipeline_dag.py for tasks to queue
[2025-10-13T23:17:36.830+0000] {logging_mixin.py:151} INFO - [2025-10-13T23:17:36.829+0000] {dagbag.py:539} INFO - Filling up the DagBag from /opt/airflow/dags/sst_pipeline_dag.py
[2025-10-13T23:17:36.847+0000] {processor.py:839} INFO - DAG(s) dict_keys(['sst_mozambique_pipeline']) retrieved from /opt/airflow/dags/sst_pipeline_dag.py
[2025-10-13T23:17:36.886+0000] {logging_mixin.py:151} INFO - [2025-10-13T23:17:36.886+0000] {dag.py:2907} INFO - Sync 1 DAGs
[2025-10-13T23:17:36.913+0000] {logging_mixin.py:151} INFO - [2025-10-13T23:17:36.913+0000] {dag.py:3677} INFO - Setting next_dagrun for sst_mozambique_pipeline to 2025-10-12T23:17:36.913153+00:00, run_after=2025-10-13T23:17:36.913153+00:00
[2025-10-13T23:17:36.935+0000] {processor.py:179} INFO - Processing /opt/airflow/dags/sst_pipeline_dag.py took 0.113 seconds
[2025-10-13T23:18:06.973+0000] {processor.py:157} INFO - Started process (PID=807) to work on /opt/airflow/dags/sst_pipeline_dag.py
[2025-10-13T23:18:06.988+0000] {processor.py:829} INFO - Processing file /opt/airflow/dags/sst_pipeline_dag.py for tasks to queue
[2025-10-13T23:18:06.989+0000] {logging_mixin.py:151} INFO - [2025-10-13T23:18:06.988+0000] {dagbag.py:539} INFO - Filling up the DagBag from /opt/airflow/dags/sst_pipeline_dag.py
[2025-10-13T23:18:07.007+0000] {processor.py:839} INFO - DAG(s) dict_keys(['sst_mozambique_pipeline']) retrieved from /opt/airflow/dags/sst_pipeline_dag.py
[2025-10-13T23:18:07.045+0000] {logging_mixin.py:151} INFO - [2025-10-13T23:18:07.045+0000] {dag.py:2907} INFO - Sync 1 DAGs
[2025-10-13T23:18:07.077+0000] {logging_mixin.py:151} INFO - [2025-10-13T23:18:07.076+0000] {dag.py:3677} INFO - Setting next_dagrun for sst_mozambique_pipeline to 2025-10-12T23:18:07.076193+00:00, run_after=2025-10-13T23:18:07.076193+00:00
[2025-10-13T23:18:07.102+0000] {processor.py:179} INFO - Processing /opt/airflow/dags/sst_pipeline_dag.py took 0.134 seconds
[2025-10-13T23:18:37.227+0000] {processor.py:157} INFO - Started process (PID=812) to work on /opt/airflow/dags/sst_pipeline_dag.py
[2025-10-13T23:18:37.228+0000] {processor.py:829} INFO - Processing file /opt/airflow/dags/sst_pipeline_dag.py for tasks to queue
[2025-10-13T23:18:37.229+0000] {logging_mixin.py:151} INFO - [2025-10-13T23:18:37.229+0000] {dagbag.py:539} INFO - Filling up the DagBag from /opt/airflow/dags/sst_pipeline_dag.py
[2025-10-13T23:18:37.266+0000] {processor.py:839} INFO - DAG(s) dict_keys(['sst_mozambique_pipeline']) retrieved from /opt/airflow/dags/sst_pipeline_dag.py
[2025-10-13T23:18:37.342+0000] {logging_mixin.py:151} INFO - [2025-10-13T23:18:37.341+0000] {dag.py:2907} INFO - Sync 1 DAGs
[2025-10-13T23:18:37.382+0000] {logging_mixin.py:151} INFO - [2025-10-13T23:18:37.382+0000] {dag.py:3677} INFO - Setting next_dagrun for sst_mozambique_pipeline to 2025-10-12T23:18:37.381610+00:00, run_after=2025-10-13T23:18:37.381610+00:00
[2025-10-13T23:18:37.409+0000] {processor.py:179} INFO - Processing /opt/airflow/dags/sst_pipeline_dag.py took 0.187 seconds
[2025-10-13T23:19:07.554+0000] {processor.py:157} INFO - Started process (PID=817) to work on /opt/airflow/dags/sst_pipeline_dag.py
[2025-10-13T23:19:07.577+0000] {processor.py:829} INFO - Processing file /opt/airflow/dags/sst_pipeline_dag.py for tasks to queue
[2025-10-13T23:19:07.579+0000] {logging_mixin.py:151} INFO - [2025-10-13T23:19:07.578+0000] {dagbag.py:539} INFO - Filling up the DagBag from /opt/airflow/dags/sst_pipeline_dag.py
[2025-10-13T23:19:07.597+0000] {processor.py:839} INFO - DAG(s) dict_keys(['sst_mozambique_pipeline']) retrieved from /opt/airflow/dags/sst_pipeline_dag.py
[2025-10-13T23:19:07.635+0000] {logging_mixin.py:151} INFO - [2025-10-13T23:19:07.634+0000] {dag.py:2907} INFO - Sync 1 DAGs
[2025-10-13T23:19:07.664+0000] {logging_mixin.py:151} INFO - [2025-10-13T23:19:07.663+0000] {dag.py:3677} INFO - Setting next_dagrun for sst_mozambique_pipeline to 2025-10-12T23:19:07.663501+00:00, run_after=2025-10-13T23:19:07.663501+00:00
[2025-10-13T23:19:07.687+0000] {processor.py:179} INFO - Processing /opt/airflow/dags/sst_pipeline_dag.py took 0.137 seconds
[2025-10-13T23:19:37.837+0000] {processor.py:157} INFO - Started process (PID=822) to work on /opt/airflow/dags/sst_pipeline_dag.py
[2025-10-13T23:19:37.838+0000] {processor.py:829} INFO - Processing file /opt/airflow/dags/sst_pipeline_dag.py for tasks to queue
[2025-10-13T23:19:37.839+0000] {logging_mixin.py:151} INFO - [2025-10-13T23:19:37.838+0000] {dagbag.py:539} INFO - Filling up the DagBag from /opt/airflow/dags/sst_pipeline_dag.py
[2025-10-13T23:19:37.857+0000] {processor.py:839} INFO - DAG(s) dict_keys(['sst_mozambique_pipeline']) retrieved from /opt/airflow/dags/sst_pipeline_dag.py
[2025-10-13T23:19:37.898+0000] {logging_mixin.py:151} INFO - [2025-10-13T23:19:37.898+0000] {dag.py:2907} INFO - Sync 1 DAGs
[2025-10-13T23:19:37.932+0000] {logging_mixin.py:151} INFO - [2025-10-13T23:19:37.931+0000] {dag.py:3677} INFO - Setting next_dagrun for sst_mozambique_pipeline to 2025-10-12T23:19:37.931587+00:00, run_after=2025-10-13T23:19:37.931587+00:00
[2025-10-13T23:19:37.955+0000] {processor.py:179} INFO - Processing /opt/airflow/dags/sst_pipeline_dag.py took 0.124 seconds
[2025-10-13T23:20:08.105+0000] {processor.py:157} INFO - Started process (PID=827) to work on /opt/airflow/dags/sst_pipeline_dag.py
[2025-10-13T23:20:08.122+0000] {processor.py:829} INFO - Processing file /opt/airflow/dags/sst_pipeline_dag.py for tasks to queue
[2025-10-13T23:20:08.123+0000] {logging_mixin.py:151} INFO - [2025-10-13T23:20:08.123+0000] {dagbag.py:539} INFO - Filling up the DagBag from /opt/airflow/dags/sst_pipeline_dag.py
[2025-10-13T23:20:08.141+0000] {processor.py:839} INFO - DAG(s) dict_keys(['sst_mozambique_pipeline']) retrieved from /opt/airflow/dags/sst_pipeline_dag.py
[2025-10-13T23:20:08.180+0000] {logging_mixin.py:151} INFO - [2025-10-13T23:20:08.179+0000] {dag.py:2907} INFO - Sync 1 DAGs
[2025-10-13T23:20:08.207+0000] {logging_mixin.py:151} INFO - [2025-10-13T23:20:08.207+0000] {dag.py:3677} INFO - Setting next_dagrun for sst_mozambique_pipeline to 2025-10-12T23:20:08.207295+00:00, run_after=2025-10-13T23:20:08.207295+00:00
[2025-10-13T23:20:08.230+0000] {processor.py:179} INFO - Processing /opt/airflow/dags/sst_pipeline_dag.py took 0.130 seconds
[2025-10-13T23:20:38.376+0000] {processor.py:157} INFO - Started process (PID=832) to work on /opt/airflow/dags/sst_pipeline_dag.py
[2025-10-13T23:20:38.378+0000] {processor.py:829} INFO - Processing file /opt/airflow/dags/sst_pipeline_dag.py for tasks to queue
[2025-10-13T23:20:38.379+0000] {logging_mixin.py:151} INFO - [2025-10-13T23:20:38.378+0000] {dagbag.py:539} INFO - Filling up the DagBag from /opt/airflow/dags/sst_pipeline_dag.py
[2025-10-13T23:20:38.399+0000] {processor.py:839} INFO - DAG(s) dict_keys(['sst_mozambique_pipeline']) retrieved from /opt/airflow/dags/sst_pipeline_dag.py
[2025-10-13T23:20:38.438+0000] {logging_mixin.py:151} INFO - [2025-10-13T23:20:38.438+0000] {dag.py:2907} INFO - Sync 1 DAGs
[2025-10-13T23:20:38.467+0000] {logging_mixin.py:151} INFO - [2025-10-13T23:20:38.467+0000] {dag.py:3677} INFO - Setting next_dagrun for sst_mozambique_pipeline to 2025-10-12T23:20:38.467333+00:00, run_after=2025-10-13T23:20:38.467333+00:00
[2025-10-13T23:20:38.490+0000] {processor.py:179} INFO - Processing /opt/airflow/dags/sst_pipeline_dag.py took 0.119 seconds
[2025-10-13T23:21:08.628+0000] {processor.py:157} INFO - Started process (PID=837) to work on /opt/airflow/dags/sst_pipeline_dag.py
[2025-10-13T23:21:08.648+0000] {processor.py:829} INFO - Processing file /opt/airflow/dags/sst_pipeline_dag.py for tasks to queue
[2025-10-13T23:21:08.650+0000] {logging_mixin.py:151} INFO - [2025-10-13T23:21:08.649+0000] {dagbag.py:539} INFO - Filling up the DagBag from /opt/airflow/dags/sst_pipeline_dag.py
[2025-10-13T23:21:08.668+0000] {processor.py:839} INFO - DAG(s) dict_keys(['sst_mozambique_pipeline']) retrieved from /opt/airflow/dags/sst_pipeline_dag.py
[2025-10-13T23:21:08.708+0000] {logging_mixin.py:151} INFO - [2025-10-13T23:21:08.708+0000] {dag.py:2907} INFO - Sync 1 DAGs
[2025-10-13T23:21:08.739+0000] {logging_mixin.py:151} INFO - [2025-10-13T23:21:08.738+0000] {dag.py:3677} INFO - Setting next_dagrun for sst_mozambique_pipeline to 2025-10-12T23:21:08.738481+00:00, run_after=2025-10-13T23:21:08.738481+00:00
[2025-10-13T23:21:08.763+0000] {processor.py:179} INFO - Processing /opt/airflow/dags/sst_pipeline_dag.py took 0.140 seconds
                                                                                                                                                                                                                                                                                                                                                                                                                                                                                                                                                                                                                                                                                                                                                                                                                                                                                                                                                                                                                                                                                                                                 