[2025-10-16T20:16:13.793+0000] {processor.py:161} INFO - Started process (PID=25) to work on /opt/airflow/dags/daily_multi_source_pipeline.py
[2025-10-16T20:16:13.796+0000] {processor.py:830} INFO - Processing file /opt/airflow/dags/daily_multi_source_pipeline.py for tasks to queue
[2025-10-16T20:16:13.803+0000] {logging_mixin.py:188} INFO - [2025-10-16T20:16:13.801+0000] {dagbag.py:540} INFO - Filling up the DagBag from /opt/airflow/dags/daily_multi_source_pipeline.py
[2025-10-16T20:16:17.436+0000] {processor.py:840} INFO - DAG(s) 'daily_multi_source_pipeline' retrieved from /opt/airflow/dags/daily_multi_source_pipeline.py
[2025-10-16T20:16:17.821+0000] {logging_mixin.py:188} INFO - [2025-10-16T20:16:17.820+0000] {override.py:1829} INFO - Created Permission View: can read on DAG:daily_multi_source_pipeline
[2025-10-16T20:16:17.835+0000] {logging_mixin.py:188} INFO - [2025-10-16T20:16:17.835+0000] {override.py:1829} INFO - Created Permission View: can edit on DAG:daily_multi_source_pipeline
[2025-10-16T20:16:17.844+0000] {logging_mixin.py:188} INFO - [2025-10-16T20:16:17.844+0000] {override.py:1829} INFO - Created Permission View: can delete on DAG:daily_multi_source_pipeline
[2025-10-16T20:16:17.845+0000] {logging_mixin.py:188} INFO - [2025-10-16T20:16:17.844+0000] {dag.py:3096} INFO - Sync 1 DAGs
[2025-10-16T20:16:17.863+0000] {logging_mixin.py:188} INFO - [2025-10-16T20:16:17.862+0000] {dag.py:3118} INFO - Creating ORM DAG for daily_multi_source_pipeline
[2025-10-16T20:16:17.880+0000] {logging_mixin.py:188} INFO - [2025-10-16T20:16:17.880+0000] {dag.py:3954} INFO - Setting next_dagrun for daily_multi_source_pipeline to 2025-10-15 00:00:00+00:00, run_after=2025-10-16 00:00:00+00:00
[2025-10-16T20:16:17.911+0000] {processor.py:183} INFO - Processing /opt/airflow/dags/daily_multi_source_pipeline.py took 4.139 seconds
[2025-10-16T20:16:48.038+0000] {processor.py:161} INFO - Started process (PID=27) to work on /opt/airflow/dags/daily_multi_source_pipeline.py
[2025-10-16T20:16:48.060+0000] {processor.py:830} INFO - Processing file /opt/airflow/dags/daily_multi_source_pipeline.py for tasks to queue
[2025-10-16T20:16:48.063+0000] {logging_mixin.py:188} INFO - [2025-10-16T20:16:48.063+0000] {dagbag.py:540} INFO - Filling up the DagBag from /opt/airflow/dags/daily_multi_source_pipeline.py
[2025-10-16T20:16:48.653+0000] {processor.py:840} INFO - DAG(s) 'daily_multi_source_pipeline' retrieved from /opt/airflow/dags/daily_multi_source_pipeline.py
[2025-10-16T20:16:48.684+0000] {logging_mixin.py:188} INFO - [2025-10-16T20:16:48.684+0000] {dag.py:3096} INFO - Sync 1 DAGs
[2025-10-16T20:16:48.706+0000] {logging_mixin.py:188} INFO - [2025-10-16T20:16:48.706+0000] {dag.py:3954} INFO - Setting next_dagrun for daily_multi_source_pipeline to 2025-10-15 00:00:00+00:00, run_after=2025-10-16 00:00:00+00:00
[2025-10-16T20:16:48.725+0000] {processor.py:183} INFO - Processing /opt/airflow/dags/daily_multi_source_pipeline.py took 0.699 seconds
[2025-10-16T20:17:18.878+0000] {processor.py:161} INFO - Started process (PID=29) to work on /opt/airflow/dags/daily_multi_source_pipeline.py
[2025-10-16T20:17:18.888+0000] {processor.py:830} INFO - Processing file /opt/airflow/dags/daily_multi_source_pipeline.py for tasks to queue
[2025-10-16T20:17:18.890+0000] {logging_mixin.py:188} INFO - [2025-10-16T20:17:18.890+0000] {dagbag.py:540} INFO - Filling up the DagBag from /opt/airflow/dags/daily_multi_source_pipeline.py
[2025-10-16T20:17:19.458+0000] {processor.py:840} INFO - DAG(s) 'daily_multi_source_pipeline' retrieved from /opt/airflow/dags/daily_multi_source_pipeline.py
[2025-10-16T20:17:19.488+0000] {logging_mixin.py:188} INFO - [2025-10-16T20:17:19.488+0000] {dag.py:3096} INFO - Sync 1 DAGs
[2025-10-16T20:17:19.511+0000] {logging_mixin.py:188} INFO - [2025-10-16T20:17:19.511+0000] {dag.py:3954} INFO - Setting next_dagrun for daily_multi_source_pipeline to 2025-10-15 00:00:00+00:00, run_after=2025-10-16 00:00:00+00:00
[2025-10-16T20:17:19.532+0000] {processor.py:183} INFO - Processing /opt/airflow/dags/daily_multi_source_pipeline.py took 0.662 seconds
[2025-10-16T20:18:20.754+0000] {processor.py:161} INFO - Started process (PID=25) to work on /opt/airflow/dags/daily_multi_source_pipeline.py
[2025-10-16T20:18:20.756+0000] {processor.py:830} INFO - Processing file /opt/airflow/dags/daily_multi_source_pipeline.py for tasks to queue
[2025-10-16T20:18:20.760+0000] {logging_mixin.py:188} INFO - [2025-10-16T20:18:20.759+0000] {dagbag.py:540} INFO - Filling up the DagBag from /opt/airflow/dags/daily_multi_source_pipeline.py
[2025-10-16T20:18:23.013+0000] {processor.py:840} INFO - DAG(s) 'daily_multi_source_pipeline' retrieved from /opt/airflow/dags/daily_multi_source_pipeline.py
[2025-10-16T20:18:23.281+0000] {logging_mixin.py:188} INFO - [2025-10-16T20:18:23.280+0000] {override.py:1829} INFO - Created Permission View: can read on DAG:daily_multi_source_pipeline
[2025-10-16T20:18:23.292+0000] {logging_mixin.py:188} INFO - [2025-10-16T20:18:23.292+0000] {override.py:1829} INFO - Created Permission View: can edit on DAG:daily_multi_source_pipeline
[2025-10-16T20:18:23.300+0000] {logging_mixin.py:188} INFO - [2025-10-16T20:18:23.299+0000] {override.py:1829} INFO - Created Permission View: can delete on DAG:daily_multi_source_pipeline
[2025-10-16T20:18:23.301+0000] {logging_mixin.py:188} INFO - [2025-10-16T20:18:23.300+0000] {dag.py:3096} INFO - Sync 1 DAGs
[2025-10-16T20:18:23.312+0000] {logging_mixin.py:188} INFO - [2025-10-16T20:18:23.311+0000] {dag.py:3118} INFO - Creating ORM DAG for daily_multi_source_pipeline
[2025-10-16T20:18:23.323+0000] {logging_mixin.py:188} INFO - [2025-10-16T20:18:23.323+0000] {dag.py:3954} INFO - Setting next_dagrun for daily_multi_source_pipeline to 2025-10-15 00:00:00+00:00, run_after=2025-10-16 00:00:00+00:00
[2025-10-16T20:18:23.345+0000] {processor.py:183} INFO - Processing /opt/airflow/dags/daily_multi_source_pipeline.py took 2.609 seconds
[2025-10-16T20:18:53.490+0000] {processor.py:161} INFO - Started process (PID=27) to work on /opt/airflow/dags/daily_multi_source_pipeline.py
[2025-10-16T20:18:53.492+0000] {processor.py:830} INFO - Processing file /opt/airflow/dags/daily_multi_source_pipeline.py for tasks to queue
[2025-10-16T20:18:53.495+0000] {logging_mixin.py:188} INFO - [2025-10-16T20:18:53.495+0000] {dagbag.py:540} INFO - Filling up the DagBag from /opt/airflow/dags/daily_multi_source_pipeline.py
[2025-10-16T20:18:54.074+0000] {processor.py:840} INFO - DAG(s) 'daily_multi_source_pipeline' retrieved from /opt/airflow/dags/daily_multi_source_pipeline.py
[2025-10-16T20:18:54.100+0000] {logging_mixin.py:188} INFO - [2025-10-16T20:18:54.100+0000] {dag.py:3096} INFO - Sync 1 DAGs
[2025-10-16T20:18:54.121+0000] {logging_mixin.py:188} INFO - [2025-10-16T20:18:54.121+0000] {dag.py:3954} INFO - Setting next_dagrun for daily_multi_source_pipeline to 2025-10-15 00:00:00+00:00, run_after=2025-10-16 00:00:00+00:00
[2025-10-16T20:18:54.138+0000] {processor.py:183} INFO - Processing /opt/airflow/dags/daily_multi_source_pipeline.py took 0.657 seconds
[2025-10-16T20:19:24.270+0000] {processor.py:161} INFO - Started process (PID=29) to work on /opt/airflow/dags/daily_multi_source_pipeline.py
[2025-10-16T20:19:24.272+0000] {processor.py:830} INFO - Processing file /opt/airflow/dags/daily_multi_source_pipeline.py for tasks to queue
[2025-10-16T20:19:24.275+0000] {logging_mixin.py:188} INFO - [2025-10-16T20:19:24.274+0000] {dagbag.py:540} INFO - Filling up the DagBag from /opt/airflow/dags/daily_multi_source_pipeline.py
[2025-10-16T20:19:24.896+0000] {processor.py:840} INFO - DAG(s) 'daily_multi_source_pipeline' retrieved from /opt/airflow/dags/daily_multi_source_pipeline.py
[2025-10-16T20:19:24.925+0000] {logging_mixin.py:188} INFO - [2025-10-16T20:19:24.924+0000] {dag.py:3096} INFO - Sync 1 DAGs
[2025-10-16T20:19:24.948+0000] {logging_mixin.py:188} INFO - [2025-10-16T20:19:24.947+0000] {dag.py:3954} INFO - Setting next_dagrun for daily_multi_source_pipeline to 2025-10-15 00:00:00+00:00, run_after=2025-10-16 00:00:00+00:00
[2025-10-16T20:19:24.966+0000] {processor.py:183} INFO - Processing /opt/airflow/dags/daily_multi_source_pipeline.py took 0.706 seconds
[2025-10-16T20:19:55.128+0000] {processor.py:161} INFO - Started process (PID=31) to work on /opt/airflow/dags/daily_multi_source_pipeline.py
[2025-10-16T20:19:55.138+0000] {processor.py:830} INFO - Processing file /opt/airflow/dags/daily_multi_source_pipeline.py for tasks to queue
[2025-10-16T20:19:55.140+0000] {logging_mixin.py:188} INFO - [2025-10-16T20:19:55.140+0000] {dagbag.py:540} INFO - Filling up the DagBag from /opt/airflow/dags/daily_multi_source_pipeline.py
[2025-10-16T20:19:55.700+0000] {processor.py:840} INFO - DAG(s) 'daily_multi_source_pipeline' retrieved from /opt/airflow/dags/daily_multi_source_pipeline.py
[2025-10-16T20:19:55.727+0000] {logging_mixin.py:188} INFO - [2025-10-16T20:19:55.726+0000] {dag.py:3096} INFO - Sync 1 DAGs
[2025-10-16T20:19:55.748+0000] {logging_mixin.py:188} INFO - [2025-10-16T20:19:55.748+0000] {dag.py:3954} INFO - Setting next_dagrun for daily_multi_source_pipeline to 2025-10-15 00:00:00+00:00, run_after=2025-10-16 00:00:00+00:00
[2025-10-16T20:19:55.766+0000] {processor.py:183} INFO - Processing /opt/airflow/dags/daily_multi_source_pipeline.py took 0.646 seconds
[2025-10-16T20:20:25.899+0000] {processor.py:161} INFO - Started process (PID=33) to work on /opt/airflow/dags/daily_multi_source_pipeline.py
[2025-10-16T20:20:25.901+0000] {processor.py:830} INFO - Processing file /opt/airflow/dags/daily_multi_source_pipeline.py for tasks to queue
[2025-10-16T20:20:25.904+0000] {logging_mixin.py:188} INFO - [2025-10-16T20:20:25.904+0000] {dagbag.py:540} INFO - Filling up the DagBag from /opt/airflow/dags/daily_multi_source_pipeline.py
[2025-10-16T20:20:26.454+0000] {processor.py:840} INFO - DAG(s) 'daily_multi_source_pipeline' retrieved from /opt/airflow/dags/daily_multi_source_pipeline.py
[2025-10-16T20:20:26.481+0000] {logging_mixin.py:188} INFO - [2025-10-16T20:20:26.481+0000] {dag.py:3096} INFO - Sync 1 DAGs
[2025-10-16T20:20:26.504+0000] {logging_mixin.py:188} INFO - [2025-10-16T20:20:26.504+0000] {dag.py:3954} INFO - Setting next_dagrun for daily_multi_source_pipeline to 2025-10-15 00:00:00+00:00, run_after=2025-10-16 00:00:00+00:00
[2025-10-16T20:20:26.522+0000] {processor.py:183} INFO - Processing /opt/airflow/dags/daily_multi_source_pipeline.py took 0.631 seconds
[2025-10-16T20:20:56.616+0000] {processor.py:161} INFO - Started process (PID=35) to work on /opt/airflow/dags/daily_multi_source_pipeline.py
[2025-10-16T20:20:56.619+0000] {processor.py:830} INFO - Processing file /opt/airflow/dags/daily_multi_source_pipeline.py for tasks to queue
[2025-10-16T20:20:56.621+0000] {logging_mixin.py:188} INFO - [2025-10-16T20:20:56.620+0000] {dagbag.py:540} INFO - Filling up the DagBag from /opt/airflow/dags/daily_multi_source_pipeline.py
[2025-10-16T20:20:57.172+0000] {processor.py:840} INFO - DAG(s) 'daily_multi_source_pipeline' retrieved from /opt/airflow/dags/daily_multi_source_pipeline.py
[2025-10-16T20:20:57.198+0000] {logging_mixin.py:188} INFO - [2025-10-16T20:20:57.198+0000] {dag.py:3096} INFO - Sync 1 DAGs
[2025-10-16T20:20:57.220+0000] {logging_mixin.py:188} INFO - [2025-10-16T20:20:57.220+0000] {dag.py:3954} INFO - Setting next_dagrun for daily_multi_source_pipeline to 2025-10-15 00:00:00+00:00, run_after=2025-10-16 00:00:00+00:00
[2025-10-16T20:20:57.239+0000] {processor.py:183} INFO - Processing /opt/airflow/dags/daily_multi_source_pipeline.py took 0.630 seconds
[2025-10-16T20:21:27.391+0000] {processor.py:161} INFO - Started process (PID=37) to work on /opt/airflow/dags/daily_multi_source_pipeline.py
[2025-10-16T20:21:27.393+0000] {processor.py:830} INFO - Processing file /opt/airflow/dags/daily_multi_source_pipeline.py for tasks to queue
[2025-10-16T20:21:27.395+0000] {logging_mixin.py:188} INFO - [2025-10-16T20:21:27.395+0000] {dagbag.py:540} INFO - Filling up the DagBag from /opt/airflow/dags/daily_multi_source_pipeline.py
[2025-10-16T20:21:27.952+0000] {processor.py:840} INFO - DAG(s) 'daily_multi_source_pipeline' retrieved from /opt/airflow/dags/daily_multi_source_pipeline.py
[2025-10-16T20:21:27.982+0000] {logging_mixin.py:188} INFO - [2025-10-16T20:21:27.981+0000] {dag.py:3096} INFO - Sync 1 DAGs
[2025-10-16T20:21:28.005+0000] {logging_mixin.py:188} INFO - [2025-10-16T20:21:28.005+0000] {dag.py:3954} INFO - Setting next_dagrun for daily_multi_source_pipeline to 2025-10-15 00:00:00+00:00, run_after=2025-10-16 00:00:00+00:00
[2025-10-16T20:21:28.026+0000] {processor.py:183} INFO - Processing /opt/airflow/dags/daily_multi_source_pipeline.py took 0.644 seconds
[2025-10-16T20:21:58.163+0000] {processor.py:161} INFO - Started process (PID=39) to work on /opt/airflow/dags/daily_multi_source_pipeline.py
[2025-10-16T20:21:58.165+0000] {processor.py:830} INFO - Processing file /opt/airflow/dags/daily_multi_source_pipeline.py for tasks to queue
[2025-10-16T20:21:58.168+0000] {logging_mixin.py:188} INFO - [2025-10-16T20:21:58.167+0000] {dagbag.py:540} INFO - Filling up the DagBag from /opt/airflow/dags/daily_multi_source_pipeline.py
[2025-10-16T20:21:58.725+0000] {processor.py:840} INFO - DAG(s) 'daily_multi_source_pipeline' retrieved from /opt/airflow/dags/daily_multi_source_pipeline.py
[2025-10-16T20:21:58.752+0000] {logging_mixin.py:188} INFO - [2025-10-16T20:21:58.752+0000] {dag.py:3096} INFO - Sync 1 DAGs
[2025-10-16T20:21:58.774+0000] {logging_mixin.py:188} INFO - [2025-10-16T20:21:58.773+0000] {dag.py:3954} INFO - Setting next_dagrun for daily_multi_source_pipeline to 2025-10-15 00:00:00+00:00, run_after=2025-10-16 00:00:00+00:00
[2025-10-16T20:21:58.794+0000] {processor.py:183} INFO - Processing /opt/airflow/dags/daily_multi_source_pipeline.py took 0.639 seconds
[2025-10-16T20:22:28.954+0000] {processor.py:161} INFO - Started process (PID=41) to work on /opt/airflow/dags/daily_multi_source_pipeline.py
[2025-10-16T20:22:28.956+0000] {processor.py:830} INFO - Processing file /opt/airflow/dags/daily_multi_source_pipeline.py for tasks to queue
[2025-10-16T20:22:28.958+0000] {logging_mixin.py:188} INFO - [2025-10-16T20:22:28.958+0000] {dagbag.py:540} INFO - Filling up the DagBag from /opt/airflow/dags/daily_multi_source_pipeline.py
[2025-10-16T20:22:29.513+0000] {processor.py:840} INFO - DAG(s) 'daily_multi_source_pipeline' retrieved from /opt/airflow/dags/daily_multi_source_pipeline.py
[2025-10-16T20:22:29.539+0000] {logging_mixin.py:188} INFO - [2025-10-16T20:22:29.539+0000] {dag.py:3096} INFO - Sync 1 DAGs
[2025-10-16T20:22:29.560+0000] {logging_mixin.py:188} INFO - [2025-10-16T20:22:29.560+0000] {dag.py:3954} INFO - Setting next_dagrun for daily_multi_source_pipeline to 2025-10-15 00:00:00+00:00, run_after=2025-10-16 00:00:00+00:00
[2025-10-16T20:22:29.579+0000] {processor.py:183} INFO - Processing /opt/airflow/dags/daily_multi_source_pipeline.py took 0.633 seconds
[2025-10-16T20:22:59.713+0000] {processor.py:161} INFO - Started process (PID=43) to work on /opt/airflow/dags/daily_multi_source_pipeline.py
[2025-10-16T20:22:59.715+0000] {processor.py:830} INFO - Processing file /opt/airflow/dags/daily_multi_source_pipeline.py for tasks to queue
[2025-10-16T20:22:59.717+0000] {logging_mixin.py:188} INFO - [2025-10-16T20:22:59.717+0000] {dagbag.py:540} INFO - Filling up the DagBag from /opt/airflow/dags/daily_multi_source_pipeline.py
[2025-10-16T20:23:00.286+0000] {processor.py:840} INFO - DAG(s) 'daily_multi_source_pipeline' retrieved from /opt/airflow/dags/daily_multi_source_pipeline.py
[2025-10-16T20:23:00.314+0000] {logging_mixin.py:188} INFO - [2025-10-16T20:23:00.313+0000] {dag.py:3096} INFO - Sync 1 DAGs
[2025-10-16T20:23:00.338+0000] {logging_mixin.py:188} INFO - [2025-10-16T20:23:00.337+0000] {dag.py:3954} INFO - Setting next_dagrun for daily_multi_source_pipeline to 2025-10-15 00:00:00+00:00, run_after=2025-10-16 00:00:00+00:00
[2025-10-16T20:23:00.356+0000] {processor.py:183} INFO - Processing /opt/airflow/dags/daily_multi_source_pipeline.py took 0.652 seconds
[2025-10-16T20:23:30.518+0000] {processor.py:161} INFO - Started process (PID=45) to work on /opt/airflow/dags/daily_multi_source_pipeline.py
[2025-10-16T20:23:30.520+0000] {processor.py:830} INFO - Processing file /opt/airflow/dags/daily_multi_source_pipeline.py for tasks to queue
[2025-10-16T20:23:30.523+0000] {logging_mixin.py:188} INFO - [2025-10-16T20:23:30.522+0000] {dagbag.py:540} INFO - Filling up the DagBag from /opt/airflow/dags/daily_multi_source_pipeline.py
[2025-10-16T20:23:31.084+0000] {processor.py:840} INFO - DAG(s) 'daily_multi_source_pipeline' retrieved from /opt/airflow/dags/daily_multi_source_pipeline.py
[2025-10-16T20:23:31.113+0000] {logging_mixin.py:188} INFO - [2025-10-16T20:23:31.112+0000] {dag.py:3096} INFO - Sync 1 DAGs
[2025-10-16T20:23:31.134+0000] {logging_mixin.py:188} INFO - [2025-10-16T20:23:31.134+0000] {dag.py:3954} INFO - Setting next_dagrun for daily_multi_source_pipeline to 2025-10-15 00:00:00+00:00, run_after=2025-10-16 00:00:00+00:00
[2025-10-16T20:23:31.154+0000] {processor.py:183} INFO - Processing /opt/airflow/dags/daily_multi_source_pipeline.py took 0.643 seconds
[2025-10-16T20:24:01.294+0000] {processor.py:161} INFO - Started process (PID=47) to work on /opt/airflow/dags/daily_multi_source_pipeline.py
[2025-10-16T20:24:01.297+0000] {processor.py:830} INFO - Processing file /opt/airflow/dags/daily_multi_source_pipeline.py for tasks to queue
[2025-10-16T20:24:01.300+0000] {logging_mixin.py:188} INFO - [2025-10-16T20:24:01.299+0000] {dagbag.py:540} INFO - Filling up the DagBag from /opt/airflow/dags/daily_multi_source_pipeline.py
[2025-10-16T20:24:01.862+0000] {processor.py:840} INFO - DAG(s) 'daily_multi_source_pipeline' retrieved from /opt/airflow/dags/daily_multi_source_pipeline.py
[2025-10-16T20:24:01.889+0000] {logging_mixin.py:188} INFO - [2025-10-16T20:24:01.889+0000] {dag.py:3096} INFO - Sync 1 DAGs
[2025-10-16T20:24:01.910+0000] {logging_mixin.py:188} INFO - [2025-10-16T20:24:01.910+0000] {dag.py:3954} INFO - Setting next_dagrun for daily_multi_source_pipeline to 2025-10-15 00:00:00+00:00, run_after=2025-10-16 00:00:00+00:00
[2025-10-16T20:24:01.928+0000] {processor.py:183} INFO - Processing /opt/airflow/dags/daily_multi_source_pipeline.py took 0.642 seconds
[2025-10-16T20:24:32.080+0000] {processor.py:161} INFO - Started process (PID=49) to work on /opt/airflow/dags/daily_multi_source_pipeline.py
[2025-10-16T20:24:32.082+0000] {processor.py:830} INFO - Processing file /opt/airflow/dags/daily_multi_source_pipeline.py for tasks to queue
[2025-10-16T20:24:32.084+0000] {logging_mixin.py:188} INFO - [2025-10-16T20:24:32.084+0000] {dagbag.py:540} INFO - Filling up the DagBag from /opt/airflow/dags/daily_multi_source_pipeline.py
[2025-10-16T20:24:32.640+0000] {processor.py:840} INFO - DAG(s) 'daily_multi_source_pipeline' retrieved from /opt/airflow/dags/daily_multi_source_pipeline.py
[2025-10-16T20:24:32.667+0000] {logging_mixin.py:188} INFO - [2025-10-16T20:24:32.666+0000] {dag.py:3096} INFO - Sync 1 DAGs
[2025-10-16T20:24:32.689+0000] {logging_mixin.py:188} INFO - [2025-10-16T20:24:32.689+0000] {dag.py:3954} INFO - Setting next_dagrun for daily_multi_source_pipeline to 2025-10-15 00:00:00+00:00, run_after=2025-10-16 00:00:00+00:00
[2025-10-16T20:24:32.708+0000] {processor.py:183} INFO - Processing /opt/airflow/dags/daily_multi_source_pipeline.py took 0.636 seconds
[2025-10-16T20:25:02.861+0000] {processor.py:161} INFO - Started process (PID=51) to work on /opt/airflow/dags/daily_multi_source_pipeline.py
[2025-10-16T20:25:02.869+0000] {processor.py:830} INFO - Processing file /opt/airflow/dags/daily_multi_source_pipeline.py for tasks to queue
[2025-10-16T20:25:02.872+0000] {logging_mixin.py:188} INFO - [2025-10-16T20:25:02.871+0000] {dagbag.py:540} INFO - Filling up the DagBag from /opt/airflow/dags/daily_multi_source_pipeline.py
[2025-10-16T20:25:03.454+0000] {processor.py:840} INFO - DAG(s) 'daily_multi_source_pipeline' retrieved from /opt/airflow/dags/daily_multi_source_pipeline.py
[2025-10-16T20:25:03.484+0000] {logging_mixin.py:188} INFO - [2025-10-16T20:25:03.483+0000] {dag.py:3096} INFO - Sync 1 DAGs
[2025-10-16T20:25:03.505+0000] {logging_mixin.py:188} INFO - [2025-10-16T20:25:03.505+0000] {dag.py:3954} INFO - Setting next_dagrun for daily_multi_source_pipeline to 2025-10-15 00:00:00+00:00, run_after=2025-10-16 00:00:00+00:00
[2025-10-16T20:25:03.525+0000] {processor.py:183} INFO - Processing /opt/airflow/dags/daily_multi_source_pipeline.py took 0.672 seconds
[2025-10-16T20:25:33.665+0000] {processor.py:161} INFO - Started process (PID=61) to work on /opt/airflow/dags/daily_multi_source_pipeline.py
[2025-10-16T20:25:33.668+0000] {processor.py:830} INFO - Processing file /opt/airflow/dags/daily_multi_source_pipeline.py for tasks to queue
[2025-10-16T20:25:33.670+0000] {logging_mixin.py:188} INFO - [2025-10-16T20:25:33.670+0000] {dagbag.py:540} INFO - Filling up the DagBag from /opt/airflow/dags/daily_multi_source_pipeline.py
[2025-10-16T20:25:34.229+0000] {processor.py:840} INFO - DAG(s) 'daily_multi_source_pipeline' retrieved from /opt/airflow/dags/daily_multi_source_pipeline.py
[2025-10-16T20:25:34.256+0000] {logging_mixin.py:188} INFO - [2025-10-16T20:25:34.255+0000] {dag.py:3096} INFO - Sync 1 DAGs
[2025-10-16T20:25:34.279+0000] {logging_mixin.py:188} INFO - [2025-10-16T20:25:34.278+0000] {dag.py:3954} INFO - Setting next_dagrun for daily_multi_source_pipeline to 2025-10-15 00:00:00+00:00, run_after=2025-10-16 00:00:00+00:00
[2025-10-16T20:25:34.297+0000] {processor.py:183} INFO - Processing /opt/airflow/dags/daily_multi_source_pipeline.py took 0.641 seconds
[2025-10-16T20:26:04.455+0000] {processor.py:161} INFO - Started process (PID=72) to work on /opt/airflow/dags/daily_multi_source_pipeline.py
[2025-10-16T20:26:04.465+0000] {processor.py:830} INFO - Processing file /opt/airflow/dags/daily_multi_source_pipeline.py for tasks to queue
[2025-10-16T20:26:04.467+0000] {logging_mixin.py:188} INFO - [2025-10-16T20:26:04.467+0000] {dagbag.py:540} INFO - Filling up the DagBag from /opt/airflow/dags/daily_multi_source_pipeline.py
[2025-10-16T20:26:05.045+0000] {processor.py:840} INFO - DAG(s) 'daily_multi_source_pipeline' retrieved from /opt/airflow/dags/daily_multi_source_pipeline.py
[2025-10-16T20:26:05.073+0000] {logging_mixin.py:188} INFO - [2025-10-16T20:26:05.073+0000] {dag.py:3096} INFO - Sync 1 DAGs
[2025-10-16T20:26:05.095+0000] {logging_mixin.py:188} INFO - [2025-10-16T20:26:05.094+0000] {dag.py:3954} INFO - Setting next_dagrun for daily_multi_source_pipeline to 2025-10-15 00:00:00+00:00, run_after=2025-10-16 00:00:00+00:00
[2025-10-16T20:26:05.113+0000] {processor.py:183} INFO - Processing /opt/airflow/dags/daily_multi_source_pipeline.py took 0.666 seconds
[2025-10-16T20:26:35.250+0000] {processor.py:161} INFO - Started process (PID=74) to work on /opt/airflow/dags/daily_multi_source_pipeline.py
[2025-10-16T20:26:35.252+0000] {processor.py:830} INFO - Processing file /opt/airflow/dags/daily_multi_source_pipeline.py for tasks to queue
[2025-10-16T20:26:35.255+0000] {logging_mixin.py:188} INFO - [2025-10-16T20:26:35.254+0000] {dagbag.py:540} INFO - Filling up the DagBag from /opt/airflow/dags/daily_multi_source_pipeline.py
[2025-10-16T20:26:35.808+0000] {processor.py:840} INFO - DAG(s) 'daily_multi_source_pipeline' retrieved from /opt/airflow/dags/daily_multi_source_pipeline.py
[2025-10-16T20:26:35.835+0000] {logging_mixin.py:188} INFO - [2025-10-16T20:26:35.834+0000] {dag.py:3096} INFO - Sync 1 DAGs
[2025-10-16T20:26:35.856+0000] {logging_mixin.py:188} INFO - [2025-10-16T20:26:35.855+0000] {dag.py:3954} INFO - Setting next_dagrun for daily_multi_source_pipeline to 2025-10-15 00:00:00+00:00, run_after=2025-10-16 00:00:00+00:00
[2025-10-16T20:26:35.874+0000] {processor.py:183} INFO - Processing /opt/airflow/dags/daily_multi_source_pipeline.py took 0.632 seconds
[2025-10-16T20:27:06.045+0000] {processor.py:161} INFO - Started process (PID=76) to work on /opt/airflow/dags/daily_multi_source_pipeline.py
[2025-10-16T20:27:06.047+0000] {processor.py:830} INFO - Processing file /opt/airflow/dags/daily_multi_source_pipeline.py for tasks to queue
[2025-10-16T20:27:06.049+0000] {logging_mixin.py:188} INFO - [2025-10-16T20:27:06.049+0000] {dagbag.py:540} INFO - Filling up the DagBag from /opt/airflow/dags/daily_multi_source_pipeline.py
[2025-10-16T20:27:06.616+0000] {processor.py:840} INFO - DAG(s) 'daily_multi_source_pipeline' retrieved from /opt/airflow/dags/daily_multi_source_pipeline.py
[2025-10-16T20:27:06.642+0000] {logging_mixin.py:188} INFO - [2025-10-16T20:27:06.642+0000] {dag.py:3096} INFO - Sync 1 DAGs
[2025-10-16T20:27:06.664+0000] {logging_mixin.py:188} INFO - [2025-10-16T20:27:06.664+0000] {dag.py:3954} INFO - Setting next_dagrun for daily_multi_source_pipeline to 2025-10-15 00:00:00+00:00, run_after=2025-10-16 00:00:00+00:00
[2025-10-16T20:27:06.683+0000] {processor.py:183} INFO - Processing /opt/airflow/dags/daily_multi_source_pipeline.py took 0.647 seconds
[2025-10-16T20:27:36.828+0000] {processor.py:161} INFO - Started process (PID=84) to work on /opt/airflow/dags/daily_multi_source_pipeline.py
[2025-10-16T20:27:36.831+0000] {processor.py:830} INFO - Processing file /opt/airflow/dags/daily_multi_source_pipeline.py for tasks to queue
[2025-10-16T20:27:36.833+0000] {logging_mixin.py:188} INFO - [2025-10-16T20:27:36.833+0000] {dagbag.py:540} INFO - Filling up the DagBag from /opt/airflow/dags/daily_multi_source_pipeline.py
[2025-10-16T20:27:37.418+0000] {processor.py:840} INFO - DAG(s) 'daily_multi_source_pipeline' retrieved from /opt/airflow/dags/daily_multi_source_pipeline.py
[2025-10-16T20:27:37.445+0000] {logging_mixin.py:188} INFO - [2025-10-16T20:27:37.445+0000] {dag.py:3096} INFO - Sync 1 DAGs
[2025-10-16T20:27:37.468+0000] {logging_mixin.py:188} INFO - [2025-10-16T20:27:37.468+0000] {dag.py:3954} INFO - Setting next_dagrun for daily_multi_source_pipeline to 2025-10-15 00:00:00+00:00, run_after=2025-10-16 00:00:00+00:00
[2025-10-16T20:27:37.486+0000] {processor.py:183} INFO - Processing /opt/airflow/dags/daily_multi_source_pipeline.py took 0.666 seconds
[2025-10-16T20:28:07.620+0000] {processor.py:161} INFO - Started process (PID=86) to work on /opt/airflow/dags/daily_multi_source_pipeline.py
[2025-10-16T20:28:07.622+0000] {processor.py:830} INFO - Processing file /opt/airflow/dags/daily_multi_source_pipeline.py for tasks to queue
[2025-10-16T20:28:07.625+0000] {logging_mixin.py:188} INFO - [2025-10-16T20:28:07.624+0000] {dagbag.py:540} INFO - Filling up the DagBag from /opt/airflow/dags/daily_multi_source_pipeline.py
[2025-10-16T20:28:08.207+0000] {processor.py:840} INFO - DAG(s) 'daily_multi_source_pipeline' retrieved from /opt/airflow/dags/daily_multi_source_pipeline.py
[2025-10-16T20:28:08.233+0000] {logging_mixin.py:188} INFO - [2025-10-16T20:28:08.232+0000] {dag.py:3096} INFO - Sync 1 DAGs
[2025-10-16T20:28:08.255+0000] {logging_mixin.py:188} INFO - [2025-10-16T20:28:08.255+0000] {dag.py:3954} INFO - Setting next_dagrun for daily_multi_source_pipeline to 2025-10-15 00:00:00+00:00, run_after=2025-10-16 00:00:00+00:00
[2025-10-16T20:28:08.273+0000] {processor.py:183} INFO - Processing /opt/airflow/dags/daily_multi_source_pipeline.py took 0.662 seconds
[2025-10-16T20:28:38.439+0000] {processor.py:161} INFO - Started process (PID=97) to work on /opt/airflow/dags/daily_multi_source_pipeline.py
[2025-10-16T20:28:38.441+0000] {processor.py:830} INFO - Processing file /opt/airflow/dags/daily_multi_source_pipeline.py for tasks to queue
[2025-10-16T20:28:38.443+0000] {logging_mixin.py:188} INFO - [2025-10-16T20:28:38.443+0000] {dagbag.py:540} INFO - Filling up the DagBag from /opt/airflow/dags/daily_multi_source_pipeline.py
[2025-10-16T20:28:39.011+0000] {processor.py:840} INFO - DAG(s) 'daily_multi_source_pipeline' retrieved from /opt/airflow/dags/daily_multi_source_pipeline.py
[2025-10-16T20:28:39.046+0000] {logging_mixin.py:188} INFO - [2025-10-16T20:28:39.045+0000] {dag.py:3096} INFO - Sync 1 DAGs
[2025-10-16T20:28:39.067+0000] {logging_mixin.py:188} INFO - [2025-10-16T20:28:39.067+0000] {dag.py:3954} INFO - Setting next_dagrun for daily_multi_source_pipeline to 2025-10-15 00:00:00+00:00, run_after=2025-10-16 00:00:00+00:00
[2025-10-16T20:28:39.088+0000] {processor.py:183} INFO - Processing /opt/airflow/dags/daily_multi_source_pipeline.py took 0.657 seconds
[2025-10-16T20:29:09.253+0000] {processor.py:161} INFO - Started process (PID=109) to work on /opt/airflow/dags/daily_multi_source_pipeline.py
[2025-10-16T20:29:09.255+0000] {processor.py:830} INFO - Processing file /opt/airflow/dags/daily_multi_source_pipeline.py for tasks to queue
[2025-10-16T20:29:09.258+0000] {logging_mixin.py:188} INFO - [2025-10-16T20:29:09.257+0000] {dagbag.py:540} INFO - Filling up the DagBag from /opt/airflow/dags/daily_multi_source_pipeline.py
[2025-10-16T20:29:09.825+0000] {processor.py:840} INFO - DAG(s) 'daily_multi_source_pipeline' retrieved from /opt/airflow/dags/daily_multi_source_pipeline.py
[2025-10-16T20:29:09.851+0000] {logging_mixin.py:188} INFO - [2025-10-16T20:29:09.850+0000] {dag.py:3096} INFO - Sync 1 DAGs
[2025-10-16T20:29:09.872+0000] {logging_mixin.py:188} INFO - [2025-10-16T20:29:09.871+0000] {dag.py:3954} INFO - Setting next_dagrun for daily_multi_source_pipeline to 2025-10-15 00:00:00+00:00, run_after=2025-10-16 00:00:00+00:00
[2025-10-16T20:29:09.889+0000] {processor.py:183} INFO - Processing /opt/airflow/dags/daily_multi_source_pipeline.py took 0.645 seconds
[2025-10-16T20:29:40.025+0000] {processor.py:161} INFO - Started process (PID=111) to work on /opt/airflow/dags/daily_multi_source_pipeline.py
[2025-10-16T20:29:40.026+0000] {processor.py:830} INFO - Processing file /opt/airflow/dags/daily_multi_source_pipeline.py for tasks to queue
[2025-10-16T20:29:40.028+0000] {logging_mixin.py:188} INFO - [2025-10-16T20:29:40.028+0000] {dagbag.py:540} INFO - Filling up the DagBag from /opt/airflow/dags/daily_multi_source_pipeline.py
[2025-10-16T20:29:40.595+0000] {processor.py:840} INFO - DAG(s) 'daily_multi_source_pipeline' retrieved from /opt/airflow/dags/daily_multi_source_pipeline.py
[2025-10-16T20:29:40.624+0000] {logging_mixin.py:188} INFO - [2025-10-16T20:29:40.624+0000] {dag.py:3096} INFO - Sync 1 DAGs
[2025-10-16T20:29:40.647+0000] {logging_mixin.py:188} INFO - [2025-10-16T20:29:40.647+0000] {dag.py:3954} INFO - Setting next_dagrun for daily_multi_source_pipeline to 2025-10-15 00:00:00+00:00, run_after=2025-10-16 00:00:00+00:00
[2025-10-16T20:29:40.666+0000] {processor.py:183} INFO - Processing /opt/airflow/dags/daily_multi_source_pipeline.py took 0.650 seconds
[2025-10-16T20:30:10.820+0000] {processor.py:161} INFO - Started process (PID=127) to work on /opt/airflow/dags/daily_multi_source_pipeline.py
[2025-10-16T20:30:10.821+0000] {processor.py:830} INFO - Processing file /opt/airflow/dags/daily_multi_source_pipeline.py for tasks to queue
[2025-10-16T20:30:10.824+0000] {logging_mixin.py:188} INFO - [2025-10-16T20:30:10.823+0000] {dagbag.py:540} INFO - Filling up the DagBag from /opt/airflow/dags/daily_multi_source_pipeline.py
[2025-10-16T20:30:11.391+0000] {processor.py:840} INFO - DAG(s) 'daily_multi_source_pipeline' retrieved from /opt/airflow/dags/daily_multi_source_pipeline.py
[2025-10-16T20:30:11.417+0000] {logging_mixin.py:188} INFO - [2025-10-16T20:30:11.417+0000] {dag.py:3096} INFO - Sync 1 DAGs
[2025-10-16T20:30:11.440+0000] {logging_mixin.py:188} INFO - [2025-10-16T20:30:11.440+0000] {dag.py:3954} INFO - Setting next_dagrun for daily_multi_source_pipeline to 2025-10-15 00:00:00+00:00, run_after=2025-10-16 00:00:00+00:00
[2025-10-16T20:30:11.459+0000] {processor.py:183} INFO - Processing /opt/airflow/dags/daily_multi_source_pipeline.py took 0.647 seconds
[2025-10-16T20:30:41.615+0000] {processor.py:161} INFO - Started process (PID=129) to work on /opt/airflow/dags/daily_multi_source_pipeline.py
[2025-10-16T20:30:41.616+0000] {processor.py:830} INFO - Processing file /opt/airflow/dags/daily_multi_source_pipeline.py for tasks to queue
[2025-10-16T20:30:41.618+0000] {logging_mixin.py:188} INFO - [2025-10-16T20:30:41.618+0000] {dagbag.py:540} INFO - Filling up the DagBag from /opt/airflow/dags/daily_multi_source_pipeline.py
[2025-10-16T20:30:42.194+0000] {processor.py:840} INFO - DAG(s) 'daily_multi_source_pipeline' retrieved from /opt/airflow/dags/daily_multi_source_pipeline.py
[2025-10-16T20:30:42.232+0000] {logging_mixin.py:188} INFO - [2025-10-16T20:30:42.231+0000] {dag.py:3096} INFO - Sync 1 DAGs
[2025-10-16T20:30:42.261+0000] {logging_mixin.py:188} INFO - [2025-10-16T20:30:42.261+0000] {dag.py:3954} INFO - Setting next_dagrun for daily_multi_source_pipeline to 2025-10-15 00:00:00+00:00, run_after=2025-10-16 00:00:00+00:00
[2025-10-16T20:30:42.281+0000] {processor.py:183} INFO - Processing /opt/airflow/dags/daily_multi_source_pipeline.py took 0.674 seconds
[2025-10-16T20:31:12.421+0000] {processor.py:161} INFO - Started process (PID=141) to work on /opt/airflow/dags/daily_multi_source_pipeline.py
[2025-10-16T20:31:12.422+0000] {processor.py:830} INFO - Processing file /opt/airflow/dags/daily_multi_source_pipeline.py for tasks to queue
[2025-10-16T20:31:12.424+0000] {logging_mixin.py:188} INFO - [2025-10-16T20:31:12.424+0000] {dagbag.py:540} INFO - Filling up the DagBag from /opt/airflow/dags/daily_multi_source_pipeline.py
[2025-10-16T20:31:12.987+0000] {processor.py:840} INFO - DAG(s) 'daily_multi_source_pipeline' retrieved from /opt/airflow/dags/daily_multi_source_pipeline.py
[2025-10-16T20:31:13.015+0000] {logging_mixin.py:188} INFO - [2025-10-16T20:31:13.014+0000] {dag.py:3096} INFO - Sync 1 DAGs
[2025-10-16T20:31:13.037+0000] {logging_mixin.py:188} INFO - [2025-10-16T20:31:13.036+0000] {dag.py:3954} INFO - Setting next_dagrun for daily_multi_source_pipeline to 2025-10-15 00:00:00+00:00, run_after=2025-10-16 00:00:00+00:00
[2025-10-16T20:31:13.055+0000] {processor.py:183} INFO - Processing /opt/airflow/dags/daily_multi_source_pipeline.py took 0.643 seconds
[2025-10-16T20:31:43.202+0000] {processor.py:161} INFO - Started process (PID=143) to work on /opt/airflow/dags/daily_multi_source_pipeline.py
[2025-10-16T20:31:43.204+0000] {processor.py:830} INFO - Processing file /opt/airflow/dags/daily_multi_source_pipeline.py for tasks to queue
[2025-10-16T20:31:43.206+0000] {logging_mixin.py:188} INFO - [2025-10-16T20:31:43.206+0000] {dagbag.py:540} INFO - Filling up the DagBag from /opt/airflow/dags/daily_multi_source_pipeline.py
[2025-10-16T20:31:43.774+0000] {processor.py:840} INFO - DAG(s) 'daily_multi_source_pipeline' retrieved from /opt/airflow/dags/daily_multi_source_pipeline.py
[2025-10-16T20:31:43.800+0000] {logging_mixin.py:188} INFO - [2025-10-16T20:31:43.800+0000] {dag.py:3096} INFO - Sync 1 DAGs
[2025-10-16T20:31:43.821+0000] {logging_mixin.py:188} INFO - [2025-10-16T20:31:43.821+0000] {dag.py:3954} INFO - Setting next_dagrun for daily_multi_source_pipeline to 2025-10-15 00:00:00+00:00, run_after=2025-10-16 00:00:00+00:00
[2025-10-16T20:31:43.839+0000] {processor.py:183} INFO - Processing /opt/airflow/dags/daily_multi_source_pipeline.py took 0.646 seconds
[2025-10-16T20:32:13.993+0000] {processor.py:161} INFO - Started process (PID=145) to work on /opt/airflow/dags/daily_multi_source_pipeline.py
[2025-10-16T20:32:13.994+0000] {processor.py:830} INFO - Processing file /opt/airflow/dags/daily_multi_source_pipeline.py for tasks to queue
[2025-10-16T20:32:13.996+0000] {logging_mixin.py:188} INFO - [2025-10-16T20:32:13.996+0000] {dagbag.py:540} INFO - Filling up the DagBag from /opt/airflow/dags/daily_multi_source_pipeline.py
[2025-10-16T20:32:14.548+0000] {processor.py:840} INFO - DAG(s) 'daily_multi_source_pipeline' retrieved from /opt/airflow/dags/daily_multi_source_pipeline.py
[2025-10-16T20:32:14.575+0000] {logging_mixin.py:188} INFO - [2025-10-16T20:32:14.574+0000] {dag.py:3096} INFO - Sync 1 DAGs
[2025-10-16T20:32:14.597+0000] {logging_mixin.py:188} INFO - [2025-10-16T20:32:14.597+0000] {dag.py:3954} INFO - Setting next_dagrun for daily_multi_source_pipeline to 2025-10-15 00:00:00+00:00, run_after=2025-10-16 00:00:00+00:00
[2025-10-16T20:32:14.614+0000] {processor.py:183} INFO - Processing /opt/airflow/dags/daily_multi_source_pipeline.py took 0.630 seconds
[2025-10-16T20:32:44.750+0000] {processor.py:161} INFO - Started process (PID=147) to work on /opt/airflow/dags/daily_multi_source_pipeline.py
[2025-10-16T20:32:44.751+0000] {processor.py:830} INFO - Processing file /opt/airflow/dags/daily_multi_source_pipeline.py for tasks to queue
[2025-10-16T20:32:44.754+0000] {logging_mixin.py:188} INFO - [2025-10-16T20:32:44.753+0000] {dagbag.py:540} INFO - Filling up the DagBag from /opt/airflow/dags/daily_multi_source_pipeline.py
[2025-10-16T20:32:45.301+0000] {processor.py:840} INFO - DAG(s) 'daily_multi_source_pipeline' retrieved from /opt/airflow/dags/daily_multi_source_pipeline.py
[2025-10-16T20:32:45.328+0000] {logging_mixin.py:188} INFO - [2025-10-16T20:32:45.328+0000] {dag.py:3096} INFO - Sync 1 DAGs
[2025-10-16T20:32:45.351+0000] {logging_mixin.py:188} INFO - [2025-10-16T20:32:45.350+0000] {dag.py:3954} INFO - Setting next_dagrun for daily_multi_source_pipeline to 2025-10-15 00:00:00+00:00, run_after=2025-10-16 00:00:00+00:00
[2025-10-16T20:32:45.368+0000] {processor.py:183} INFO - Processing /opt/airflow/dags/daily_multi_source_pipeline.py took 0.628 seconds
[2025-10-16T20:33:15.531+0000] {processor.py:161} INFO - Started process (PID=149) to work on /opt/airflow/dags/daily_multi_source_pipeline.py
[2025-10-16T20:33:15.533+0000] {processor.py:830} INFO - Processing file /opt/airflow/dags/daily_multi_source_pipeline.py for tasks to queue
[2025-10-16T20:33:15.536+0000] {logging_mixin.py:188} INFO - [2025-10-16T20:33:15.536+0000] {dagbag.py:540} INFO - Filling up the DagBag from /opt/airflow/dags/daily_multi_source_pipeline.py
[2025-10-16T20:33:16.112+0000] {processor.py:840} INFO - DAG(s) 'daily_multi_source_pipeline' retrieved from /opt/airflow/dags/daily_multi_source_pipeline.py
[2025-10-16T20:33:16.140+0000] {logging_mixin.py:188} INFO - [2025-10-16T20:33:16.139+0000] {dag.py:3096} INFO - Sync 1 DAGs
[2025-10-16T20:33:16.161+0000] {logging_mixin.py:188} INFO - [2025-10-16T20:33:16.161+0000] {dag.py:3954} INFO - Setting next_dagrun for daily_multi_source_pipeline to 2025-10-15 00:00:00+00:00, run_after=2025-10-16 00:00:00+00:00
[2025-10-16T20:33:16.179+0000] {processor.py:183} INFO - Processing /opt/airflow/dags/daily_multi_source_pipeline.py took 0.656 seconds
[2025-10-16T20:33:46.313+0000] {processor.py:161} INFO - Started process (PID=151) to work on /opt/airflow/dags/daily_multi_source_pipeline.py
[2025-10-16T20:33:46.314+0000] {processor.py:830} INFO - Processing file /opt/airflow/dags/daily_multi_source_pipeline.py for tasks to queue
[2025-10-16T20:33:46.316+0000] {logging_mixin.py:188} INFO - [2025-10-16T20:33:46.316+0000] {dagbag.py:540} INFO - Filling up the DagBag from /opt/airflow/dags/daily_multi_source_pipeline.py
[2025-10-16T20:33:46.874+0000] {processor.py:840} INFO - DAG(s) 'daily_multi_source_pipeline' retrieved from /opt/airflow/dags/daily_multi_source_pipeline.py
[2025-10-16T20:33:46.906+0000] {logging_mixin.py:188} INFO - [2025-10-16T20:33:46.905+0000] {dag.py:3096} INFO - Sync 1 DAGs
[2025-10-16T20:33:46.931+0000] {logging_mixin.py:188} INFO - [2025-10-16T20:33:46.931+0000] {dag.py:3954} INFO - Setting next_dagrun for daily_multi_source_pipeline to 2025-10-15 00:00:00+00:00, run_after=2025-10-16 00:00:00+00:00
[2025-10-16T20:33:46.951+0000] {processor.py:183} INFO - Processing /opt/airflow/dags/daily_multi_source_pipeline.py took 0.646 seconds
[2025-10-16T20:34:17.112+0000] {processor.py:161} INFO - Started process (PID=153) to work on /opt/airflow/dags/daily_multi_source_pipeline.py
[2025-10-16T20:34:17.113+0000] {processor.py:830} INFO - Processing file /opt/airflow/dags/daily_multi_source_pipeline.py for tasks to queue
[2025-10-16T20:34:17.115+0000] {logging_mixin.py:188} INFO - [2025-10-16T20:34:17.115+0000] {dagbag.py:540} INFO - Filling up the DagBag from /opt/airflow/dags/daily_multi_source_pipeline.py
[2025-10-16T20:34:17.685+0000] {processor.py:840} INFO - DAG(s) 'daily_multi_source_pipeline' retrieved from /opt/airflow/dags/daily_multi_source_pipeline.py
[2025-10-16T20:34:17.712+0000] {logging_mixin.py:188} INFO - [2025-10-16T20:34:17.711+0000] {dag.py:3096} INFO - Sync 1 DAGs
[2025-10-16T20:34:17.738+0000] {logging_mixin.py:188} INFO - [2025-10-16T20:34:17.738+0000] {dag.py:3954} INFO - Setting next_dagrun for daily_multi_source_pipeline to 2025-10-15 00:00:00+00:00, run_after=2025-10-16 00:00:00+00:00
[2025-10-16T20:34:17.759+0000] {processor.py:183} INFO - Processing /opt/airflow/dags/daily_multi_source_pipeline.py took 0.655 seconds
[2025-10-16T20:34:47.900+0000] {processor.py:161} INFO - Started process (PID=155) to work on /opt/airflow/dags/daily_multi_source_pipeline.py
[2025-10-16T20:34:47.901+0000] {processor.py:830} INFO - Processing file /opt/airflow/dags/daily_multi_source_pipeline.py for tasks to queue
[2025-10-16T20:34:47.908+0000] {logging_mixin.py:188} INFO - [2025-10-16T20:34:47.907+0000] {dagbag.py:540} INFO - Filling up the DagBag from /opt/airflow/dags/daily_multi_source_pipeline.py
[2025-10-16T20:34:48.495+0000] {processor.py:840} INFO - DAG(s) 'daily_multi_source_pipeline' retrieved from /opt/airflow/dags/daily_multi_source_pipeline.py
[2025-10-16T20:34:48.521+0000] {logging_mixin.py:188} INFO - [2025-10-16T20:34:48.521+0000] {dag.py:3096} INFO - Sync 1 DAGs
[2025-10-16T20:34:48.546+0000] {logging_mixin.py:188} INFO - [2025-10-16T20:34:48.546+0000] {dag.py:3954} INFO - Setting next_dagrun for daily_multi_source_pipeline to 2025-10-15 00:00:00+00:00, run_after=2025-10-16 00:00:00+00:00
[2025-10-16T20:34:48.565+0000] {processor.py:183} INFO - Processing /opt/airflow/dags/daily_multi_source_pipeline.py took 0.673 seconds
[2025-10-16T20:35:18.677+0000] {processor.py:161} INFO - Started process (PID=157) to work on /opt/airflow/dags/daily_multi_source_pipeline.py
[2025-10-16T20:35:18.679+0000] {processor.py:830} INFO - Processing file /opt/airflow/dags/daily_multi_source_pipeline.py for tasks to queue
[2025-10-16T20:35:18.681+0000] {logging_mixin.py:188} INFO - [2025-10-16T20:35:18.681+0000] {dagbag.py:540} INFO - Filling up the DagBag from /opt/airflow/dags/daily_multi_source_pipeline.py
[2025-10-16T20:35:19.275+0000] {processor.py:840} INFO - DAG(s) 'daily_multi_source_pipeline' retrieved from /opt/airflow/dags/daily_multi_source_pipeline.py
[2025-10-16T20:35:19.302+0000] {logging_mixin.py:188} INFO - [2025-10-16T20:35:19.302+0000] {dag.py:3096} INFO - Sync 1 DAGs
[2025-10-16T20:35:19.327+0000] {logging_mixin.py:188} INFO - [2025-10-16T20:35:19.327+0000] {dag.py:3954} INFO - Setting next_dagrun for daily_multi_source_pipeline to 2025-10-15 00:00:00+00:00, run_after=2025-10-16 00:00:00+00:00
[2025-10-16T20:35:19.346+0000] {processor.py:183} INFO - Processing /opt/airflow/dags/daily_multi_source_pipeline.py took 0.677 seconds
[2025-10-16T20:35:49.498+0000] {processor.py:161} INFO - Started process (PID=159) to work on /opt/airflow/dags/daily_multi_source_pipeline.py
[2025-10-16T20:35:49.499+0000] {processor.py:830} INFO - Processing file /opt/airflow/dags/daily_multi_source_pipeline.py for tasks to queue
[2025-10-16T20:35:49.502+0000] {logging_mixin.py:188} INFO - [2025-10-16T20:35:49.501+0000] {dagbag.py:540} INFO - Filling up the DagBag from /opt/airflow/dags/daily_multi_source_pipeline.py
[2025-10-16T20:35:50.065+0000] {processor.py:840} INFO - DAG(s) 'daily_multi_source_pipeline' retrieved from /opt/airflow/dags/daily_multi_source_pipeline.py
[2025-10-16T20:35:50.094+0000] {logging_mixin.py:188} INFO - [2025-10-16T20:35:50.094+0000] {dag.py:3096} INFO - Sync 1 DAGs
[2025-10-16T20:35:50.117+0000] {logging_mixin.py:188} INFO - [2025-10-16T20:35:50.117+0000] {dag.py:3954} INFO - Setting next_dagrun for daily_multi_source_pipeline to 2025-10-15 00:00:00+00:00, run_after=2025-10-16 00:00:00+00:00
[2025-10-16T20:35:50.134+0000] {processor.py:183} INFO - Processing /opt/airflow/dags/daily_multi_source_pipeline.py took 0.645 seconds
[2025-10-16T20:36:20.266+0000] {processor.py:161} INFO - Started process (PID=161) to work on /opt/airflow/dags/daily_multi_source_pipeline.py
[2025-10-16T20:36:20.268+0000] {processor.py:830} INFO - Processing file /opt/airflow/dags/daily_multi_source_pipeline.py for tasks to queue
[2025-10-16T20:36:20.271+0000] {logging_mixin.py:188} INFO - [2025-10-16T20:36:20.270+0000] {dagbag.py:540} INFO - Filling up the DagBag from /opt/airflow/dags/daily_multi_source_pipeline.py
[2025-10-16T20:36:20.838+0000] {processor.py:840} INFO - DAG(s) 'daily_multi_source_pipeline' retrieved from /opt/airflow/dags/daily_multi_source_pipeline.py
[2025-10-16T20:36:20.866+0000] {logging_mixin.py:188} INFO - [2025-10-16T20:36:20.866+0000] {dag.py:3096} INFO - Sync 1 DAGs
[2025-10-16T20:36:20.888+0000] {logging_mixin.py:188} INFO - [2025-10-16T20:36:20.888+0000] {dag.py:3954} INFO - Setting next_dagrun for daily_multi_source_pipeline to 2025-10-15 00:00:00+00:00, run_after=2025-10-16 00:00:00+00:00
[2025-10-16T20:36:20.906+0000] {processor.py:183} INFO - Processing /opt/airflow/dags/daily_multi_source_pipeline.py took 0.649 seconds
[2025-10-16T20:36:51.064+0000] {processor.py:161} INFO - Started process (PID=163) to work on /opt/airflow/dags/daily_multi_source_pipeline.py
[2025-10-16T20:36:51.065+0000] {processor.py:830} INFO - Processing file /opt/airflow/dags/daily_multi_source_pipeline.py for tasks to queue
[2025-10-16T20:36:51.068+0000] {logging_mixin.py:188} INFO - [2025-10-16T20:36:51.067+0000] {dagbag.py:540} INFO - Filling up the DagBag from /opt/airflow/dags/daily_multi_source_pipeline.py
[2025-10-16T20:36:51.624+0000] {processor.py:840} INFO - DAG(s) 'daily_multi_source_pipeline' retrieved from /opt/airflow/dags/daily_multi_source_pipeline.py
[2025-10-16T20:36:51.649+0000] {logging_mixin.py:188} INFO - [2025-10-16T20:36:51.649+0000] {dag.py:3096} INFO - Sync 1 DAGs
[2025-10-16T20:36:51.671+0000] {logging_mixin.py:188} INFO - [2025-10-16T20:36:51.671+0000] {dag.py:3954} INFO - Setting next_dagrun for daily_multi_source_pipeline to 2025-10-15 00:00:00+00:00, run_after=2025-10-16 00:00:00+00:00
[2025-10-16T20:36:51.690+0000] {processor.py:183} INFO - Processing /opt/airflow/dags/daily_multi_source_pipeline.py took 0.634 seconds
[2025-10-16T20:37:21.841+0000] {processor.py:161} INFO - Started process (PID=165) to work on /opt/airflow/dags/daily_multi_source_pipeline.py
[2025-10-16T20:37:21.842+0000] {processor.py:830} INFO - Processing file /opt/airflow/dags/daily_multi_source_pipeline.py for tasks to queue
[2025-10-16T20:37:21.844+0000] {logging_mixin.py:188} INFO - [2025-10-16T20:37:21.844+0000] {dagbag.py:540} INFO - Filling up the DagBag from /opt/airflow/dags/daily_multi_source_pipeline.py
[2025-10-16T20:37:22.402+0000] {processor.py:840} INFO - DAG(s) 'daily_multi_source_pipeline' retrieved from /opt/airflow/dags/daily_multi_source_pipeline.py
[2025-10-16T20:37:22.428+0000] {logging_mixin.py:188} INFO - [2025-10-16T20:37:22.427+0000] {dag.py:3096} INFO - Sync 1 DAGs
[2025-10-16T20:37:22.450+0000] {logging_mixin.py:188} INFO - [2025-10-16T20:37:22.450+0000] {dag.py:3954} INFO - Setting next_dagrun for daily_multi_source_pipeline to 2025-10-15 00:00:00+00:00, run_after=2025-10-16 00:00:00+00:00
[2025-10-16T20:37:22.468+0000] {processor.py:183} INFO - Processing /opt/airflow/dags/daily_multi_source_pipeline.py took 0.635 seconds
[2025-10-16T20:37:52.597+0000] {processor.py:161} INFO - Started process (PID=167) to work on /opt/airflow/dags/daily_multi_source_pipeline.py
[2025-10-16T20:37:52.598+0000] {processor.py:830} INFO - Processing file /opt/airflow/dags/daily_multi_source_pipeline.py for tasks to queue
[2025-10-16T20:37:52.601+0000] {logging_mixin.py:188} INFO - [2025-10-16T20:37:52.600+0000] {dagbag.py:540} INFO - Filling up the DagBag from /opt/airflow/dags/daily_multi_source_pipeline.py
[2025-10-16T20:37:53.157+0000] {processor.py:840} INFO - DAG(s) 'daily_multi_source_pipeline' retrieved from /opt/airflow/dags/daily_multi_source_pipeline.py
[2025-10-16T20:37:53.185+0000] {logging_mixin.py:188} INFO - [2025-10-16T20:37:53.185+0000] {dag.py:3096} INFO - Sync 1 DAGs
[2025-10-16T20:37:53.206+0000] {logging_mixin.py:188} INFO - [2025-10-16T20:37:53.205+0000] {dag.py:3954} INFO - Setting next_dagrun for daily_multi_source_pipeline to 2025-10-15 00:00:00+00:00, run_after=2025-10-16 00:00:00+00:00
[2025-10-16T20:37:53.223+0000] {processor.py:183} INFO - Processing /opt/airflow/dags/daily_multi_source_pipeline.py took 0.634 seconds
[2025-10-16T20:38:23.389+0000] {processor.py:161} INFO - Started process (PID=169) to work on /opt/airflow/dags/daily_multi_source_pipeline.py
[2025-10-16T20:38:23.391+0000] {processor.py:830} INFO - Processing file /opt/airflow/dags/daily_multi_source_pipeline.py for tasks to queue
[2025-10-16T20:38:23.394+0000] {logging_mixin.py:188} INFO - [2025-10-16T20:38:23.393+0000] {dagbag.py:540} INFO - Filling up the DagBag from /opt/airflow/dags/daily_multi_source_pipeline.py
[2025-10-16T20:38:23.972+0000] {processor.py:840} INFO - DAG(s) 'daily_multi_source_pipeline' retrieved from /opt/airflow/dags/daily_multi_source_pipeline.py
[2025-10-16T20:38:23.998+0000] {logging_mixin.py:188} INFO - [2025-10-16T20:38:23.998+0000] {dag.py:3096} INFO - Sync 1 DAGs
[2025-10-16T20:38:24.019+0000] {logging_mixin.py:188} INFO - [2025-10-16T20:38:24.019+0000] {dag.py:3954} INFO - Setting next_dagrun for daily_multi_source_pipeline to 2025-10-15 00:00:00+00:00, run_after=2025-10-16 00:00:00+00:00
[2025-10-16T20:38:24.037+0000] {processor.py:183} INFO - Processing /opt/airflow/dags/daily_multi_source_pipeline.py took 0.656 seconds
[2025-10-16T20:38:54.173+0000] {processor.py:161} INFO - Started process (PID=171) to work on /opt/airflow/dags/daily_multi_source_pipeline.py
[2025-10-16T20:38:54.174+0000] {processor.py:830} INFO - Processing file /opt/airflow/dags/daily_multi_source_pipeline.py for tasks to queue
[2025-10-16T20:38:54.177+0000] {logging_mixin.py:188} INFO - [2025-10-16T20:38:54.176+0000] {dagbag.py:540} INFO - Filling up the DagBag from /opt/airflow/dags/daily_multi_source_pipeline.py
[2025-10-16T20:38:54.735+0000] {processor.py:840} INFO - DAG(s) 'daily_multi_source_pipeline' retrieved from /opt/airflow/dags/daily_multi_source_pipeline.py
[2025-10-16T20:38:54.762+0000] {logging_mixin.py:188} INFO - [2025-10-16T20:38:54.761+0000] {dag.py:3096} INFO - Sync 1 DAGs
[2025-10-16T20:38:54.783+0000] {logging_mixin.py:188} INFO - [2025-10-16T20:38:54.782+0000] {dag.py:3954} INFO - Setting next_dagrun for daily_multi_source_pipeline to 2025-10-15 00:00:00+00:00, run_after=2025-10-16 00:00:00+00:00
[2025-10-16T20:38:54.802+0000] {processor.py:183} INFO - Processing /opt/airflow/dags/daily_multi_source_pipeline.py took 0.637 seconds
[2025-10-16T20:39:24.956+0000] {processor.py:161} INFO - Started process (PID=173) to work on /opt/airflow/dags/daily_multi_source_pipeline.py
[2025-10-16T20:39:24.961+0000] {processor.py:830} INFO - Processing file /opt/airflow/dags/daily_multi_source_pipeline.py for tasks to queue
[2025-10-16T20:39:24.963+0000] {logging_mixin.py:188} INFO - [2025-10-16T20:39:24.963+0000] {dagbag.py:540} INFO - Filling up the DagBag from /opt/airflow/dags/daily_multi_source_pipeline.py
[2025-10-16T20:39:25.537+0000] {processor.py:840} INFO - DAG(s) 'daily_multi_source_pipeline' retrieved from /opt/airflow/dags/daily_multi_source_pipeline.py
[2025-10-16T20:39:25.566+0000] {logging_mixin.py:188} INFO - [2025-10-16T20:39:25.565+0000] {dag.py:3096} INFO - Sync 1 DAGs
[2025-10-16T20:39:25.589+0000] {logging_mixin.py:188} INFO - [2025-10-16T20:39:25.589+0000] {dag.py:3954} INFO - Setting next_dagrun for daily_multi_source_pipeline to 2025-10-15 00:00:00+00:00, run_after=2025-10-16 00:00:00+00:00
[2025-10-16T20:39:25.609+0000] {processor.py:183} INFO - Processing /opt/airflow/dags/daily_multi_source_pipeline.py took 0.661 seconds
[2025-10-16T20:39:55.747+0000] {processor.py:161} INFO - Started process (PID=175) to work on /opt/airflow/dags/daily_multi_source_pipeline.py
[2025-10-16T20:39:55.748+0000] {processor.py:830} INFO - Processing file /opt/airflow/dags/daily_multi_source_pipeline.py for tasks to queue
[2025-10-16T20:39:55.750+0000] {logging_mixin.py:188} INFO - [2025-10-16T20:39:55.750+0000] {dagbag.py:540} INFO - Filling up the DagBag from /opt/airflow/dags/daily_multi_source_pipeline.py
[2025-10-16T20:39:56.297+0000] {processor.py:840} INFO - DAG(s) 'daily_multi_source_pipeline' retrieved from /opt/airflow/dags/daily_multi_source_pipeline.py
[2025-10-16T20:39:56.326+0000] {logging_mixin.py:188} INFO - [2025-10-16T20:39:56.325+0000] {dag.py:3096} INFO - Sync 1 DAGs
[2025-10-16T20:39:56.347+0000] {logging_mixin.py:188} INFO - [2025-10-16T20:39:56.347+0000] {dag.py:3954} INFO - Setting next_dagrun for daily_multi_source_pipeline to 2025-10-15 00:00:00+00:00, run_after=2025-10-16 00:00:00+00:00
[2025-10-16T20:39:56.367+0000] {processor.py:183} INFO - Processing /opt/airflow/dags/daily_multi_source_pipeline.py took 0.629 seconds
[2025-10-16T20:40:26.530+0000] {processor.py:161} INFO - Started process (PID=177) to work on /opt/airflow/dags/daily_multi_source_pipeline.py
[2025-10-16T20:40:26.533+0000] {processor.py:830} INFO - Processing file /opt/airflow/dags/daily_multi_source_pipeline.py for tasks to queue
[2025-10-16T20:40:26.535+0000] {logging_mixin.py:188} INFO - [2025-10-16T20:40:26.535+0000] {dagbag.py:540} INFO - Filling up the DagBag from /opt/airflow/dags/daily_multi_source_pipeline.py
[2025-10-16T20:40:27.111+0000] {processor.py:840} INFO - DAG(s) 'daily_multi_source_pipeline' retrieved from /opt/airflow/dags/daily_multi_source_pipeline.py
[2025-10-16T20:40:27.138+0000] {logging_mixin.py:188} INFO - [2025-10-16T20:40:27.138+0000] {dag.py:3096} INFO - Sync 1 DAGs
[2025-10-16T20:40:27.160+0000] {logging_mixin.py:188} INFO - [2025-10-16T20:40:27.159+0000] {dag.py:3954} INFO - Setting next_dagrun for daily_multi_source_pipeline to 2025-10-15 00:00:00+00:00, run_after=2025-10-16 00:00:00+00:00
[2025-10-16T20:40:27.177+0000] {processor.py:183} INFO - Processing /opt/airflow/dags/daily_multi_source_pipeline.py took 0.657 seconds
[2025-10-16T20:40:57.315+0000] {processor.py:161} INFO - Started process (PID=179) to work on /opt/airflow/dags/daily_multi_source_pipeline.py
[2025-10-16T20:40:57.316+0000] {processor.py:830} INFO - Processing file /opt/airflow/dags/daily_multi_source_pipeline.py for tasks to queue
[2025-10-16T20:40:57.319+0000] {logging_mixin.py:188} INFO - [2025-10-16T20:40:57.319+0000] {dagbag.py:540} INFO - Filling up the DagBag from /opt/airflow/dags/daily_multi_source_pipeline.py
[2025-10-16T20:40:57.898+0000] {processor.py:840} INFO - DAG(s) 'daily_multi_source_pipeline' retrieved from /opt/airflow/dags/daily_multi_source_pipeline.py
[2025-10-16T20:40:57.925+0000] {logging_mixin.py:188} INFO - [2025-10-16T20:40:57.924+0000] {dag.py:3096} INFO - Sync 1 DAGs
[2025-10-16T20:40:57.946+0000] {logging_mixin.py:188} INFO - [2025-10-16T20:40:57.945+0000] {dag.py:3954} INFO - Setting next_dagrun for daily_multi_source_pipeline to 2025-10-15 00:00:00+00:00, run_after=2025-10-16 00:00:00+00:00
[2025-10-16T20:40:57.963+0000] {processor.py:183} INFO - Processing /opt/airflow/dags/daily_multi_source_pipeline.py took 0.658 seconds
[2025-10-16T20:41:28.120+0000] {processor.py:161} INFO - Started process (PID=181) to work on /opt/airflow/dags/daily_multi_source_pipeline.py
[2025-10-16T20:41:28.128+0000] {processor.py:830} INFO - Processing file /opt/airflow/dags/daily_multi_source_pipeline.py for tasks to queue
[2025-10-16T20:41:28.131+0000] {logging_mixin.py:188} INFO - [2025-10-16T20:41:28.130+0000] {dagbag.py:540} INFO - Filling up the DagBag from /opt/airflow/dags/daily_multi_source_pipeline.py
[2025-10-16T20:41:28.681+0000] {processor.py:840} INFO - DAG(s) 'daily_multi_source_pipeline' retrieved from /opt/airflow/dags/daily_multi_source_pipeline.py
[2025-10-16T20:41:28.708+0000] {logging_mixin.py:188} INFO - [2025-10-16T20:41:28.707+0000] {dag.py:3096} INFO - Sync 1 DAGs
[2025-10-16T20:41:28.729+0000] {logging_mixin.py:188} INFO - [2025-10-16T20:41:28.728+0000] {dag.py:3954} INFO - Setting next_dagrun for daily_multi_source_pipeline to 2025-10-15 00:00:00+00:00, run_after=2025-10-16 00:00:00+00:00
[2025-10-16T20:41:28.749+0000] {processor.py:183} INFO - Processing /opt/airflow/dags/daily_multi_source_pipeline.py took 0.637 seconds
[2025-10-16T20:41:49.869+0000] {processor.py:161} INFO - Started process (PID=183) to work on /opt/airflow/dags/daily_multi_source_pipeline.py
[2025-10-16T20:41:49.870+0000] {processor.py:830} INFO - Processing file /opt/airflow/dags/daily_multi_source_pipeline.py for tasks to queue
[2025-10-16T20:41:49.873+0000] {logging_mixin.py:188} INFO - [2025-10-16T20:41:49.872+0000] {dagbag.py:540} INFO - Filling up the DagBag from /opt/airflow/dags/daily_multi_source_pipeline.py
[2025-10-16T20:41:50.424+0000] {processor.py:840} INFO - DAG(s) 'daily_multi_source_pipeline' retrieved from /opt/airflow/dags/daily_multi_source_pipeline.py
[2025-10-16T20:41:50.451+0000] {logging_mixin.py:188} INFO - [2025-10-16T20:41:50.450+0000] {dag.py:3096} INFO - Sync 1 DAGs
[2025-10-16T20:41:50.473+0000] {logging_mixin.py:188} INFO - [2025-10-16T20:41:50.473+0000] {dag.py:3954} INFO - Setting next_dagrun for daily_multi_source_pipeline to 2025-10-15 00:00:00+00:00, run_after=2025-10-16 00:00:00+00:00
[2025-10-16T20:41:50.491+0000] {processor.py:183} INFO - Processing /opt/airflow/dags/daily_multi_source_pipeline.py took 0.630 seconds
[2025-10-16T20:42:20.634+0000] {processor.py:161} INFO - Started process (PID=185) to work on /opt/airflow/dags/daily_multi_source_pipeline.py
[2025-10-16T20:42:20.636+0000] {processor.py:830} INFO - Processing file /opt/airflow/dags/daily_multi_source_pipeline.py for tasks to queue
[2025-10-16T20:42:20.639+0000] {logging_mixin.py:188} INFO - [2025-10-16T20:42:20.639+0000] {dagbag.py:540} INFO - Filling up the DagBag from /opt/airflow/dags/daily_multi_source_pipeline.py
[2025-10-16T20:42:21.192+0000] {processor.py:840} INFO - DAG(s) 'daily_multi_source_pipeline' retrieved from /opt/airflow/dags/daily_multi_source_pipeline.py
[2025-10-16T20:42:21.220+0000] {logging_mixin.py:188} INFO - [2025-10-16T20:42:21.220+0000] {dag.py:3096} INFO - Sync 1 DAGs
[2025-10-16T20:42:21.244+0000] {logging_mixin.py:188} INFO - [2025-10-16T20:42:21.243+0000] {dag.py:3954} INFO - Setting next_dagrun for daily_multi_source_pipeline to 2025-10-15 00:00:00+00:00, run_after=2025-10-16 00:00:00+00:00
[2025-10-16T20:42:21.262+0000] {processor.py:183} INFO - Processing /opt/airflow/dags/daily_multi_source_pipeline.py took 0.637 seconds
[2025-10-16T20:42:51.425+0000] {processor.py:161} INFO - Started process (PID=187) to work on /opt/airflow/dags/daily_multi_source_pipeline.py
[2025-10-16T20:42:51.426+0000] {processor.py:830} INFO - Processing file /opt/airflow/dags/daily_multi_source_pipeline.py for tasks to queue
[2025-10-16T20:42:51.429+0000] {logging_mixin.py:188} INFO - [2025-10-16T20:42:51.428+0000] {dagbag.py:540} INFO - Filling up the DagBag from /opt/airflow/dags/daily_multi_source_pipeline.py
[2025-10-16T20:42:51.998+0000] {processor.py:840} INFO - DAG(s) 'daily_multi_source_pipeline' retrieved from /opt/airflow/dags/daily_multi_source_pipeline.py
[2025-10-16T20:42:52.026+0000] {logging_mixin.py:188} INFO - [2025-10-16T20:42:52.025+0000] {dag.py:3096} INFO - Sync 1 DAGs
[2025-10-16T20:42:52.046+0000] {logging_mixin.py:188} INFO - [2025-10-16T20:42:52.046+0000] {dag.py:3954} INFO - Setting next_dagrun for daily_multi_source_pipeline to 2025-10-15 00:00:00+00:00, run_after=2025-10-16 00:00:00+00:00
[2025-10-16T20:42:52.064+0000] {processor.py:183} INFO - Processing /opt/airflow/dags/daily_multi_source_pipeline.py took 0.648 seconds
[2025-10-16T20:43:22.204+0000] {processor.py:161} INFO - Started process (PID=189) to work on /opt/airflow/dags/daily_multi_source_pipeline.py
[2025-10-16T20:43:22.206+0000] {processor.py:830} INFO - Processing file /opt/airflow/dags/daily_multi_source_pipeline.py for tasks to queue
[2025-10-16T20:43:22.208+0000] {logging_mixin.py:188} INFO - [2025-10-16T20:43:22.208+0000] {dagbag.py:540} INFO - Filling up the DagBag from /opt/airflow/dags/daily_multi_source_pipeline.py
[2025-10-16T20:43:22.760+0000] {processor.py:840} INFO - DAG(s) 'daily_multi_source_pipeline' retrieved from /opt/airflow/dags/daily_multi_source_pipeline.py
[2025-10-16T20:43:22.788+0000] {logging_mixin.py:188} INFO - [2025-10-16T20:43:22.787+0000] {dag.py:3096} INFO - Sync 1 DAGs
[2025-10-16T20:43:22.809+0000] {logging_mixin.py:188} INFO - [2025-10-16T20:43:22.809+0000] {dag.py:3954} INFO - Setting next_dagrun for daily_multi_source_pipeline to 2025-10-15 00:00:00+00:00, run_after=2025-10-16 00:00:00+00:00
[2025-10-16T20:43:22.826+0000] {processor.py:183} INFO - Processing /opt/airflow/dags/daily_multi_source_pipeline.py took 0.631 seconds
[2025-10-16T20:43:52.990+0000] {processor.py:161} INFO - Started process (PID=191) to work on /opt/airflow/dags/daily_multi_source_pipeline.py
[2025-10-16T20:43:52.991+0000] {processor.py:830} INFO - Processing file /opt/airflow/dags/daily_multi_source_pipeline.py for tasks to queue
[2025-10-16T20:43:52.993+0000] {logging_mixin.py:188} INFO - [2025-10-16T20:43:52.993+0000] {dagbag.py:540} INFO - Filling up the DagBag from /opt/airflow/dags/daily_multi_source_pipeline.py
[2025-10-16T20:43:53.557+0000] {processor.py:840} INFO - DAG(s) 'daily_multi_source_pipeline' retrieved from /opt/airflow/dags/daily_multi_source_pipeline.py
[2025-10-16T20:43:53.585+0000] {logging_mixin.py:188} INFO - [2025-10-16T20:43:53.585+0000] {dag.py:3096} INFO - Sync 1 DAGs
[2025-10-16T20:43:53.608+0000] {logging_mixin.py:188} INFO - [2025-10-16T20:43:53.607+0000] {dag.py:3954} INFO - Setting next_dagrun for daily_multi_source_pipeline to 2025-10-15 00:00:00+00:00, run_after=2025-10-16 00:00:00+00:00
[2025-10-16T20:43:53.625+0000] {processor.py:183} INFO - Processing /opt/airflow/dags/daily_multi_source_pipeline.py took 0.643 seconds
[2025-10-16T20:44:23.763+0000] {processor.py:161} INFO - Started process (PID=193) to work on /opt/airflow/dags/daily_multi_source_pipeline.py
[2025-10-16T20:44:23.764+0000] {processor.py:830} INFO - Processing file /opt/airflow/dags/daily_multi_source_pipeline.py for tasks to queue
[2025-10-16T20:44:23.766+0000] {logging_mixin.py:188} INFO - [2025-10-16T20:44:23.766+0000] {dagbag.py:540} INFO - Filling up the DagBag from /opt/airflow/dags/daily_multi_source_pipeline.py
[2025-10-16T20:44:24.325+0000] {processor.py:840} INFO - DAG(s) 'daily_multi_source_pipeline' retrieved from /opt/airflow/dags/daily_multi_source_pipeline.py
[2025-10-16T20:44:24.352+0000] {logging_mixin.py:188} INFO - [2025-10-16T20:44:24.352+0000] {dag.py:3096} INFO - Sync 1 DAGs
[2025-10-16T20:44:24.373+0000] {logging_mixin.py:188} INFO - [2025-10-16T20:44:24.373+0000] {dag.py:3954} INFO - Setting next_dagrun for daily_multi_source_pipeline to 2025-10-15 00:00:00+00:00, run_after=2025-10-16 00:00:00+00:00
[2025-10-16T20:44:24.391+0000] {processor.py:183} INFO - Processing /opt/airflow/dags/daily_multi_source_pipeline.py took 0.636 seconds
[2025-10-16T20:44:54.545+0000] {processor.py:161} INFO - Started process (PID=195) to work on /opt/airflow/dags/daily_multi_source_pipeline.py
[2025-10-16T20:44:54.547+0000] {processor.py:830} INFO - Processing file /opt/airflow/dags/daily_multi_source_pipeline.py for tasks to queue
[2025-10-16T20:44:54.550+0000] {logging_mixin.py:188} INFO - [2025-10-16T20:44:54.549+0000] {dagbag.py:540} INFO - Filling up the DagBag from /opt/airflow/dags/daily_multi_source_pipeline.py
[2025-10-16T20:44:55.100+0000] {processor.py:840} INFO - DAG(s) 'daily_multi_source_pipeline' retrieved from /opt/airflow/dags/daily_multi_source_pipeline.py
[2025-10-16T20:44:55.127+0000] {logging_mixin.py:188} INFO - [2025-10-16T20:44:55.126+0000] {dag.py:3096} INFO - Sync 1 DAGs
[2025-10-16T20:44:55.147+0000] {logging_mixin.py:188} INFO - [2025-10-16T20:44:55.147+0000] {dag.py:3954} INFO - Setting next_dagrun for daily_multi_source_pipeline to 2025-10-15 00:00:00+00:00, run_after=2025-10-16 00:00:00+00:00
[2025-10-16T20:44:55.165+0000] {processor.py:183} INFO - Processing /opt/airflow/dags/daily_multi_source_pipeline.py took 0.628 seconds
[2025-10-16T20:45:25.300+0000] {processor.py:161} INFO - Started process (PID=197) to work on /opt/airflow/dags/daily_multi_source_pipeline.py
[2025-10-16T20:45:25.301+0000] {processor.py:830} INFO - Processing file /opt/airflow/dags/daily_multi_source_pipeline.py for tasks to queue
[2025-10-16T20:45:25.304+0000] {logging_mixin.py:188} INFO - [2025-10-16T20:45:25.303+0000] {dagbag.py:540} INFO - Filling up the DagBag from /opt/airflow/dags/daily_multi_source_pipeline.py
[2025-10-16T20:45:25.862+0000] {processor.py:840} INFO - DAG(s) 'daily_multi_source_pipeline' retrieved from /opt/airflow/dags/daily_multi_source_pipeline.py
[2025-10-16T20:45:25.890+0000] {logging_mixin.py:188} INFO - [2025-10-16T20:45:25.890+0000] {dag.py:3096} INFO - Sync 1 DAGs
[2025-10-16T20:45:25.912+0000] {logging_mixin.py:188} INFO - [2025-10-16T20:45:25.912+0000] {dag.py:3954} INFO - Setting next_dagrun for daily_multi_source_pipeline to 2025-10-15 00:00:00+00:00, run_after=2025-10-16 00:00:00+00:00
[2025-10-16T20:45:25.929+0000] {processor.py:183} INFO - Processing /opt/airflow/dags/daily_multi_source_pipeline.py took 0.637 seconds
[2025-10-16T20:45:56.093+0000] {processor.py:161} INFO - Started process (PID=199) to work on /opt/airflow/dags/daily_multi_source_pipeline.py
[2025-10-16T20:45:56.095+0000] {processor.py:830} INFO - Processing file /opt/airflow/dags/daily_multi_source_pipeline.py for tasks to queue
[2025-10-16T20:45:56.097+0000] {logging_mixin.py:188} INFO - [2025-10-16T20:45:56.097+0000] {dagbag.py:540} INFO - Filling up the DagBag from /opt/airflow/dags/daily_multi_source_pipeline.py
[2025-10-16T20:45:56.658+0000] {processor.py:840} INFO - DAG(s) 'daily_multi_source_pipeline' retrieved from /opt/airflow/dags/daily_multi_source_pipeline.py
[2025-10-16T20:45:56.685+0000] {logging_mixin.py:188} INFO - [2025-10-16T20:45:56.684+0000] {dag.py:3096} INFO - Sync 1 DAGs
[2025-10-16T20:45:56.706+0000] {logging_mixin.py:188} INFO - [2025-10-16T20:45:56.705+0000] {dag.py:3954} INFO - Setting next_dagrun for daily_multi_source_pipeline to 2025-10-15 00:00:00+00:00, run_after=2025-10-16 00:00:00+00:00
[2025-10-16T20:45:56.725+0000] {processor.py:183} INFO - Processing /opt/airflow/dags/daily_multi_source_pipeline.py took 0.640 seconds
[2025-10-16T20:46:26.867+0000] {processor.py:161} INFO - Started process (PID=201) to work on /opt/airflow/dags/daily_multi_source_pipeline.py
[2025-10-16T20:46:26.874+0000] {processor.py:830} INFO - Processing file /opt/airflow/dags/daily_multi_source_pipeline.py for tasks to queue
[2025-10-16T20:46:26.877+0000] {logging_mixin.py:188} INFO - [2025-10-16T20:46:26.876+0000] {dagbag.py:540} INFO - Filling up the DagBag from /opt/airflow/dags/daily_multi_source_pipeline.py
[2025-10-16T20:46:27.422+0000] {processor.py:840} INFO - DAG(s) 'daily_multi_source_pipeline' retrieved from /opt/airflow/dags/daily_multi_source_pipeline.py
[2025-10-16T20:46:27.448+0000] {logging_mixin.py:188} INFO - [2025-10-16T20:46:27.447+0000] {dag.py:3096} INFO - Sync 1 DAGs
[2025-10-16T20:46:27.470+0000] {logging_mixin.py:188} INFO - [2025-10-16T20:46:27.470+0000] {dag.py:3954} INFO - Setting next_dagrun for daily_multi_source_pipeline to 2025-10-15 00:00:00+00:00, run_after=2025-10-16 00:00:00+00:00
[2025-10-16T20:46:27.487+0000] {processor.py:183} INFO - Processing /opt/airflow/dags/daily_multi_source_pipeline.py took 0.630 seconds
[2025-10-16T20:46:57.645+0000] {processor.py:161} INFO - Started process (PID=203) to work on /opt/airflow/dags/daily_multi_source_pipeline.py
[2025-10-16T20:46:57.646+0000] {processor.py:830} INFO - Processing file /opt/airflow/dags/daily_multi_source_pipeline.py for tasks to queue
[2025-10-16T20:46:57.649+0000] {logging_mixin.py:188} INFO - [2025-10-16T20:46:57.648+0000] {dagbag.py:540} INFO - Filling up the DagBag from /opt/airflow/dags/daily_multi_source_pipeline.py
[2025-10-16T20:46:58.220+0000] {processor.py:840} INFO - DAG(s) 'daily_multi_source_pipeline' retrieved from /opt/airflow/dags/daily_multi_source_pipeline.py
[2025-10-16T20:46:58.248+0000] {logging_mixin.py:188} INFO - [2025-10-16T20:46:58.248+0000] {dag.py:3096} INFO - Sync 1 DAGs
[2025-10-16T20:46:58.270+0000] {logging_mixin.py:188} INFO - [2025-10-16T20:46:58.269+0000] {dag.py:3954} INFO - Setting next_dagrun for daily_multi_source_pipeline to 2025-10-15 00:00:00+00:00, run_after=2025-10-16 00:00:00+00:00
[2025-10-16T20:46:58.289+0000] {processor.py:183} INFO - Processing /opt/airflow/dags/daily_multi_source_pipeline.py took 0.653 seconds
[2025-10-16T20:47:28.424+0000] {processor.py:161} INFO - Started process (PID=205) to work on /opt/airflow/dags/daily_multi_source_pipeline.py
[2025-10-16T20:47:28.425+0000] {processor.py:830} INFO - Processing file /opt/airflow/dags/daily_multi_source_pipeline.py for tasks to queue
[2025-10-16T20:47:28.427+0000] {logging_mixin.py:188} INFO - [2025-10-16T20:47:28.427+0000] {dagbag.py:540} INFO - Filling up the DagBag from /opt/airflow/dags/daily_multi_source_pipeline.py
[2025-10-16T20:47:28.982+0000] {processor.py:840} INFO - DAG(s) 'daily_multi_source_pipeline' retrieved from /opt/airflow/dags/daily_multi_source_pipeline.py
[2025-10-16T20:47:29.008+0000] {logging_mixin.py:188} INFO - [2025-10-16T20:47:29.007+0000] {dag.py:3096} INFO - Sync 1 DAGs
[2025-10-16T20:47:29.030+0000] {logging_mixin.py:188} INFO - [2025-10-16T20:47:29.029+0000] {dag.py:3954} INFO - Setting next_dagrun for daily_multi_source_pipeline to 2025-10-15 00:00:00+00:00, run_after=2025-10-16 00:00:00+00:00
[2025-10-16T20:47:29.047+0000] {processor.py:183} INFO - Processing /opt/airflow/dags/daily_multi_source_pipeline.py took 0.631 seconds
[2025-10-16T20:47:59.197+0000] {processor.py:161} INFO - Started process (PID=207) to work on /opt/airflow/dags/daily_multi_source_pipeline.py
[2025-10-16T20:47:59.198+0000] {processor.py:830} INFO - Processing file /opt/airflow/dags/daily_multi_source_pipeline.py for tasks to queue
[2025-10-16T20:47:59.200+0000] {logging_mixin.py:188} INFO - [2025-10-16T20:47:59.200+0000] {dagbag.py:540} INFO - Filling up the DagBag from /opt/airflow/dags/daily_multi_source_pipeline.py
[2025-10-16T20:47:59.754+0000] {processor.py:840} INFO - DAG(s) 'daily_multi_source_pipeline' retrieved from /opt/airflow/dags/daily_multi_source_pipeline.py
[2025-10-16T20:47:59.780+0000] {logging_mixin.py:188} INFO - [2025-10-16T20:47:59.780+0000] {dag.py:3096} INFO - Sync 1 DAGs
[2025-10-16T20:47:59.801+0000] {logging_mixin.py:188} INFO - [2025-10-16T20:47:59.801+0000] {dag.py:3954} INFO - Setting next_dagrun for daily_multi_source_pipeline to 2025-10-15 00:00:00+00:00, run_after=2025-10-16 00:00:00+00:00
[2025-10-16T20:47:59.819+0000] {processor.py:183} INFO - Processing /opt/airflow/dags/daily_multi_source_pipeline.py took 0.630 seconds
[2025-10-16T20:48:29.983+0000] {processor.py:161} INFO - Started process (PID=209) to work on /opt/airflow/dags/daily_multi_source_pipeline.py
[2025-10-16T20:48:29.984+0000] {processor.py:830} INFO - Processing file /opt/airflow/dags/daily_multi_source_pipeline.py for tasks to queue
[2025-10-16T20:48:29.987+0000] {logging_mixin.py:188} INFO - [2025-10-16T20:48:29.986+0000] {dagbag.py:540} INFO - Filling up the DagBag from /opt/airflow/dags/daily_multi_source_pipeline.py
[2025-10-16T20:48:30.570+0000] {processor.py:840} INFO - DAG(s) 'daily_multi_source_pipeline' retrieved from /opt/airflow/dags/daily_multi_source_pipeline.py
[2025-10-16T20:48:30.598+0000] {logging_mixin.py:188} INFO - [2025-10-16T20:48:30.597+0000] {dag.py:3096} INFO - Sync 1 DAGs
[2025-10-16T20:48:30.622+0000] {logging_mixin.py:188} INFO - [2025-10-16T20:48:30.622+0000] {dag.py:3954} INFO - Setting next_dagrun for daily_multi_source_pipeline to 2025-10-15 00:00:00+00:00, run_after=2025-10-16 00:00:00+00:00
[2025-10-16T20:48:30.640+0000] {processor.py:183} INFO - Processing /opt/airflow/dags/daily_multi_source_pipeline.py took 0.667 seconds
[2025-10-16T20:49:00.801+0000] {processor.py:161} INFO - Started process (PID=211) to work on /opt/airflow/dags/daily_multi_source_pipeline.py
[2025-10-16T20:49:00.803+0000] {processor.py:830} INFO - Processing file /opt/airflow/dags/daily_multi_source_pipeline.py for tasks to queue
[2025-10-16T20:49:00.806+0000] {logging_mixin.py:188} INFO - [2025-10-16T20:49:00.805+0000] {dagbag.py:540} INFO - Filling up the DagBag from /opt/airflow/dags/daily_multi_source_pipeline.py
[2025-10-16T20:49:01.358+0000] {processor.py:840} INFO - DAG(s) 'daily_multi_source_pipeline' retrieved from /opt/airflow/dags/daily_multi_source_pipeline.py
[2025-10-16T20:49:01.386+0000] {logging_mixin.py:188} INFO - [2025-10-16T20:49:01.385+0000] {dag.py:3096} INFO - Sync 1 DAGs
[2025-10-16T20:49:01.408+0000] {logging_mixin.py:188} INFO - [2025-10-16T20:49:01.408+0000] {dag.py:3954} INFO - Setting next_dagrun for daily_multi_source_pipeline to 2025-10-15 00:00:00+00:00, run_after=2025-10-16 00:00:00+00:00
[2025-10-16T20:49:01.427+0000] {processor.py:183} INFO - Processing /opt/airflow/dags/daily_multi_source_pipeline.py took 0.633 seconds
[2025-10-16T20:49:31.578+0000] {processor.py:161} INFO - Started process (PID=213) to work on /opt/airflow/dags/daily_multi_source_pipeline.py
[2025-10-16T20:49:31.579+0000] {processor.py:830} INFO - Processing file /opt/airflow/dags/daily_multi_source_pipeline.py for tasks to queue
[2025-10-16T20:49:31.582+0000] {logging_mixin.py:188} INFO - [2025-10-16T20:49:31.581+0000] {dagbag.py:540} INFO - Filling up the DagBag from /opt/airflow/dags/daily_multi_source_pipeline.py
[2025-10-16T20:49:32.128+0000] {processor.py:840} INFO - DAG(s) 'daily_multi_source_pipeline' retrieved from /opt/airflow/dags/daily_multi_source_pipeline.py
[2025-10-16T20:49:32.155+0000] {logging_mixin.py:188} INFO - [2025-10-16T20:49:32.154+0000] {dag.py:3096} INFO - Sync 1 DAGs
[2025-10-16T20:49:32.175+0000] {logging_mixin.py:188} INFO - [2025-10-16T20:49:32.175+0000] {dag.py:3954} INFO - Setting next_dagrun for daily_multi_source_pipeline to 2025-10-15 00:00:00+00:00, run_after=2025-10-16 00:00:00+00:00
[2025-10-16T20:49:32.193+0000] {processor.py:183} INFO - Processing /opt/airflow/dags/daily_multi_source_pipeline.py took 0.623 seconds
[2025-10-16T20:50:02.328+0000] {processor.py:161} INFO - Started process (PID=215) to work on /opt/airflow/dags/daily_multi_source_pipeline.py
[2025-10-16T20:50:02.329+0000] {processor.py:830} INFO - Processing file /opt/airflow/dags/daily_multi_source_pipeline.py for tasks to queue
[2025-10-16T20:50:02.331+0000] {logging_mixin.py:188} INFO - [2025-10-16T20:50:02.331+0000] {dagbag.py:540} INFO - Filling up the DagBag from /opt/airflow/dags/daily_multi_source_pipeline.py
[2025-10-16T20:50:02.880+0000] {processor.py:840} INFO - DAG(s) 'daily_multi_source_pipeline' retrieved from /opt/airflow/dags/daily_multi_source_pipeline.py
[2025-10-16T20:50:02.906+0000] {logging_mixin.py:188} INFO - [2025-10-16T20:50:02.906+0000] {dag.py:3096} INFO - Sync 1 DAGs
[2025-10-16T20:50:02.927+0000] {logging_mixin.py:188} INFO - [2025-10-16T20:50:02.927+0000] {dag.py:3954} INFO - Setting next_dagrun for daily_multi_source_pipeline to 2025-10-15 00:00:00+00:00, run_after=2025-10-16 00:00:00+00:00
[2025-10-16T20:50:02.944+0000] {processor.py:183} INFO - Processing /opt/airflow/dags/daily_multi_source_pipeline.py took 0.625 seconds
[2025-10-16T20:50:33.108+0000] {processor.py:161} INFO - Started process (PID=217) to work on /opt/airflow/dags/daily_multi_source_pipeline.py
[2025-10-16T20:50:33.110+0000] {processor.py:830} INFO - Processing file /opt/airflow/dags/daily_multi_source_pipeline.py for tasks to queue
[2025-10-16T20:50:33.112+0000] {logging_mixin.py:188} INFO - [2025-10-16T20:50:33.112+0000] {dagbag.py:540} INFO - Filling up the DagBag from /opt/airflow/dags/daily_multi_source_pipeline.py
[2025-10-16T20:50:33.678+0000] {processor.py:840} INFO - DAG(s) 'daily_multi_source_pipeline' retrieved from /opt/airflow/dags/daily_multi_source_pipeline.py
[2025-10-16T20:50:33.706+0000] {logging_mixin.py:188} INFO - [2025-10-16T20:50:33.705+0000] {dag.py:3096} INFO - Sync 1 DAGs
[2025-10-16T20:50:33.729+0000] {logging_mixin.py:188} INFO - [2025-10-16T20:50:33.729+0000] {dag.py:3954} INFO - Setting next_dagrun for daily_multi_source_pipeline to 2025-10-15 00:00:00+00:00, run_after=2025-10-16 00:00:00+00:00
[2025-10-16T20:50:33.749+0000] {processor.py:183} INFO - Processing /opt/airflow/dags/daily_multi_source_pipeline.py took 0.649 seconds
[2025-10-16T20:51:03.883+0000] {processor.py:161} INFO - Started process (PID=219) to work on /opt/airflow/dags/daily_multi_source_pipeline.py
[2025-10-16T20:51:03.885+0000] {processor.py:830} INFO - Processing file /opt/airflow/dags/daily_multi_source_pipeline.py for tasks to queue
[2025-10-16T20:51:03.888+0000] {logging_mixin.py:188} INFO - [2025-10-16T20:51:03.887+0000] {dagbag.py:540} INFO - Filling up the DagBag from /opt/airflow/dags/daily_multi_source_pipeline.py
[2025-10-16T20:51:04.440+0000] {processor.py:840} INFO - DAG(s) 'daily_multi_source_pipeline' retrieved from /opt/airflow/dags/daily_multi_source_pipeline.py
[2025-10-16T20:51:04.467+0000] {logging_mixin.py:188} INFO - [2025-10-16T20:51:04.466+0000] {dag.py:3096} INFO - Sync 1 DAGs
[2025-10-16T20:51:04.490+0000] {logging_mixin.py:188} INFO - [2025-10-16T20:51:04.490+0000] {dag.py:3954} INFO - Setting next_dagrun for daily_multi_source_pipeline to 2025-10-15 00:00:00+00:00, run_after=2025-10-16 00:00:00+00:00
[2025-10-16T20:51:04.508+0000] {processor.py:183} INFO - Processing /opt/airflow/dags/daily_multi_source_pipeline.py took 0.634 seconds
[2025-10-16T20:51:34.668+0000] {processor.py:161} INFO - Started process (PID=221) to work on /opt/airflow/dags/daily_multi_source_pipeline.py
[2025-10-16T20:51:34.670+0000] {processor.py:830} INFO - Processing file /opt/airflow/dags/daily_multi_source_pipeline.py for tasks to queue
[2025-10-16T20:51:34.673+0000] {logging_mixin.py:188} INFO - [2025-10-16T20:51:34.672+0000] {dagbag.py:540} INFO - Filling up the DagBag from /opt/airflow/dags/daily_multi_source_pipeline.py
[2025-10-16T20:51:35.233+0000] {processor.py:840} INFO - DAG(s) 'daily_multi_source_pipeline' retrieved from /opt/airflow/dags/daily_multi_source_pipeline.py
[2025-10-16T20:51:35.262+0000] {logging_mixin.py:188} INFO - [2025-10-16T20:51:35.262+0000] {dag.py:3096} INFO - Sync 1 DAGs
[2025-10-16T20:51:35.284+0000] {logging_mixin.py:188} INFO - [2025-10-16T20:51:35.284+0000] {dag.py:3954} INFO - Setting next_dagrun for daily_multi_source_pipeline to 2025-10-15 00:00:00+00:00, run_after=2025-10-16 00:00:00+00:00
[2025-10-16T20:51:35.303+0000] {processor.py:183} INFO - Processing /opt/airflow/dags/daily_multi_source_pipeline.py took 0.643 seconds
[2025-10-16T20:52:05.466+0000] {processor.py:161} INFO - Started process (PID=223) to work on /opt/airflow/dags/daily_multi_source_pipeline.py
[2025-10-16T20:52:05.474+0000] {processor.py:830} INFO - Processing file /opt/airflow/dags/daily_multi_source_pipeline.py for tasks to queue
[2025-10-16T20:52:05.478+0000] {logging_mixin.py:188} INFO - [2025-10-16T20:52:05.477+0000] {dagbag.py:540} INFO - Filling up the DagBag from /opt/airflow/dags/daily_multi_source_pipeline.py
[2025-10-16T20:52:06.206+0000] {processor.py:840} INFO - DAG(s) 'daily_multi_source_pipeline' retrieved from /opt/airflow/dags/daily_multi_source_pipeline.py
[2025-10-16T20:52:06.236+0000] {logging_mixin.py:188} INFO - [2025-10-16T20:52:06.235+0000] {dag.py:3096} INFO - Sync 1 DAGs
[2025-10-16T20:52:06.259+0000] {logging_mixin.py:188} INFO - [2025-10-16T20:52:06.259+0000] {dag.py:3954} INFO - Setting next_dagrun for daily_multi_source_pipeline to 2025-10-15 00:00:00+00:00, run_after=2025-10-16 00:00:00+00:00
[2025-10-16T20:52:06.278+0000] {processor.py:183} INFO - Processing /opt/airflow/dags/daily_multi_source_pipeline.py took 0.824 seconds
[2025-10-16T20:52:36.423+0000] {processor.py:161} INFO - Started process (PID=225) to work on /opt/airflow/dags/daily_multi_source_pipeline.py
[2025-10-16T20:52:36.424+0000] {processor.py:830} INFO - Processing file /opt/airflow/dags/daily_multi_source_pipeline.py for tasks to queue
[2025-10-16T20:52:36.426+0000] {logging_mixin.py:188} INFO - [2025-10-16T20:52:36.426+0000] {dagbag.py:540} INFO - Filling up the DagBag from /opt/airflow/dags/daily_multi_source_pipeline.py
[2025-10-16T20:52:37.009+0000] {processor.py:840} INFO - DAG(s) 'daily_multi_source_pipeline' retrieved from /opt/airflow/dags/daily_multi_source_pipeline.py
[2025-10-16T20:52:37.039+0000] {logging_mixin.py:188} INFO - [2025-10-16T20:52:37.038+0000] {dag.py:3096} INFO - Sync 1 DAGs
[2025-10-16T20:52:37.062+0000] {logging_mixin.py:188} INFO - [2025-10-16T20:52:37.061+0000] {dag.py:3954} INFO - Setting next_dagrun for daily_multi_source_pipeline to 2025-10-15 00:00:00+00:00, run_after=2025-10-16 00:00:00+00:00
[2025-10-16T20:52:37.082+0000] {processor.py:183} INFO - Processing /opt/airflow/dags/daily_multi_source_pipeline.py took 0.668 seconds
[2025-10-16T20:53:07.239+0000] {processor.py:161} INFO - Started process (PID=227) to work on /opt/airflow/dags/daily_multi_source_pipeline.py
[2025-10-16T20:53:07.289+0000] {processor.py:830} INFO - Processing file /opt/airflow/dags/daily_multi_source_pipeline.py for tasks to queue
[2025-10-16T20:53:07.292+0000] {logging_mixin.py:188} INFO - [2025-10-16T20:53:07.291+0000] {dagbag.py:540} INFO - Filling up the DagBag from /opt/airflow/dags/daily_multi_source_pipeline.py
[2025-10-16T20:53:07.876+0000] {processor.py:840} INFO - DAG(s) 'daily_multi_source_pipeline' retrieved from /opt/airflow/dags/daily_multi_source_pipeline.py
[2025-10-16T20:53:07.905+0000] {logging_mixin.py:188} INFO - [2025-10-16T20:53:07.905+0000] {dag.py:3096} INFO - Sync 1 DAGs
[2025-10-16T20:53:07.929+0000] {logging_mixin.py:188} INFO - [2025-10-16T20:53:07.928+0000] {dag.py:3954} INFO - Setting next_dagrun for daily_multi_source_pipeline to 2025-10-15 00:00:00+00:00, run_after=2025-10-16 00:00:00+00:00
[2025-10-16T20:53:07.948+0000] {processor.py:183} INFO - Processing /opt/airflow/dags/daily_multi_source_pipeline.py took 0.718 seconds
[2025-10-16T20:53:38.108+0000] {processor.py:161} INFO - Started process (PID=229) to work on /opt/airflow/dags/daily_multi_source_pipeline.py
[2025-10-16T20:53:38.109+0000] {processor.py:830} INFO - Processing file /opt/airflow/dags/daily_multi_source_pipeline.py for tasks to queue
[2025-10-16T20:53:38.112+0000] {logging_mixin.py:188} INFO - [2025-10-16T20:53:38.111+0000] {dagbag.py:540} INFO - Filling up the DagBag from /opt/airflow/dags/daily_multi_source_pipeline.py
[2025-10-16T20:53:38.698+0000] {processor.py:840} INFO - DAG(s) 'daily_multi_source_pipeline' retrieved from /opt/airflow/dags/daily_multi_source_pipeline.py
[2025-10-16T20:53:38.727+0000] {logging_mixin.py:188} INFO - [2025-10-16T20:53:38.727+0000] {dag.py:3096} INFO - Sync 1 DAGs
[2025-10-16T20:53:38.750+0000] {logging_mixin.py:188} INFO - [2025-10-16T20:53:38.749+0000] {dag.py:3954} INFO - Setting next_dagrun for daily_multi_source_pipeline to 2025-10-15 00:00:00+00:00, run_after=2025-10-16 00:00:00+00:00
[2025-10-16T20:53:38.769+0000] {processor.py:183} INFO - Processing /opt/airflow/dags/daily_multi_source_pipeline.py took 0.669 seconds
[2025-10-16T20:54:08.917+0000] {processor.py:161} INFO - Started process (PID=231) to work on /opt/airflow/dags/daily_multi_source_pipeline.py
[2025-10-16T20:54:08.977+0000] {processor.py:830} INFO - Processing file /opt/airflow/dags/daily_multi_source_pipeline.py for tasks to queue
[2025-10-16T20:54:08.979+0000] {logging_mixin.py:188} INFO - [2025-10-16T20:54:08.979+0000] {dagbag.py:540} INFO - Filling up the DagBag from /opt/airflow/dags/daily_multi_source_pipeline.py
[2025-10-16T20:54:09.569+0000] {processor.py:840} INFO - DAG(s) 'daily_multi_source_pipeline' retrieved from /opt/airflow/dags/daily_multi_source_pipeline.py
[2025-10-16T20:54:09.598+0000] {logging_mixin.py:188} INFO - [2025-10-16T20:54:09.597+0000] {dag.py:3096} INFO - Sync 1 DAGs
[2025-10-16T20:54:09.620+0000] {logging_mixin.py:188} INFO - [2025-10-16T20:54:09.620+0000] {dag.py:3954} INFO - Setting next_dagrun for daily_multi_source_pipeline to 2025-10-15 00:00:00+00:00, run_after=2025-10-16 00:00:00+00:00
[2025-10-16T20:54:09.655+0000] {processor.py:183} INFO - Processing /opt/airflow/dags/daily_multi_source_pipeline.py took 0.748 seconds
[2025-10-16T20:54:39.821+0000] {processor.py:161} INFO - Started process (PID=233) to work on /opt/airflow/dags/daily_multi_source_pipeline.py
[2025-10-16T20:54:39.822+0000] {processor.py:830} INFO - Processing file /opt/airflow/dags/daily_multi_source_pipeline.py for tasks to queue
[2025-10-16T20:54:39.824+0000] {logging_mixin.py:188} INFO - [2025-10-16T20:54:39.824+0000] {dagbag.py:540} INFO - Filling up the DagBag from /opt/airflow/dags/daily_multi_source_pipeline.py
[2025-10-16T20:54:40.405+0000] {processor.py:840} INFO - DAG(s) 'daily_multi_source_pipeline' retrieved from /opt/airflow/dags/daily_multi_source_pipeline.py
[2025-10-16T20:54:40.436+0000] {logging_mixin.py:188} INFO - [2025-10-16T20:54:40.435+0000] {dag.py:3096} INFO - Sync 1 DAGs
[2025-10-16T20:54:40.459+0000] {logging_mixin.py:188} INFO - [2025-10-16T20:54:40.459+0000] {dag.py:3954} INFO - Setting next_dagrun for daily_multi_source_pipeline to 2025-10-15 00:00:00+00:00, run_after=2025-10-16 00:00:00+00:00
[2025-10-16T20:54:40.480+0000] {processor.py:183} INFO - Processing /opt/airflow/dags/daily_multi_source_pipeline.py took 0.668 seconds
[2025-10-16T20:55:10.626+0000] {processor.py:161} INFO - Started process (PID=235) to work on /opt/airflow/dags/daily_multi_source_pipeline.py
[2025-10-16T20:55:10.628+0000] {processor.py:830} INFO - Processing file /opt/airflow/dags/daily_multi_source_pipeline.py for tasks to queue
[2025-10-16T20:55:10.631+0000] {logging_mixin.py:188} INFO - [2025-10-16T20:55:10.630+0000] {dagbag.py:540} INFO - Filling up the DagBag from /opt/airflow/dags/daily_multi_source_pipeline.py
[2025-10-16T20:55:11.227+0000] {processor.py:840} INFO - DAG(s) 'daily_multi_source_pipeline' retrieved from /opt/airflow/dags/daily_multi_source_pipeline.py
[2025-10-16T20:55:11.255+0000] {logging_mixin.py:188} INFO - [2025-10-16T20:55:11.254+0000] {dag.py:3096} INFO - Sync 1 DAGs
[2025-10-16T20:55:11.279+0000] {logging_mixin.py:188} INFO - [2025-10-16T20:55:11.279+0000] {dag.py:3954} INFO - Setting next_dagrun for daily_multi_source_pipeline to 2025-10-15 00:00:00+00:00, run_after=2025-10-16 00:00:00+00:00
[2025-10-16T20:55:11.298+0000] {processor.py:183} INFO - Processing /opt/airflow/dags/daily_multi_source_pipeline.py took 0.680 seconds
[2025-10-16T20:55:41.443+0000] {processor.py:161} INFO - Started process (PID=237) to work on /opt/airflow/dags/daily_multi_source_pipeline.py
[2025-10-16T20:55:41.446+0000] {processor.py:830} INFO - Processing file /opt/airflow/dags/daily_multi_source_pipeline.py for tasks to queue
[2025-10-16T20:55:41.449+0000] {logging_mixin.py:188} INFO - [2025-10-16T20:55:41.448+0000] {dagbag.py:540} INFO - Filling up the DagBag from /opt/airflow/dags/daily_multi_source_pipeline.py
[2025-10-16T20:55:42.033+0000] {processor.py:840} INFO - DAG(s) 'daily_multi_source_pipeline' retrieved from /opt/airflow/dags/daily_multi_source_pipeline.py
[2025-10-16T20:55:42.061+0000] {logging_mixin.py:188} INFO - [2025-10-16T20:55:42.061+0000] {dag.py:3096} INFO - Sync 1 DAGs
[2025-10-16T20:55:42.087+0000] {logging_mixin.py:188} INFO - [2025-10-16T20:55:42.087+0000] {dag.py:3954} INFO - Setting next_dagrun for daily_multi_source_pipeline to 2025-10-15 00:00:00+00:00, run_after=2025-10-16 00:00:00+00:00
[2025-10-16T20:55:42.107+0000] {processor.py:183} INFO - Processing /opt/airflow/dags/daily_multi_source_pipeline.py took 0.673 seconds
[2025-10-16T20:56:12.265+0000] {processor.py:161} INFO - Started process (PID=239) to work on /opt/airflow/dags/daily_multi_source_pipeline.py
[2025-10-16T20:56:12.266+0000] {processor.py:830} INFO - Processing file /opt/airflow/dags/daily_multi_source_pipeline.py for tasks to queue
[2025-10-16T20:56:12.268+0000] {logging_mixin.py:188} INFO - [2025-10-16T20:56:12.268+0000] {dagbag.py:540} INFO - Filling up the DagBag from /opt/airflow/dags/daily_multi_source_pipeline.py
[2025-10-16T20:56:12.866+0000] {processor.py:840} INFO - DAG(s) 'daily_multi_source_pipeline' retrieved from /opt/airflow/dags/daily_multi_source_pipeline.py
[2025-10-16T20:56:12.896+0000] {logging_mixin.py:188} INFO - [2025-10-16T20:56:12.896+0000] {dag.py:3096} INFO - Sync 1 DAGs
[2025-10-16T20:56:12.919+0000] {logging_mixin.py:188} INFO - [2025-10-16T20:56:12.919+0000] {dag.py:3954} INFO - Setting next_dagrun for daily_multi_source_pipeline to 2025-10-15 00:00:00+00:00, run_after=2025-10-16 00:00:00+00:00
[2025-10-16T20:56:12.939+0000] {processor.py:183} INFO - Processing /opt/airflow/dags/daily_multi_source_pipeline.py took 0.683 seconds
[2025-10-16T20:56:43.089+0000] {processor.py:161} INFO - Started process (PID=241) to work on /opt/airflow/dags/daily_multi_source_pipeline.py
[2025-10-16T20:56:43.090+0000] {processor.py:830} INFO - Processing file /opt/airflow/dags/daily_multi_source_pipeline.py for tasks to queue
[2025-10-16T20:56:43.092+0000] {logging_mixin.py:188} INFO - [2025-10-16T20:56:43.092+0000] {dagbag.py:540} INFO - Filling up the DagBag from /opt/airflow/dags/daily_multi_source_pipeline.py
[2025-10-16T20:56:43.674+0000] {processor.py:840} INFO - DAG(s) 'daily_multi_source_pipeline' retrieved from /opt/airflow/dags/daily_multi_source_pipeline.py
[2025-10-16T20:56:43.702+0000] {logging_mixin.py:188} INFO - [2025-10-16T20:56:43.702+0000] {dag.py:3096} INFO - Sync 1 DAGs
[2025-10-16T20:56:43.725+0000] {logging_mixin.py:188} INFO - [2025-10-16T20:56:43.724+0000] {dag.py:3954} INFO - Setting next_dagrun for daily_multi_source_pipeline to 2025-10-15 00:00:00+00:00, run_after=2025-10-16 00:00:00+00:00
[2025-10-16T20:56:43.744+0000] {processor.py:183} INFO - Processing /opt/airflow/dags/daily_multi_source_pipeline.py took 0.663 seconds
[2025-10-16T20:57:13.827+0000] {processor.py:161} INFO - Started process (PID=243) to work on /opt/airflow/dags/daily_multi_source_pipeline.py
[2025-10-16T20:57:13.829+0000] {processor.py:830} INFO - Processing file /opt/airflow/dags/daily_multi_source_pipeline.py for tasks to queue
[2025-10-16T20:57:13.831+0000] {logging_mixin.py:188} INFO - [2025-10-16T20:57:13.831+0000] {dagbag.py:540} INFO - Filling up the DagBag from /opt/airflow/dags/daily_multi_source_pipeline.py
[2025-10-16T20:57:14.417+0000] {processor.py:840} INFO - DAG(s) 'daily_multi_source_pipeline' retrieved from /opt/airflow/dags/daily_multi_source_pipeline.py
[2025-10-16T20:57:14.445+0000] {logging_mixin.py:188} INFO - [2025-10-16T20:57:14.445+0000] {dag.py:3096} INFO - Sync 1 DAGs
[2025-10-16T20:57:14.468+0000] {logging_mixin.py:188} INFO - [2025-10-16T20:57:14.468+0000] {dag.py:3954} INFO - Setting next_dagrun for daily_multi_source_pipeline to 2025-10-15 00:00:00+00:00, run_after=2025-10-16 00:00:00+00:00
[2025-10-16T20:57:14.489+0000] {processor.py:183} INFO - Processing /opt/airflow/dags/daily_multi_source_pipeline.py took 0.671 seconds
[2025-10-16T20:57:44.644+0000] {processor.py:161} INFO - Started process (PID=245) to work on /opt/airflow/dags/daily_multi_source_pipeline.py
[2025-10-16T20:57:44.646+0000] {processor.py:830} INFO - Processing file /opt/airflow/dags/daily_multi_source_pipeline.py for tasks to queue
[2025-10-16T20:57:44.648+0000] {logging_mixin.py:188} INFO - [2025-10-16T20:57:44.648+0000] {dagbag.py:540} INFO - Filling up the DagBag from /opt/airflow/dags/daily_multi_source_pipeline.py
[2025-10-16T20:57:45.222+0000] {processor.py:840} INFO - DAG(s) 'daily_multi_source_pipeline' retrieved from /opt/airflow/dags/daily_multi_source_pipeline.py
[2025-10-16T20:57:45.250+0000] {logging_mixin.py:188} INFO - [2025-10-16T20:57:45.249+0000] {dag.py:3096} INFO - Sync 1 DAGs
[2025-10-16T20:57:45.277+0000] {logging_mixin.py:188} INFO - [2025-10-16T20:57:45.277+0000] {dag.py:3954} INFO - Setting next_dagrun for daily_multi_source_pipeline to 2025-10-15 00:00:00+00:00, run_after=2025-10-16 00:00:00+00:00
[2025-10-16T20:57:45.297+0000] {processor.py:183} INFO - Processing /opt/airflow/dags/daily_multi_source_pipeline.py took 0.662 seconds
[2025-10-16T20:58:15.447+0000] {processor.py:161} INFO - Started process (PID=247) to work on /opt/airflow/dags/daily_multi_source_pipeline.py
[2025-10-16T20:58:15.449+0000] {processor.py:830} INFO - Processing file /opt/airflow/dags/daily_multi_source_pipeline.py for tasks to queue
[2025-10-16T20:58:15.452+0000] {logging_mixin.py:188} INFO - [2025-10-16T20:58:15.451+0000] {dagbag.py:540} INFO - Filling up the DagBag from /opt/airflow/dags/daily_multi_source_pipeline.py
[2025-10-16T20:58:16.030+0000] {processor.py:840} INFO - DAG(s) 'daily_multi_source_pipeline' retrieved from /opt/airflow/dags/daily_multi_source_pipeline.py
[2025-10-16T20:58:16.059+0000] {logging_mixin.py:188} INFO - [2025-10-16T20:58:16.059+0000] {dag.py:3096} INFO - Sync 1 DAGs
[2025-10-16T20:58:16.081+0000] {logging_mixin.py:188} INFO - [2025-10-16T20:58:16.081+0000] {dag.py:3954} INFO - Setting next_dagrun for daily_multi_source_pipeline to 2025-10-15 00:00:00+00:00, run_after=2025-10-16 00:00:00+00:00
[2025-10-16T20:58:16.100+0000] {processor.py:183} INFO - Processing /opt/airflow/dags/daily_multi_source_pipeline.py took 0.662 seconds
[2025-10-16T20:58:46.274+0000] {processor.py:161} INFO - Started process (PID=249) to work on /opt/airflow/dags/daily_multi_source_pipeline.py
[2025-10-16T20:58:46.276+0000] {processor.py:830} INFO - Processing file /opt/airflow/dags/daily_multi_source_pipeline.py for tasks to queue
[2025-10-16T20:58:46.279+0000] {logging_mixin.py:188} INFO - [2025-10-16T20:58:46.278+0000] {dagbag.py:540} INFO - Filling up the DagBag from /opt/airflow/dags/daily_multi_source_pipeline.py
[2025-10-16T20:58:46.857+0000] {processor.py:840} INFO - DAG(s) 'daily_multi_source_pipeline' retrieved from /opt/airflow/dags/daily_multi_source_pipeline.py
[2025-10-16T20:58:46.885+0000] {logging_mixin.py:188} INFO - [2025-10-16T20:58:46.885+0000] {dag.py:3096} INFO - Sync 1 DAGs
[2025-10-16T20:58:46.909+0000] {logging_mixin.py:188} INFO - [2025-10-16T20:58:46.909+0000] {dag.py:3954} INFO - Setting next_dagrun for daily_multi_source_pipeline to 2025-10-15 00:00:00+00:00, run_after=2025-10-16 00:00:00+00:00
[2025-10-16T20:58:46.928+0000] {processor.py:183} INFO - Processing /opt/airflow/dags/daily_multi_source_pipeline.py took 0.661 seconds
[2025-10-16T20:59:17.081+0000] {processor.py:161} INFO - Started process (PID=251) to work on /opt/airflow/dags/daily_multi_source_pipeline.py
[2025-10-16T20:59:17.082+0000] {processor.py:830} INFO - Processing file /opt/airflow/dags/daily_multi_source_pipeline.py for tasks to queue
[2025-10-16T20:59:17.085+0000] {logging_mixin.py:188} INFO - [2025-10-16T20:59:17.085+0000] {dagbag.py:540} INFO - Filling up the DagBag from /opt/airflow/dags/daily_multi_source_pipeline.py
[2025-10-16T20:59:17.665+0000] {processor.py:840} INFO - DAG(s) 'daily_multi_source_pipeline' retrieved from /opt/airflow/dags/daily_multi_source_pipeline.py
[2025-10-16T20:59:17.697+0000] {logging_mixin.py:188} INFO - [2025-10-16T20:59:17.696+0000] {dag.py:3096} INFO - Sync 1 DAGs
[2025-10-16T20:59:17.720+0000] {logging_mixin.py:188} INFO - [2025-10-16T20:59:17.719+0000] {dag.py:3954} INFO - Setting next_dagrun for daily_multi_source_pipeline to 2025-10-15 00:00:00+00:00, run_after=2025-10-16 00:00:00+00:00
[2025-10-16T20:59:17.739+0000] {processor.py:183} INFO - Processing /opt/airflow/dags/daily_multi_source_pipeline.py took 0.667 seconds
[2025-10-16T20:59:47.880+0000] {processor.py:161} INFO - Started process (PID=253) to work on /opt/airflow/dags/daily_multi_source_pipeline.py
[2025-10-16T20:59:47.882+0000] {processor.py:830} INFO - Processing file /opt/airflow/dags/daily_multi_source_pipeline.py for tasks to queue
[2025-10-16T20:59:47.884+0000] {logging_mixin.py:188} INFO - [2025-10-16T20:59:47.884+0000] {dagbag.py:540} INFO - Filling up the DagBag from /opt/airflow/dags/daily_multi_source_pipeline.py
[2025-10-16T20:59:48.484+0000] {processor.py:840} INFO - DAG(s) 'daily_multi_source_pipeline' retrieved from /opt/airflow/dags/daily_multi_source_pipeline.py
[2025-10-16T20:59:48.513+0000] {logging_mixin.py:188} INFO - [2025-10-16T20:59:48.512+0000] {dag.py:3096} INFO - Sync 1 DAGs
[2025-10-16T20:59:48.538+0000] {logging_mixin.py:188} INFO - [2025-10-16T20:59:48.537+0000] {dag.py:3954} INFO - Setting next_dagrun for daily_multi_source_pipeline to 2025-10-15 00:00:00+00:00, run_after=2025-10-16 00:00:00+00:00
[2025-10-16T20:59:48.556+0000] {processor.py:183} INFO - Processing /opt/airflow/dags/daily_multi_source_pipeline.py took 0.685 seconds
[2025-10-16T21:00:18.668+0000] {processor.py:161} INFO - Started process (PID=255) to work on /opt/airflow/dags/daily_multi_source_pipeline.py
[2025-10-16T21:00:18.671+0000] {processor.py:830} INFO - Processing file /opt/airflow/dags/daily_multi_source_pipeline.py for tasks to queue
[2025-10-16T21:00:18.674+0000] {logging_mixin.py:188} INFO - [2025-10-16T21:00:18.673+0000] {dagbag.py:540} INFO - Filling up the DagBag from /opt/airflow/dags/daily_multi_source_pipeline.py
[2025-10-16T21:00:19.261+0000] {processor.py:840} INFO - DAG(s) 'daily_multi_source_pipeline' retrieved from /opt/airflow/dags/daily_multi_source_pipeline.py
[2025-10-16T21:00:19.289+0000] {logging_mixin.py:188} INFO - [2025-10-16T21:00:19.289+0000] {dag.py:3096} INFO - Sync 1 DAGs
[2025-10-16T21:00:19.313+0000] {logging_mixin.py:188} INFO - [2025-10-16T21:00:19.313+0000] {dag.py:3954} INFO - Setting next_dagrun for daily_multi_source_pipeline to 2025-10-15 00:00:00+00:00, run_after=2025-10-16 00:00:00+00:00
[2025-10-16T21:00:19.333+0000] {processor.py:183} INFO - Processing /opt/airflow/dags/daily_multi_source_pipeline.py took 0.674 seconds
[2025-10-16T21:00:49.483+0000] {processor.py:161} INFO - Started process (PID=257) to work on /opt/airflow/dags/daily_multi_source_pipeline.py
[2025-10-16T21:00:49.485+0000] {processor.py:830} INFO - Processing file /opt/airflow/dags/daily_multi_source_pipeline.py for tasks to queue
[2025-10-16T21:00:49.488+0000] {logging_mixin.py:188} INFO - [2025-10-16T21:00:49.487+0000] {dagbag.py:540} INFO - Filling up the DagBag from /opt/airflow/dags/daily_multi_source_pipeline.py
[2025-10-16T21:00:50.076+0000] {processor.py:840} INFO - DAG(s) 'daily_multi_source_pipeline' retrieved from /opt/airflow/dags/daily_multi_source_pipeline.py
[2025-10-16T21:00:50.106+0000] {logging_mixin.py:188} INFO - [2025-10-16T21:00:50.106+0000] {dag.py:3096} INFO - Sync 1 DAGs
[2025-10-16T21:00:50.130+0000] {logging_mixin.py:188} INFO - [2025-10-16T21:00:50.130+0000] {dag.py:3954} INFO - Setting next_dagrun for daily_multi_source_pipeline to 2025-10-15 00:00:00+00:00, run_after=2025-10-16 00:00:00+00:00
[2025-10-16T21:00:50.150+0000] {processor.py:183} INFO - Processing /opt/airflow/dags/daily_multi_source_pipeline.py took 0.675 seconds
[2025-10-16T21:01:20.297+0000] {processor.py:161} INFO - Started process (PID=259) to work on /opt/airflow/dags/daily_multi_source_pipeline.py
[2025-10-16T21:01:20.299+0000] {processor.py:830} INFO - Processing file /opt/airflow/dags/daily_multi_source_pipeline.py for tasks to queue
[2025-10-16T21:01:20.301+0000] {logging_mixin.py:188} INFO - [2025-10-16T21:01:20.301+0000] {dagbag.py:540} INFO - Filling up the DagBag from /opt/airflow/dags/daily_multi_source_pipeline.py
[2025-10-16T21:01:20.907+0000] {processor.py:840} INFO - DAG(s) 'daily_multi_source_pipeline' retrieved from /opt/airflow/dags/daily_multi_source_pipeline.py
[2025-10-16T21:01:20.937+0000] {logging_mixin.py:188} INFO - [2025-10-16T21:01:20.937+0000] {dag.py:3096} INFO - Sync 1 DAGs
[2025-10-16T21:01:20.961+0000] {logging_mixin.py:188} INFO - [2025-10-16T21:01:20.961+0000] {dag.py:3954} INFO - Setting next_dagrun for daily_multi_source_pipeline to 2025-10-15 00:00:00+00:00, run_after=2025-10-16 00:00:00+00:00
[2025-10-16T21:01:20.981+0000] {processor.py:183} INFO - Processing /opt/airflow/dags/daily_multi_source_pipeline.py took 0.692 seconds
[2025-10-16T21:01:51.078+0000] {processor.py:161} INFO - Started process (PID=261) to work on /opt/airflow/dags/daily_multi_source_pipeline.py
[2025-10-16T21:01:51.079+0000] {processor.py:830} INFO - Processing file /opt/airflow/dags/daily_multi_source_pipeline.py for tasks to queue
[2025-10-16T21:01:51.082+0000] {logging_mixin.py:188} INFO - [2025-10-16T21:01:51.081+0000] {dagbag.py:540} INFO - Filling up the DagBag from /opt/airflow/dags/daily_multi_source_pipeline.py
[2025-10-16T21:01:51.663+0000] {processor.py:840} INFO - DAG(s) 'daily_multi_source_pipeline' retrieved from /opt/airflow/dags/daily_multi_source_pipeline.py
[2025-10-16T21:01:51.690+0000] {logging_mixin.py:188} INFO - [2025-10-16T21:01:51.690+0000] {dag.py:3096} INFO - Sync 1 DAGs
[2025-10-16T21:01:51.713+0000] {logging_mixin.py:188} INFO - [2025-10-16T21:01:51.712+0000] {dag.py:3954} INFO - Setting next_dagrun for daily_multi_source_pipeline to 2025-10-15 00:00:00+00:00, run_after=2025-10-16 00:00:00+00:00
[2025-10-16T21:01:51.734+0000] {processor.py:183} INFO - Processing /opt/airflow/dags/daily_multi_source_pipeline.py took 0.664 seconds
[2025-10-16T21:02:21.885+0000] {processor.py:161} INFO - Started process (PID=263) to work on /opt/airflow/dags/daily_multi_source_pipeline.py
[2025-10-16T21:02:21.887+0000] {processor.py:830} INFO - Processing file /opt/airflow/dags/daily_multi_source_pipeline.py for tasks to queue
[2025-10-16T21:02:21.890+0000] {logging_mixin.py:188} INFO - [2025-10-16T21:02:21.889+0000] {dagbag.py:540} INFO - Filling up the DagBag from /opt/airflow/dags/daily_multi_source_pipeline.py
[2025-10-16T21:02:22.472+0000] {processor.py:840} INFO - DAG(s) 'daily_multi_source_pipeline' retrieved from /opt/airflow/dags/daily_multi_source_pipeline.py
[2025-10-16T21:02:22.501+0000] {logging_mixin.py:188} INFO - [2025-10-16T21:02:22.500+0000] {dag.py:3096} INFO - Sync 1 DAGs
[2025-10-16T21:02:22.525+0000] {logging_mixin.py:188} INFO - [2025-10-16T21:02:22.524+0000] {dag.py:3954} INFO - Setting next_dagrun for daily_multi_source_pipeline to 2025-10-15 00:00:00+00:00, run_after=2025-10-16 00:00:00+00:00
[2025-10-16T21:02:22.542+0000] {processor.py:183} INFO - Processing /opt/airflow/dags/daily_multi_source_pipeline.py took 0.666 seconds
[2025-10-16T21:02:52.693+0000] {processor.py:161} INFO - Started process (PID=265) to work on /opt/airflow/dags/daily_multi_source_pipeline.py
[2025-10-16T21:02:52.694+0000] {processor.py:830} INFO - Processing file /opt/airflow/dags/daily_multi_source_pipeline.py for tasks to queue
[2025-10-16T21:02:52.697+0000] {logging_mixin.py:188} INFO - [2025-10-16T21:02:52.696+0000] {dagbag.py:540} INFO - Filling up the DagBag from /opt/airflow/dags/daily_multi_source_pipeline.py
[2025-10-16T21:02:53.283+0000] {processor.py:840} INFO - DAG(s) 'daily_multi_source_pipeline' retrieved from /opt/airflow/dags/daily_multi_source_pipeline.py
[2025-10-16T21:02:53.312+0000] {logging_mixin.py:188} INFO - [2025-10-16T21:02:53.312+0000] {dag.py:3096} INFO - Sync 1 DAGs
[2025-10-16T21:02:53.335+0000] {logging_mixin.py:188} INFO - [2025-10-16T21:02:53.335+0000] {dag.py:3954} INFO - Setting next_dagrun for daily_multi_source_pipeline to 2025-10-15 00:00:00+00:00, run_after=2025-10-16 00:00:00+00:00
[2025-10-16T21:02:53.354+0000] {processor.py:183} INFO - Processing /opt/airflow/dags/daily_multi_source_pipeline.py took 0.670 seconds
[2025-10-16T21:03:23.517+0000] {processor.py:161} INFO - Started process (PID=267) to work on /opt/airflow/dags/daily_multi_source_pipeline.py
[2025-10-16T21:03:23.519+0000] {processor.py:830} INFO - Processing file /opt/airflow/dags/daily_multi_source_pipeline.py for tasks to queue
[2025-10-16T21:03:23.521+0000] {logging_mixin.py:188} INFO - [2025-10-16T21:03:23.521+0000] {dagbag.py:540} INFO - Filling up the DagBag from /opt/airflow/dags/daily_multi_source_pipeline.py
[2025-10-16T21:03:24.094+0000] {processor.py:840} INFO - DAG(s) 'daily_multi_source_pipeline' retrieved from /opt/airflow/dags/daily_multi_source_pipeline.py
[2025-10-16T21:03:24.122+0000] {logging_mixin.py:188} INFO - [2025-10-16T21:03:24.122+0000] {dag.py:3096} INFO - Sync 1 DAGs
[2025-10-16T21:03:24.145+0000] {logging_mixin.py:188} INFO - [2025-10-16T21:03:24.144+0000] {dag.py:3954} INFO - Setting next_dagrun for daily_multi_source_pipeline to 2025-10-15 00:00:00+00:00, run_after=2025-10-16 00:00:00+00:00
[2025-10-16T21:03:24.163+0000] {processor.py:183} INFO - Processing /opt/airflow/dags/daily_multi_source_pipeline.py took 0.654 seconds
[2025-10-16T21:03:54.323+0000] {processor.py:161} INFO - Started process (PID=269) to work on /opt/airflow/dags/daily_multi_source_pipeline.py
[2025-10-16T21:03:54.325+0000] {processor.py:830} INFO - Processing file /opt/airflow/dags/daily_multi_source_pipeline.py for tasks to queue
[2025-10-16T21:03:54.328+0000] {logging_mixin.py:188} INFO - [2025-10-16T21:03:54.327+0000] {dagbag.py:540} INFO - Filling up the DagBag from /opt/airflow/dags/daily_multi_source_pipeline.py
[2025-10-16T21:03:54.905+0000] {processor.py:840} INFO - DAG(s) 'daily_multi_source_pipeline' retrieved from /opt/airflow/dags/daily_multi_source_pipeline.py
[2025-10-16T21:03:54.936+0000] {logging_mixin.py:188} INFO - [2025-10-16T21:03:54.935+0000] {dag.py:3096} INFO - Sync 1 DAGs
[2025-10-16T21:03:54.958+0000] {logging_mixin.py:188} INFO - [2025-10-16T21:03:54.958+0000] {dag.py:3954} INFO - Setting next_dagrun for daily_multi_source_pipeline to 2025-10-15 00:00:00+00:00, run_after=2025-10-16 00:00:00+00:00
[2025-10-16T21:03:54.979+0000] {processor.py:183} INFO - Processing /opt/airflow/dags/daily_multi_source_pipeline.py took 0.665 seconds
[2025-10-16T21:04:25.124+0000] {processor.py:161} INFO - Started process (PID=271) to work on /opt/airflow/dags/daily_multi_source_pipeline.py
[2025-10-16T21:04:25.126+0000] {processor.py:830} INFO - Processing file /opt/airflow/dags/daily_multi_source_pipeline.py for tasks to queue
[2025-10-16T21:04:25.129+0000] {logging_mixin.py:188} INFO - [2025-10-16T21:04:25.128+0000] {dagbag.py:540} INFO - Filling up the DagBag from /opt/airflow/dags/daily_multi_source_pipeline.py
[2025-10-16T21:04:25.734+0000] {processor.py:840} INFO - DAG(s) 'daily_multi_source_pipeline' retrieved from /opt/airflow/dags/daily_multi_source_pipeline.py
[2025-10-16T21:04:25.762+0000] {logging_mixin.py:188} INFO - [2025-10-16T21:04:25.762+0000] {dag.py:3096} INFO - Sync 1 DAGs
[2025-10-16T21:04:25.786+0000] {logging_mixin.py:188} INFO - [2025-10-16T21:04:25.785+0000] {dag.py:3954} INFO - Setting next_dagrun for daily_multi_source_pipeline to 2025-10-15 00:00:00+00:00, run_after=2025-10-16 00:00:00+00:00
[2025-10-16T21:04:25.804+0000] {processor.py:183} INFO - Processing /opt/airflow/dags/daily_multi_source_pipeline.py took 0.689 seconds
[2025-10-16T21:04:55.910+0000] {processor.py:161} INFO - Started process (PID=273) to work on /opt/airflow/dags/daily_multi_source_pipeline.py
[2025-10-16T21:04:55.912+0000] {processor.py:830} INFO - Processing file /opt/airflow/dags/daily_multi_source_pipeline.py for tasks to queue
[2025-10-16T21:04:55.915+0000] {logging_mixin.py:188} INFO - [2025-10-16T21:04:55.914+0000] {dagbag.py:540} INFO - Filling up the DagBag from /opt/airflow/dags/daily_multi_source_pipeline.py
[2025-10-16T21:04:56.487+0000] {processor.py:840} INFO - DAG(s) 'daily_multi_source_pipeline' retrieved from /opt/airflow/dags/daily_multi_source_pipeline.py
[2025-10-16T21:04:56.515+0000] {logging_mixin.py:188} INFO - [2025-10-16T21:04:56.514+0000] {dag.py:3096} INFO - Sync 1 DAGs
[2025-10-16T21:04:56.539+0000] {logging_mixin.py:188} INFO - [2025-10-16T21:04:56.538+0000] {dag.py:3954} INFO - Setting next_dagrun for daily_multi_source_pipeline to 2025-10-15 00:00:00+00:00, run_after=2025-10-16 00:00:00+00:00
[2025-10-16T21:04:56.558+0000] {processor.py:183} INFO - Processing /opt/airflow/dags/daily_multi_source_pipeline.py took 0.656 seconds
[2025-10-16T21:05:26.709+0000] {processor.py:161} INFO - Started process (PID=275) to work on /opt/airflow/dags/daily_multi_source_pipeline.py
[2025-10-16T21:05:26.710+0000] {processor.py:830} INFO - Processing file /opt/airflow/dags/daily_multi_source_pipeline.py for tasks to queue
[2025-10-16T21:05:26.713+0000] {logging_mixin.py:188} INFO - [2025-10-16T21:05:26.712+0000] {dagbag.py:540} INFO - Filling up the DagBag from /opt/airflow/dags/daily_multi_source_pipeline.py
[2025-10-16T21:05:27.283+0000] {processor.py:840} INFO - DAG(s) 'daily_multi_source_pipeline' retrieved from /opt/airflow/dags/daily_multi_source_pipeline.py
[2025-10-16T21:05:27.314+0000] {logging_mixin.py:188} INFO - [2025-10-16T21:05:27.313+0000] {dag.py:3096} INFO - Sync 1 DAGs
[2025-10-16T21:05:27.337+0000] {logging_mixin.py:188} INFO - [2025-10-16T21:05:27.337+0000] {dag.py:3954} INFO - Setting next_dagrun for daily_multi_source_pipeline to 2025-10-15 00:00:00+00:00, run_after=2025-10-16 00:00:00+00:00
[2025-10-16T21:05:27.356+0000] {processor.py:183} INFO - Processing /opt/airflow/dags/daily_multi_source_pipeline.py took 0.656 seconds
[2025-10-16T21:05:57.504+0000] {processor.py:161} INFO - Started process (PID=277) to work on /opt/airflow/dags/daily_multi_source_pipeline.py
[2025-10-16T21:05:57.505+0000] {processor.py:830} INFO - Processing file /opt/airflow/dags/daily_multi_source_pipeline.py for tasks to queue
[2025-10-16T21:05:57.508+0000] {logging_mixin.py:188} INFO - [2025-10-16T21:05:57.507+0000] {dagbag.py:540} INFO - Filling up the DagBag from /opt/airflow/dags/daily_multi_source_pipeline.py
[2025-10-16T21:05:58.152+0000] {processor.py:840} INFO - DAG(s) 'daily_multi_source_pipeline' retrieved from /opt/airflow/dags/daily_multi_source_pipeline.py
[2025-10-16T21:05:58.189+0000] {logging_mixin.py:188} INFO - [2025-10-16T21:05:58.189+0000] {dag.py:3096} INFO - Sync 1 DAGs
[2025-10-16T21:05:58.214+0000] {logging_mixin.py:188} INFO - [2025-10-16T21:05:58.214+0000] {dag.py:3954} INFO - Setting next_dagrun for daily_multi_source_pipeline to 2025-10-15 00:00:00+00:00, run_after=2025-10-16 00:00:00+00:00
[2025-10-16T21:05:58.233+0000] {processor.py:183} INFO - Processing /opt/airflow/dags/daily_multi_source_pipeline.py took 0.738 seconds
[2025-10-16T21:06:28.329+0000] {processor.py:161} INFO - Started process (PID=279) to work on /opt/airflow/dags/daily_multi_source_pipeline.py
[2025-10-16T21:06:28.330+0000] {processor.py:830} INFO - Processing file /opt/airflow/dags/daily_multi_source_pipeline.py for tasks to queue
[2025-10-16T21:06:28.333+0000] {logging_mixin.py:188} INFO - [2025-10-16T21:06:28.332+0000] {dagbag.py:540} INFO - Filling up the DagBag from /opt/airflow/dags/daily_multi_source_pipeline.py
[2025-10-16T21:06:28.944+0000] {processor.py:840} INFO - DAG(s) 'daily_multi_source_pipeline' retrieved from /opt/airflow/dags/daily_multi_source_pipeline.py
[2025-10-16T21:06:28.974+0000] {logging_mixin.py:188} INFO - [2025-10-16T21:06:28.973+0000] {dag.py:3096} INFO - Sync 1 DAGs
[2025-10-16T21:06:28.998+0000] {logging_mixin.py:188} INFO - [2025-10-16T21:06:28.997+0000] {dag.py:3954} INFO - Setting next_dagrun for daily_multi_source_pipeline to 2025-10-15 00:00:00+00:00, run_after=2025-10-16 00:00:00+00:00
[2025-10-16T21:06:29.021+0000] {processor.py:183} INFO - Processing /opt/airflow/dags/daily_multi_source_pipeline.py took 0.703 seconds
[2025-10-16T21:06:59.178+0000] {processor.py:161} INFO - Started process (PID=281) to work on /opt/airflow/dags/daily_multi_source_pipeline.py
[2025-10-16T21:06:59.179+0000] {processor.py:830} INFO - Processing file /opt/airflow/dags/daily_multi_source_pipeline.py for tasks to queue
[2025-10-16T21:06:59.182+0000] {logging_mixin.py:188} INFO - [2025-10-16T21:06:59.181+0000] {dagbag.py:540} INFO - Filling up the DagBag from /opt/airflow/dags/daily_multi_source_pipeline.py
[2025-10-16T21:06:59.771+0000] {processor.py:840} INFO - DAG(s) 'daily_multi_source_pipeline' retrieved from /opt/airflow/dags/daily_multi_source_pipeline.py
[2025-10-16T21:06:59.799+0000] {logging_mixin.py:188} INFO - [2025-10-16T21:06:59.798+0000] {dag.py:3096} INFO - Sync 1 DAGs
[2025-10-16T21:06:59.822+0000] {logging_mixin.py:188} INFO - [2025-10-16T21:06:59.822+0000] {dag.py:3954} INFO - Setting next_dagrun for daily_multi_source_pipeline to 2025-10-15 00:00:00+00:00, run_after=2025-10-16 00:00:00+00:00
[2025-10-16T21:06:59.841+0000] {processor.py:183} INFO - Processing /opt/airflow/dags/daily_multi_source_pipeline.py took 0.672 seconds
[2025-10-16T21:07:29.987+0000] {processor.py:161} INFO - Started process (PID=283) to work on /opt/airflow/dags/daily_multi_source_pipeline.py
[2025-10-16T21:07:29.988+0000] {processor.py:830} INFO - Processing file /opt/airflow/dags/daily_multi_source_pipeline.py for tasks to queue
[2025-10-16T21:07:29.990+0000] {logging_mixin.py:188} INFO - [2025-10-16T21:07:29.990+0000] {dagbag.py:540} INFO - Filling up the DagBag from /opt/airflow/dags/daily_multi_source_pipeline.py
[2025-10-16T21:07:30.577+0000] {processor.py:840} INFO - DAG(s) 'daily_multi_source_pipeline' retrieved from /opt/airflow/dags/daily_multi_source_pipeline.py
[2025-10-16T21:07:30.607+0000] {logging_mixin.py:188} INFO - [2025-10-16T21:07:30.606+0000] {dag.py:3096} INFO - Sync 1 DAGs
[2025-10-16T21:07:30.630+0000] {logging_mixin.py:188} INFO - [2025-10-16T21:07:30.629+0000] {dag.py:3954} INFO - Setting next_dagrun for daily_multi_source_pipeline to 2025-10-15 00:00:00+00:00, run_after=2025-10-16 00:00:00+00:00
[2025-10-16T21:07:30.648+0000] {processor.py:183} INFO - Processing /opt/airflow/dags/daily_multi_source_pipeline.py took 0.670 seconds
[2025-10-16T21:08:00.770+0000] {processor.py:161} INFO - Started process (PID=285) to work on /opt/airflow/dags/daily_multi_source_pipeline.py
[2025-10-16T21:08:00.771+0000] {processor.py:830} INFO - Processing file /opt/airflow/dags/daily_multi_source_pipeline.py for tasks to queue
[2025-10-16T21:08:00.773+0000] {logging_mixin.py:188} INFO - [2025-10-16T21:08:00.773+0000] {dagbag.py:540} INFO - Filling up the DagBag from /opt/airflow/dags/daily_multi_source_pipeline.py
[2025-10-16T21:08:01.354+0000] {processor.py:840} INFO - DAG(s) 'daily_multi_source_pipeline' retrieved from /opt/airflow/dags/daily_multi_source_pipeline.py
[2025-10-16T21:08:01.383+0000] {logging_mixin.py:188} INFO - [2025-10-16T21:08:01.383+0000] {dag.py:3096} INFO - Sync 1 DAGs
[2025-10-16T21:08:01.406+0000] {logging_mixin.py:188} INFO - [2025-10-16T21:08:01.406+0000] {dag.py:3954} INFO - Setting next_dagrun for daily_multi_source_pipeline to 2025-10-15 00:00:00+00:00, run_after=2025-10-16 00:00:00+00:00
[2025-10-16T21:08:01.425+0000] {processor.py:183} INFO - Processing /opt/airflow/dags/daily_multi_source_pipeline.py took 0.664 seconds
[2025-10-16T21:08:31.591+0000] {processor.py:161} INFO - Started process (PID=287) to work on /opt/airflow/dags/daily_multi_source_pipeline.py
[2025-10-16T21:08:31.592+0000] {processor.py:830} INFO - Processing file /opt/airflow/dags/daily_multi_source_pipeline.py for tasks to queue
[2025-10-16T21:08:31.595+0000] {logging_mixin.py:188} INFO - [2025-10-16T21:08:31.594+0000] {dagbag.py:540} INFO - Filling up the DagBag from /opt/airflow/dags/daily_multi_source_pipeline.py
[2025-10-16T21:08:32.177+0000] {processor.py:840} INFO - DAG(s) 'daily_multi_source_pipeline' retrieved from /opt/airflow/dags/daily_multi_source_pipeline.py
[2025-10-16T21:08:32.207+0000] {logging_mixin.py:188} INFO - [2025-10-16T21:08:32.206+0000] {dag.py:3096} INFO - Sync 1 DAGs
[2025-10-16T21:08:32.231+0000] {logging_mixin.py:188} INFO - [2025-10-16T21:08:32.231+0000] {dag.py:3954} INFO - Setting next_dagrun for daily_multi_source_pipeline to 2025-10-15 00:00:00+00:00, run_after=2025-10-16 00:00:00+00:00
[2025-10-16T21:08:32.251+0000] {processor.py:183} INFO - Processing /opt/airflow/dags/daily_multi_source_pipeline.py took 0.668 seconds
[2025-10-16T21:09:02.401+0000] {processor.py:161} INFO - Started process (PID=289) to work on /opt/airflow/dags/daily_multi_source_pipeline.py
[2025-10-16T21:09:02.408+0000] {processor.py:830} INFO - Processing file /opt/airflow/dags/daily_multi_source_pipeline.py for tasks to queue
[2025-10-16T21:09:02.411+0000] {logging_mixin.py:188} INFO - [2025-10-16T21:09:02.411+0000] {dagbag.py:540} INFO - Filling up the DagBag from /opt/airflow/dags/daily_multi_source_pipeline.py
[2025-10-16T21:09:02.995+0000] {processor.py:840} INFO - DAG(s) 'daily_multi_source_pipeline' retrieved from /opt/airflow/dags/daily_multi_source_pipeline.py
[2025-10-16T21:09:03.026+0000] {logging_mixin.py:188} INFO - [2025-10-16T21:09:03.026+0000] {dag.py:3096} INFO - Sync 1 DAGs
[2025-10-16T21:09:03.050+0000] {logging_mixin.py:188} INFO - [2025-10-16T21:09:03.050+0000] {dag.py:3954} INFO - Setting next_dagrun for daily_multi_source_pipeline to 2025-10-15 00:00:00+00:00, run_after=2025-10-16 00:00:00+00:00
[2025-10-16T21:09:03.070+0000] {processor.py:183} INFO - Processing /opt/airflow/dags/daily_multi_source_pipeline.py took 0.678 seconds
[2025-10-16T21:09:33.171+0000] {processor.py:161} INFO - Started process (PID=291) to work on /opt/airflow/dags/daily_multi_source_pipeline.py
[2025-10-16T21:09:33.172+0000] {processor.py:830} INFO - Processing file /opt/airflow/dags/daily_multi_source_pipeline.py for tasks to queue
[2025-10-16T21:09:33.174+0000] {logging_mixin.py:188} INFO - [2025-10-16T21:09:33.174+0000] {dagbag.py:540} INFO - Filling up the DagBag from /opt/airflow/dags/daily_multi_source_pipeline.py
[2025-10-16T21:09:33.748+0000] {processor.py:840} INFO - DAG(s) 'daily_multi_source_pipeline' retrieved from /opt/airflow/dags/daily_multi_source_pipeline.py
[2025-10-16T21:09:33.776+0000] {logging_mixin.py:188} INFO - [2025-10-16T21:09:33.776+0000] {dag.py:3096} INFO - Sync 1 DAGs
[2025-10-16T21:09:33.801+0000] {logging_mixin.py:188} INFO - [2025-10-16T21:09:33.801+0000] {dag.py:3954} INFO - Setting next_dagrun for daily_multi_source_pipeline to 2025-10-15 00:00:00+00:00, run_after=2025-10-16 00:00:00+00:00
[2025-10-16T21:09:33.821+0000] {processor.py:183} INFO - Processing /opt/airflow/dags/daily_multi_source_pipeline.py took 0.659 seconds
[2025-10-16T21:10:03.969+0000] {processor.py:161} INFO - Started process (PID=293) to work on /opt/airflow/dags/daily_multi_source_pipeline.py
[2025-10-16T21:10:03.970+0000] {processor.py:830} INFO - Processing file /opt/airflow/dags/daily_multi_source_pipeline.py for tasks to queue
[2025-10-16T21:10:03.973+0000] {logging_mixin.py:188} INFO - [2025-10-16T21:10:03.972+0000] {dagbag.py:540} INFO - Filling up the DagBag from /opt/airflow/dags/daily_multi_source_pipeline.py
[2025-10-16T21:10:04.556+0000] {processor.py:840} INFO - DAG(s) 'daily_multi_source_pipeline' retrieved from /opt/airflow/dags/daily_multi_source_pipeline.py
[2025-10-16T21:10:04.587+0000] {logging_mixin.py:188} INFO - [2025-10-16T21:10:04.587+0000] {dag.py:3096} INFO - Sync 1 DAGs
[2025-10-16T21:10:04.612+0000] {logging_mixin.py:188} INFO - [2025-10-16T21:10:04.611+0000] {dag.py:3954} INFO - Setting next_dagrun for daily_multi_source_pipeline to 2025-10-15 00:00:00+00:00, run_after=2025-10-16 00:00:00+00:00
[2025-10-16T21:10:04.631+0000] {processor.py:183} INFO - Processing /opt/airflow/dags/daily_multi_source_pipeline.py took 0.671 seconds
[2025-10-16T21:10:34.776+0000] {processor.py:161} INFO - Started process (PID=295) to work on /opt/airflow/dags/daily_multi_source_pipeline.py
[2025-10-16T21:10:34.777+0000] {processor.py:830} INFO - Processing file /opt/airflow/dags/daily_multi_source_pipeline.py for tasks to queue
[2025-10-16T21:10:34.780+0000] {logging_mixin.py:188} INFO - [2025-10-16T21:10:34.779+0000] {dagbag.py:540} INFO - Filling up the DagBag from /opt/airflow/dags/daily_multi_source_pipeline.py
[2025-10-16T21:10:35.370+0000] {processor.py:840} INFO - DAG(s) 'daily_multi_source_pipeline' retrieved from /opt/airflow/dags/daily_multi_source_pipeline.py
[2025-10-16T21:10:35.400+0000] {logging_mixin.py:188} INFO - [2025-10-16T21:10:35.400+0000] {dag.py:3096} INFO - Sync 1 DAGs
[2025-10-16T21:10:35.423+0000] {logging_mixin.py:188} INFO - [2025-10-16T21:10:35.423+0000] {dag.py:3954} INFO - Setting next_dagrun for daily_multi_source_pipeline to 2025-10-15 00:00:00+00:00, run_after=2025-10-16 00:00:00+00:00
[2025-10-16T21:10:35.441+0000] {processor.py:183} INFO - Processing /opt/airflow/dags/daily_multi_source_pipeline.py took 0.674 seconds
[2025-10-16T21:11:05.582+0000] {processor.py:161} INFO - Started process (PID=297) to work on /opt/airflow/dags/daily_multi_source_pipeline.py
[2025-10-16T21:11:05.583+0000] {processor.py:830} INFO - Processing file /opt/airflow/dags/daily_multi_source_pipeline.py for tasks to queue
[2025-10-16T21:11:05.586+0000] {logging_mixin.py:188} INFO - [2025-10-16T21:11:05.585+0000] {dagbag.py:540} INFO - Filling up the DagBag from /opt/airflow/dags/daily_multi_source_pipeline.py
[2025-10-16T21:11:06.159+0000] {processor.py:840} INFO - DAG(s) 'daily_multi_source_pipeline' retrieved from /opt/airflow/dags/daily_multi_source_pipeline.py
[2025-10-16T21:11:06.187+0000] {logging_mixin.py:188} INFO - [2025-10-16T21:11:06.186+0000] {dag.py:3096} INFO - Sync 1 DAGs
[2025-10-16T21:11:06.210+0000] {logging_mixin.py:188} INFO - [2025-10-16T21:11:06.209+0000] {dag.py:3954} INFO - Setting next_dagrun for daily_multi_source_pipeline to 2025-10-15 00:00:00+00:00, run_after=2025-10-16 00:00:00+00:00
[2025-10-16T21:11:06.230+0000] {processor.py:183} INFO - Processing /opt/airflow/dags/daily_multi_source_pipeline.py took 0.656 seconds
[2025-10-16T21:11:36.389+0000] {processor.py:161} INFO - Started process (PID=299) to work on /opt/airflow/dags/daily_multi_source_pipeline.py
[2025-10-16T21:11:36.390+0000] {processor.py:830} INFO - Processing file /opt/airflow/dags/daily_multi_source_pipeline.py for tasks to queue
[2025-10-16T21:11:36.393+0000] {logging_mixin.py:188} INFO - [2025-10-16T21:11:36.392+0000] {dagbag.py:540} INFO - Filling up the DagBag from /opt/airflow/dags/daily_multi_source_pipeline.py
[2025-10-16T21:11:36.977+0000] {processor.py:840} INFO - DAG(s) 'daily_multi_source_pipeline' retrieved from /opt/airflow/dags/daily_multi_source_pipeline.py
[2025-10-16T21:11:37.006+0000] {logging_mixin.py:188} INFO - [2025-10-16T21:11:37.005+0000] {dag.py:3096} INFO - Sync 1 DAGs
[2025-10-16T21:11:37.032+0000] {logging_mixin.py:188} INFO - [2025-10-16T21:11:37.032+0000] {dag.py:3954} INFO - Setting next_dagrun for daily_multi_source_pipeline to 2025-10-15 00:00:00+00:00, run_after=2025-10-16 00:00:00+00:00
[2025-10-16T21:11:37.052+0000] {processor.py:183} INFO - Processing /opt/airflow/dags/daily_multi_source_pipeline.py took 0.671 seconds
[2025-10-16T21:12:07.199+0000] {processor.py:161} INFO - Started process (PID=301) to work on /opt/airflow/dags/daily_multi_source_pipeline.py
[2025-10-16T21:12:07.245+0000] {processor.py:830} INFO - Processing file /opt/airflow/dags/daily_multi_source_pipeline.py for tasks to queue
[2025-10-16T21:12:07.248+0000] {logging_mixin.py:188} INFO - [2025-10-16T21:12:07.248+0000] {dagbag.py:540} INFO - Filling up the DagBag from /opt/airflow/dags/daily_multi_source_pipeline.py
[2025-10-16T21:12:07.827+0000] {processor.py:840} INFO - DAG(s) 'daily_multi_source_pipeline' retrieved from /opt/airflow/dags/daily_multi_source_pipeline.py
[2025-10-16T21:12:07.857+0000] {logging_mixin.py:188} INFO - [2025-10-16T21:12:07.857+0000] {dag.py:3096} INFO - Sync 1 DAGs
[2025-10-16T21:12:07.880+0000] {logging_mixin.py:188} INFO - [2025-10-16T21:12:07.879+0000] {dag.py:3954} INFO - Setting next_dagrun for daily_multi_source_pipeline to 2025-10-15 00:00:00+00:00, run_after=2025-10-16 00:00:00+00:00
[2025-10-16T21:12:07.900+0000] {processor.py:183} INFO - Processing /opt/airflow/dags/daily_multi_source_pipeline.py took 0.710 seconds
[2025-10-16T21:12:37.970+0000] {processor.py:161} INFO - Started process (PID=303) to work on /opt/airflow/dags/daily_multi_source_pipeline.py
[2025-10-16T21:12:37.972+0000] {processor.py:830} INFO - Processing file /opt/airflow/dags/daily_multi_source_pipeline.py for tasks to queue
[2025-10-16T21:12:37.974+0000] {logging_mixin.py:188} INFO - [2025-10-16T21:12:37.974+0000] {dagbag.py:540} INFO - Filling up the DagBag from /opt/airflow/dags/daily_multi_source_pipeline.py
[2025-10-16T21:12:38.583+0000] {processor.py:840} INFO - DAG(s) 'daily_multi_source_pipeline' retrieved from /opt/airflow/dags/daily_multi_source_pipeline.py
[2025-10-16T21:12:38.613+0000] {logging_mixin.py:188} INFO - [2025-10-16T21:12:38.612+0000] {dag.py:3096} INFO - Sync 1 DAGs
[2025-10-16T21:12:38.636+0000] {logging_mixin.py:188} INFO - [2025-10-16T21:12:38.635+0000] {dag.py:3954} INFO - Setting next_dagrun for daily_multi_source_pipeline to 2025-10-15 00:00:00+00:00, run_after=2025-10-16 00:00:00+00:00
[2025-10-16T21:12:38.655+0000] {processor.py:183} INFO - Processing /opt/airflow/dags/daily_multi_source_pipeline.py took 0.693 seconds
[2025-10-16T21:13:08.805+0000] {processor.py:161} INFO - Started process (PID=305) to work on /opt/airflow/dags/daily_multi_source_pipeline.py
[2025-10-16T21:13:08.806+0000] {processor.py:830} INFO - Processing file /opt/airflow/dags/daily_multi_source_pipeline.py for tasks to queue
[2025-10-16T21:13:08.808+0000] {logging_mixin.py:188} INFO - [2025-10-16T21:13:08.808+0000] {dagbag.py:540} INFO - Filling up the DagBag from /opt/airflow/dags/daily_multi_source_pipeline.py
[2025-10-16T21:13:09.393+0000] {processor.py:840} INFO - DAG(s) 'daily_multi_source_pipeline' retrieved from /opt/airflow/dags/daily_multi_source_pipeline.py
[2025-10-16T21:13:09.423+0000] {logging_mixin.py:188} INFO - [2025-10-16T21:13:09.422+0000] {dag.py:3096} INFO - Sync 1 DAGs
[2025-10-16T21:13:09.446+0000] {logging_mixin.py:188} INFO - [2025-10-16T21:13:09.446+0000] {dag.py:3954} INFO - Setting next_dagrun for daily_multi_source_pipeline to 2025-10-15 00:00:00+00:00, run_after=2025-10-16 00:00:00+00:00
[2025-10-16T21:13:09.464+0000] {processor.py:183} INFO - Processing /opt/airflow/dags/daily_multi_source_pipeline.py took 0.668 seconds
[2025-10-16T21:13:39.620+0000] {processor.py:161} INFO - Started process (PID=307) to work on /opt/airflow/dags/daily_multi_source_pipeline.py
[2025-10-16T21:13:39.621+0000] {processor.py:830} INFO - Processing file /opt/airflow/dags/daily_multi_source_pipeline.py for tasks to queue
[2025-10-16T21:13:39.623+0000] {logging_mixin.py:188} INFO - [2025-10-16T21:13:39.623+0000] {dagbag.py:540} INFO - Filling up the DagBag from /opt/airflow/dags/daily_multi_source_pipeline.py
[2025-10-16T21:13:40.208+0000] {processor.py:840} INFO - DAG(s) 'daily_multi_source_pipeline' retrieved from /opt/airflow/dags/daily_multi_source_pipeline.py
[2025-10-16T21:13:40.236+0000] {logging_mixin.py:188} INFO - [2025-10-16T21:13:40.236+0000] {dag.py:3096} INFO - Sync 1 DAGs
[2025-10-16T21:13:40.260+0000] {logging_mixin.py:188} INFO - [2025-10-16T21:13:40.260+0000] {dag.py:3954} INFO - Setting next_dagrun for daily_multi_source_pipeline to 2025-10-15 00:00:00+00:00, run_after=2025-10-16 00:00:00+00:00
[2025-10-16T21:13:40.279+0000] {processor.py:183} INFO - Processing /opt/airflow/dags/daily_multi_source_pipeline.py took 0.668 seconds
[2025-10-16T21:14:10.422+0000] {processor.py:161} INFO - Started process (PID=309) to work on /opt/airflow/dags/daily_multi_source_pipeline.py
[2025-10-16T21:14:10.423+0000] {processor.py:830} INFO - Processing file /opt/airflow/dags/daily_multi_source_pipeline.py for tasks to queue
[2025-10-16T21:14:10.425+0000] {logging_mixin.py:188} INFO - [2025-10-16T21:14:10.425+0000] {dagbag.py:540} INFO - Filling up the DagBag from /opt/airflow/dags/daily_multi_source_pipeline.py
[2025-10-16T21:14:11.015+0000] {processor.py:840} INFO - DAG(s) 'daily_multi_source_pipeline' retrieved from /opt/airflow/dags/daily_multi_source_pipeline.py
[2025-10-16T21:14:11.046+0000] {logging_mixin.py:188} INFO - [2025-10-16T21:14:11.045+0000] {dag.py:3096} INFO - Sync 1 DAGs
[2025-10-16T21:14:11.072+0000] {logging_mixin.py:188} INFO - [2025-10-16T21:14:11.071+0000] {dag.py:3954} INFO - Setting next_dagrun for daily_multi_source_pipeline to 2025-10-15 00:00:00+00:00, run_after=2025-10-16 00:00:00+00:00
[2025-10-16T21:14:11.095+0000] {processor.py:183} INFO - Processing /opt/airflow/dags/daily_multi_source_pipeline.py took 0.681 seconds
[2025-10-16T21:14:41.249+0000] {processor.py:161} INFO - Started process (PID=311) to work on /opt/airflow/dags/daily_multi_source_pipeline.py
[2025-10-16T21:14:41.250+0000] {processor.py:830} INFO - Processing file /opt/airflow/dags/daily_multi_source_pipeline.py for tasks to queue
[2025-10-16T21:14:41.253+0000] {logging_mixin.py:188} INFO - [2025-10-16T21:14:41.252+0000] {dagbag.py:540} INFO - Filling up the DagBag from /opt/airflow/dags/daily_multi_source_pipeline.py
[2025-10-16T21:14:41.832+0000] {processor.py:840} INFO - DAG(s) 'daily_multi_source_pipeline' retrieved from /opt/airflow/dags/daily_multi_source_pipeline.py
[2025-10-16T21:14:41.860+0000] {logging_mixin.py:188} INFO - [2025-10-16T21:14:41.859+0000] {dag.py:3096} INFO - Sync 1 DAGs
[2025-10-16T21:14:41.882+0000] {logging_mixin.py:188} INFO - [2025-10-16T21:14:41.882+0000] {dag.py:3954} INFO - Setting next_dagrun for daily_multi_source_pipeline to 2025-10-15 00:00:00+00:00, run_after=2025-10-16 00:00:00+00:00
[2025-10-16T21:14:41.901+0000] {processor.py:183} INFO - Processing /opt/airflow/dags/daily_multi_source_pipeline.py took 0.660 seconds
[2025-10-16T21:15:12.048+0000] {processor.py:161} INFO - Started process (PID=313) to work on /opt/airflow/dags/daily_multi_source_pipeline.py
[2025-10-16T21:15:12.049+0000] {processor.py:830} INFO - Processing file /opt/airflow/dags/daily_multi_source_pipeline.py for tasks to queue
[2025-10-16T21:15:12.052+0000] {logging_mixin.py:188} INFO - [2025-10-16T21:15:12.051+0000] {dagbag.py:540} INFO - Filling up the DagBag from /opt/airflow/dags/daily_multi_source_pipeline.py
[2025-10-16T21:15:12.641+0000] {processor.py:840} INFO - DAG(s) 'daily_multi_source_pipeline' retrieved from /opt/airflow/dags/daily_multi_source_pipeline.py
[2025-10-16T21:15:12.672+0000] {logging_mixin.py:188} INFO - [2025-10-16T21:15:12.671+0000] {dag.py:3096} INFO - Sync 1 DAGs
[2025-10-16T21:15:12.696+0000] {logging_mixin.py:188} INFO - [2025-10-16T21:15:12.695+0000] {dag.py:3954} INFO - Setting next_dagrun for daily_multi_source_pipeline to 2025-10-15 00:00:00+00:00, run_after=2025-10-16 00:00:00+00:00
[2025-10-16T21:15:12.715+0000] {processor.py:183} INFO - Processing /opt/airflow/dags/daily_multi_source_pipeline.py took 0.676 seconds
[2025-10-16T21:15:42.821+0000] {processor.py:161} INFO - Started process (PID=315) to work on /opt/airflow/dags/daily_multi_source_pipeline.py
[2025-10-16T21:15:42.824+0000] {processor.py:830} INFO - Processing file /opt/airflow/dags/daily_multi_source_pipeline.py for tasks to queue
[2025-10-16T21:15:42.827+0000] {logging_mixin.py:188} INFO - [2025-10-16T21:15:42.826+0000] {dagbag.py:540} INFO - Filling up the DagBag from /opt/airflow/dags/daily_multi_source_pipeline.py
[2025-10-16T21:15:43.423+0000] {processor.py:840} INFO - DAG(s) 'daily_multi_source_pipeline' retrieved from /opt/airflow/dags/daily_multi_source_pipeline.py
[2025-10-16T21:15:43.451+0000] {logging_mixin.py:188} INFO - [2025-10-16T21:15:43.450+0000] {dag.py:3096} INFO - Sync 1 DAGs
[2025-10-16T21:15:43.475+0000] {logging_mixin.py:188} INFO - [2025-10-16T21:15:43.475+0000] {dag.py:3954} INFO - Setting next_dagrun for daily_multi_source_pipeline to 2025-10-15 00:00:00+00:00, run_after=2025-10-16 00:00:00+00:00
[2025-10-16T21:15:43.493+0000] {processor.py:183} INFO - Processing /opt/airflow/dags/daily_multi_source_pipeline.py took 0.682 seconds
[2025-10-16T21:16:13.648+0000] {processor.py:161} INFO - Started process (PID=317) to work on /opt/airflow/dags/daily_multi_source_pipeline.py
[2025-10-16T21:16:13.649+0000] {processor.py:830} INFO - Processing file /opt/airflow/dags/daily_multi_source_pipeline.py for tasks to queue
[2025-10-16T21:16:13.652+0000] {logging_mixin.py:188} INFO - [2025-10-16T21:16:13.651+0000] {dagbag.py:540} INFO - Filling up the DagBag from /opt/airflow/dags/daily_multi_source_pipeline.py
[2025-10-16T21:16:14.242+0000] {processor.py:840} INFO - DAG(s) 'daily_multi_source_pipeline' retrieved from /opt/airflow/dags/daily_multi_source_pipeline.py
[2025-10-16T21:16:14.270+0000] {logging_mixin.py:188} INFO - [2025-10-16T21:16:14.270+0000] {dag.py:3096} INFO - Sync 1 DAGs
[2025-10-16T21:16:14.295+0000] {logging_mixin.py:188} INFO - [2025-10-16T21:16:14.295+0000] {dag.py:3954} INFO - Setting next_dagrun for daily_multi_source_pipeline to 2025-10-15 00:00:00+00:00, run_after=2025-10-16 00:00:00+00:00
[2025-10-16T21:16:14.313+0000] {processor.py:183} INFO - Processing /opt/airflow/dags/daily_multi_source_pipeline.py took 0.674 seconds
[2025-10-16T21:16:44.467+0000] {processor.py:161} INFO - Started process (PID=319) to work on /opt/airflow/dags/daily_multi_source_pipeline.py
[2025-10-16T21:16:44.468+0000] {processor.py:830} INFO - Processing file /opt/airflow/dags/daily_multi_source_pipeline.py for tasks to queue
[2025-10-16T21:16:44.471+0000] {logging_mixin.py:188} INFO - [2025-10-16T21:16:44.470+0000] {dagbag.py:540} INFO - Filling up the DagBag from /opt/airflow/dags/daily_multi_source_pipeline.py
[2025-10-16T21:16:45.067+0000] {processor.py:840} INFO - DAG(s) 'daily_multi_source_pipeline' retrieved from /opt/airflow/dags/daily_multi_source_pipeline.py
[2025-10-16T21:16:45.097+0000] {logging_mixin.py:188} INFO - [2025-10-16T21:16:45.096+0000] {dag.py:3096} INFO - Sync 1 DAGs
[2025-10-16T21:16:45.122+0000] {logging_mixin.py:188} INFO - [2025-10-16T21:16:45.122+0000] {dag.py:3954} INFO - Setting next_dagrun for daily_multi_source_pipeline to 2025-10-15 00:00:00+00:00, run_after=2025-10-16 00:00:00+00:00
[2025-10-16T21:16:45.142+0000] {processor.py:183} INFO - Processing /opt/airflow/dags/daily_multi_source_pipeline.py took 0.684 seconds
[2025-10-16T21:17:15.238+0000] {processor.py:161} INFO - Started process (PID=321) to work on /opt/airflow/dags/daily_multi_source_pipeline.py
[2025-10-16T21:17:15.239+0000] {processor.py:830} INFO - Processing file /opt/airflow/dags/daily_multi_source_pipeline.py for tasks to queue
[2025-10-16T21:17:15.242+0000] {logging_mixin.py:188} INFO - [2025-10-16T21:17:15.242+0000] {dagbag.py:540} INFO - Filling up the DagBag from /opt/airflow/dags/daily_multi_source_pipeline.py
[2025-10-16T21:17:15.829+0000] {processor.py:840} INFO - DAG(s) 'daily_multi_source_pipeline' retrieved from /opt/airflow/dags/daily_multi_source_pipeline.py
[2025-10-16T21:17:15.859+0000] {logging_mixin.py:188} INFO - [2025-10-16T21:17:15.858+0000] {dag.py:3096} INFO - Sync 1 DAGs
[2025-10-16T21:17:15.881+0000] {logging_mixin.py:188} INFO - [2025-10-16T21:17:15.881+0000] {dag.py:3954} INFO - Setting next_dagrun for daily_multi_source_pipeline to 2025-10-15 00:00:00+00:00, run_after=2025-10-16 00:00:00+00:00
[2025-10-16T21:17:15.900+0000] {processor.py:183} INFO - Processing /opt/airflow/dags/daily_multi_source_pipeline.py took 0.671 seconds
[2025-10-16T21:17:46.055+0000] {processor.py:161} INFO - Started process (PID=323) to work on /opt/airflow/dags/daily_multi_source_pipeline.py
[2025-10-16T21:17:46.056+0000] {processor.py:830} INFO - Processing file /opt/airflow/dags/daily_multi_source_pipeline.py for tasks to queue
[2025-10-16T21:17:46.059+0000] {logging_mixin.py:188} INFO - [2025-10-16T21:17:46.058+0000] {dagbag.py:540} INFO - Filling up the DagBag from /opt/airflow/dags/daily_multi_source_pipeline.py
[2025-10-16T21:17:46.642+0000] {processor.py:840} INFO - DAG(s) 'daily_multi_source_pipeline' retrieved from /opt/airflow/dags/daily_multi_source_pipeline.py
[2025-10-16T21:17:46.670+0000] {logging_mixin.py:188} INFO - [2025-10-16T21:17:46.669+0000] {dag.py:3096} INFO - Sync 1 DAGs
[2025-10-16T21:17:46.692+0000] {logging_mixin.py:188} INFO - [2025-10-16T21:17:46.692+0000] {dag.py:3954} INFO - Setting next_dagrun for daily_multi_source_pipeline to 2025-10-15 00:00:00+00:00, run_after=2025-10-16 00:00:00+00:00
[2025-10-16T21:17:46.712+0000] {processor.py:183} INFO - Processing /opt/airflow/dags/daily_multi_source_pipeline.py took 0.666 seconds
[2025-10-16T21:18:16.859+0000] {processor.py:161} INFO - Started process (PID=325) to work on /opt/airflow/dags/daily_multi_source_pipeline.py
[2025-10-16T21:18:16.860+0000] {processor.py:830} INFO - Processing file /opt/airflow/dags/daily_multi_source_pipeline.py for tasks to queue
[2025-10-16T21:18:16.863+0000] {logging_mixin.py:188} INFO - [2025-10-16T21:18:16.863+0000] {dagbag.py:540} INFO - Filling up the DagBag from /opt/airflow/dags/daily_multi_source_pipeline.py
[2025-10-16T21:18:17.461+0000] {processor.py:840} INFO - DAG(s) 'daily_multi_source_pipeline' retrieved from /opt/airflow/dags/daily_multi_source_pipeline.py
[2025-10-16T21:18:17.501+0000] {logging_mixin.py:188} INFO - [2025-10-16T21:18:17.501+0000] {dag.py:3096} INFO - Sync 1 DAGs
[2025-10-16T21:18:17.533+0000] {logging_mixin.py:188} INFO - [2025-10-16T21:18:17.533+0000] {dag.py:3954} INFO - Setting next_dagrun for daily_multi_source_pipeline to 2025-10-15 00:00:00+00:00, run_after=2025-10-16 00:00:00+00:00
[2025-10-16T21:18:17.552+0000] {processor.py:183} INFO - Processing /opt/airflow/dags/daily_multi_source_pipeline.py took 0.702 seconds
[2025-10-16T21:18:47.687+0000] {processor.py:161} INFO - Started process (PID=327) to work on /opt/airflow/dags/daily_multi_source_pipeline.py
[2025-10-16T21:18:47.688+0000] {processor.py:830} INFO - Processing file /opt/airflow/dags/daily_multi_source_pipeline.py for tasks to queue
[2025-10-16T21:18:47.691+0000] {logging_mixin.py:188} INFO - [2025-10-16T21:18:47.691+0000] {dagbag.py:540} INFO - Filling up the DagBag from /opt/airflow/dags/daily_multi_source_pipeline.py
[2025-10-16T21:18:48.304+0000] {processor.py:840} INFO - DAG(s) 'daily_multi_source_pipeline' retrieved from /opt/airflow/dags/daily_multi_source_pipeline.py
[2025-10-16T21:18:48.335+0000] {logging_mixin.py:188} INFO - [2025-10-16T21:18:48.334+0000] {dag.py:3096} INFO - Sync 1 DAGs
[2025-10-16T21:18:48.358+0000] {logging_mixin.py:188} INFO - [2025-10-16T21:18:48.358+0000] {dag.py:3954} INFO - Setting next_dagrun for daily_multi_source_pipeline to 2025-10-15 00:00:00+00:00, run_after=2025-10-16 00:00:00+00:00
[2025-10-16T21:18:48.377+0000] {processor.py:183} INFO - Processing /opt/airflow/dags/daily_multi_source_pipeline.py took 0.698 seconds
[2025-10-16T21:19:18.532+0000] {processor.py:161} INFO - Started process (PID=329) to work on /opt/airflow/dags/daily_multi_source_pipeline.py
[2025-10-16T21:19:18.533+0000] {processor.py:830} INFO - Processing file /opt/airflow/dags/daily_multi_source_pipeline.py for tasks to queue
[2025-10-16T21:19:18.535+0000] {logging_mixin.py:188} INFO - [2025-10-16T21:19:18.535+0000] {dagbag.py:540} INFO - Filling up the DagBag from /opt/airflow/dags/daily_multi_source_pipeline.py
[2025-10-16T21:19:19.125+0000] {processor.py:840} INFO - DAG(s) 'daily_multi_source_pipeline' retrieved from /opt/airflow/dags/daily_multi_source_pipeline.py
[2025-10-16T21:19:19.152+0000] {logging_mixin.py:188} INFO - [2025-10-16T21:19:19.152+0000] {dag.py:3096} INFO - Sync 1 DAGs
[2025-10-16T21:19:19.175+0000] {logging_mixin.py:188} INFO - [2025-10-16T21:19:19.175+0000] {dag.py:3954} INFO - Setting next_dagrun for daily_multi_source_pipeline to 2025-10-15 00:00:00+00:00, run_after=2025-10-16 00:00:00+00:00
[2025-10-16T21:19:19.192+0000] {processor.py:183} INFO - Processing /opt/airflow/dags/daily_multi_source_pipeline.py took 0.670 seconds
[2025-10-16T21:19:49.337+0000] {processor.py:161} INFO - Started process (PID=331) to work on /opt/airflow/dags/daily_multi_source_pipeline.py
[2025-10-16T21:19:49.338+0000] {processor.py:830} INFO - Processing file /opt/airflow/dags/daily_multi_source_pipeline.py for tasks to queue
[2025-10-16T21:19:49.340+0000] {logging_mixin.py:188} INFO - [2025-10-16T21:19:49.340+0000] {dagbag.py:540} INFO - Filling up the DagBag from /opt/airflow/dags/daily_multi_source_pipeline.py
[2025-10-16T21:19:49.926+0000] {processor.py:840} INFO - DAG(s) 'daily_multi_source_pipeline' retrieved from /opt/airflow/dags/daily_multi_source_pipeline.py
[2025-10-16T21:19:49.954+0000] {logging_mixin.py:188} INFO - [2025-10-16T21:19:49.954+0000] {dag.py:3096} INFO - Sync 1 DAGs
[2025-10-16T21:19:49.977+0000] {logging_mixin.py:188} INFO - [2025-10-16T21:19:49.977+0000] {dag.py:3954} INFO - Setting next_dagrun for daily_multi_source_pipeline to 2025-10-15 00:00:00+00:00, run_after=2025-10-16 00:00:00+00:00
[2025-10-16T21:19:49.995+0000] {processor.py:183} INFO - Processing /opt/airflow/dags/daily_multi_source_pipeline.py took 0.667 seconds
[2025-10-16T21:20:20.072+0000] {processor.py:161} INFO - Started process (PID=333) to work on /opt/airflow/dags/daily_multi_source_pipeline.py
[2025-10-16T21:20:20.074+0000] {processor.py:830} INFO - Processing file /opt/airflow/dags/daily_multi_source_pipeline.py for tasks to queue
[2025-10-16T21:20:20.076+0000] {logging_mixin.py:188} INFO - [2025-10-16T21:20:20.076+0000] {dagbag.py:540} INFO - Filling up the DagBag from /opt/airflow/dags/daily_multi_source_pipeline.py
[2025-10-16T21:20:20.656+0000] {processor.py:840} INFO - DAG(s) 'daily_multi_source_pipeline' retrieved from /opt/airflow/dags/daily_multi_source_pipeline.py
[2025-10-16T21:20:20.684+0000] {logging_mixin.py:188} INFO - [2025-10-16T21:20:20.684+0000] {dag.py:3096} INFO - Sync 1 DAGs
[2025-10-16T21:20:20.709+0000] {logging_mixin.py:188} INFO - [2025-10-16T21:20:20.709+0000] {dag.py:3954} INFO - Setting next_dagrun for daily_multi_source_pipeline to 2025-10-15 00:00:00+00:00, run_after=2025-10-16 00:00:00+00:00
[2025-10-16T21:20:20.728+0000] {processor.py:183} INFO - Processing /opt/airflow/dags/daily_multi_source_pipeline.py took 0.665 seconds
[2025-10-16T21:20:50.882+0000] {processor.py:161} INFO - Started process (PID=335) to work on /opt/airflow/dags/daily_multi_source_pipeline.py
[2025-10-16T21:20:50.883+0000] {processor.py:830} INFO - Processing file /opt/airflow/dags/daily_multi_source_pipeline.py for tasks to queue
[2025-10-16T21:20:50.886+0000] {logging_mixin.py:188} INFO - [2025-10-16T21:20:50.886+0000] {dagbag.py:540} INFO - Filling up the DagBag from /opt/airflow/dags/daily_multi_source_pipeline.py
[2025-10-16T21:20:51.465+0000] {processor.py:840} INFO - DAG(s) 'daily_multi_source_pipeline' retrieved from /opt/airflow/dags/daily_multi_source_pipeline.py
[2025-10-16T21:20:51.493+0000] {logging_mixin.py:188} INFO - [2025-10-16T21:20:51.493+0000] {dag.py:3096} INFO - Sync 1 DAGs
[2025-10-16T21:20:51.518+0000] {logging_mixin.py:188} INFO - [2025-10-16T21:20:51.517+0000] {dag.py:3954} INFO - Setting next_dagrun for daily_multi_source_pipeline to 2025-10-15 00:00:00+00:00, run_after=2025-10-16 00:00:00+00:00
[2025-10-16T21:20:51.537+0000] {processor.py:183} INFO - Processing /opt/airflow/dags/daily_multi_source_pipeline.py took 0.665 seconds
[2025-10-16T21:21:21.687+0000] {processor.py:161} INFO - Started process (PID=337) to work on /opt/airflow/dags/daily_multi_source_pipeline.py
[2025-10-16T21:21:21.688+0000] {processor.py:830} INFO - Processing file /opt/airflow/dags/daily_multi_source_pipeline.py for tasks to queue
[2025-10-16T21:21:21.690+0000] {logging_mixin.py:188} INFO - [2025-10-16T21:21:21.690+0000] {dagbag.py:540} INFO - Filling up the DagBag from /opt/airflow/dags/daily_multi_source_pipeline.py
[2025-10-16T21:21:22.265+0000] {processor.py:840} INFO - DAG(s) 'daily_multi_source_pipeline' retrieved from /opt/airflow/dags/daily_multi_source_pipeline.py
[2025-10-16T21:21:22.301+0000] {logging_mixin.py:188} INFO - [2025-10-16T21:21:22.300+0000] {dag.py:3096} INFO - Sync 1 DAGs
[2025-10-16T21:21:22.323+0000] {logging_mixin.py:188} INFO - [2025-10-16T21:21:22.323+0000] {dag.py:3954} INFO - Setting next_dagrun for daily_multi_source_pipeline to 2025-10-15 00:00:00+00:00, run_after=2025-10-16 00:00:00+00:00
[2025-10-16T21:21:22.342+0000] {processor.py:183} INFO - Processing /opt/airflow/dags/daily_multi_source_pipeline.py took 0.664 seconds
[2025-10-16T21:21:52.502+0000] {processor.py:161} INFO - Started process (PID=339) to work on /opt/airflow/dags/daily_multi_source_pipeline.py
[2025-10-16T21:21:52.504+0000] {processor.py:830} INFO - Processing file /opt/airflow/dags/daily_multi_source_pipeline.py for tasks to queue
[2025-10-16T21:21:52.507+0000] {logging_mixin.py:188} INFO - [2025-10-16T21:21:52.506+0000] {dagbag.py:540} INFO - Filling up the DagBag from /opt/airflow/dags/daily_multi_source_pipeline.py
[2025-10-16T21:21:53.090+0000] {processor.py:840} INFO - DAG(s) 'daily_multi_source_pipeline' retrieved from /opt/airflow/dags/daily_multi_source_pipeline.py
[2025-10-16T21:21:53.118+0000] {logging_mixin.py:188} INFO - [2025-10-16T21:21:53.118+0000] {dag.py:3096} INFO - Sync 1 DAGs
[2025-10-16T21:21:53.142+0000] {logging_mixin.py:188} INFO - [2025-10-16T21:21:53.142+0000] {dag.py:3954} INFO - Setting next_dagrun for daily_multi_source_pipeline to 2025-10-15 00:00:00+00:00, run_after=2025-10-16 00:00:00+00:00
[2025-10-16T21:21:53.161+0000] {processor.py:183} INFO - Processing /opt/airflow/dags/daily_multi_source_pipeline.py took 0.668 seconds
[2025-10-16T21:22:23.310+0000] {processor.py:161} INFO - Started process (PID=341) to work on /opt/airflow/dags/daily_multi_source_pipeline.py
[2025-10-16T21:22:23.311+0000] {processor.py:830} INFO - Processing file /opt/airflow/dags/daily_multi_source_pipeline.py for tasks to queue
[2025-10-16T21:22:23.314+0000] {logging_mixin.py:188} INFO - [2025-10-16T21:22:23.313+0000] {dagbag.py:540} INFO - Filling up the DagBag from /opt/airflow/dags/daily_multi_source_pipeline.py
[2025-10-16T21:22:23.895+0000] {processor.py:840} INFO - DAG(s) 'daily_multi_source_pipeline' retrieved from /opt/airflow/dags/daily_multi_source_pipeline.py
[2025-10-16T21:22:23.924+0000] {logging_mixin.py:188} INFO - [2025-10-16T21:22:23.923+0000] {dag.py:3096} INFO - Sync 1 DAGs
[2025-10-16T21:22:23.947+0000] {logging_mixin.py:188} INFO - [2025-10-16T21:22:23.947+0000] {dag.py:3954} INFO - Setting next_dagrun for daily_multi_source_pipeline to 2025-10-15 00:00:00+00:00, run_after=2025-10-16 00:00:00+00:00
[2025-10-16T21:22:23.967+0000] {processor.py:183} INFO - Processing /opt/airflow/dags/daily_multi_source_pipeline.py took 0.666 seconds
[2025-10-16T21:22:54.074+0000] {processor.py:161} INFO - Started process (PID=343) to work on /opt/airflow/dags/daily_multi_source_pipeline.py
[2025-10-16T21:22:54.076+0000] {processor.py:830} INFO - Processing file /opt/airflow/dags/daily_multi_source_pipeline.py for tasks to queue
[2025-10-16T21:22:54.078+0000] {logging_mixin.py:188} INFO - [2025-10-16T21:22:54.078+0000] {dagbag.py:540} INFO - Filling up the DagBag from /opt/airflow/dags/daily_multi_source_pipeline.py
[2025-10-16T21:22:54.670+0000] {processor.py:840} INFO - DAG(s) 'daily_multi_source_pipeline' retrieved from /opt/airflow/dags/daily_multi_source_pipeline.py
[2025-10-16T21:22:54.697+0000] {logging_mixin.py:188} INFO - [2025-10-16T21:22:54.697+0000] {dag.py:3096} INFO - Sync 1 DAGs
[2025-10-16T21:22:54.721+0000] {logging_mixin.py:188} INFO - [2025-10-16T21:22:54.721+0000] {dag.py:3954} INFO - Setting next_dagrun for daily_multi_source_pipeline to 2025-10-15 00:00:00+00:00, run_after=2025-10-16 00:00:00+00:00
[2025-10-16T21:22:54.739+0000] {processor.py:183} INFO - Processing /opt/airflow/dags/daily_multi_source_pipeline.py took 0.673 seconds
[2025-10-16T21:23:24.902+0000] {processor.py:161} INFO - Started process (PID=345) to work on /opt/airflow/dags/daily_multi_source_pipeline.py
[2025-10-16T21:23:24.903+0000] {processor.py:830} INFO - Processing file /opt/airflow/dags/daily_multi_source_pipeline.py for tasks to queue
[2025-10-16T21:23:24.906+0000] {logging_mixin.py:188} INFO - [2025-10-16T21:23:24.905+0000] {dagbag.py:540} INFO - Filling up the DagBag from /opt/airflow/dags/daily_multi_source_pipeline.py
[2025-10-16T21:23:25.484+0000] {processor.py:840} INFO - DAG(s) 'daily_multi_source_pipeline' retrieved from /opt/airflow/dags/daily_multi_source_pipeline.py
[2025-10-16T21:23:25.513+0000] {logging_mixin.py:188} INFO - [2025-10-16T21:23:25.512+0000] {dag.py:3096} INFO - Sync 1 DAGs
[2025-10-16T21:23:25.535+0000] {logging_mixin.py:188} INFO - [2025-10-16T21:23:25.535+0000] {dag.py:3954} INFO - Setting next_dagrun for daily_multi_source_pipeline to 2025-10-15 00:00:00+00:00, run_after=2025-10-16 00:00:00+00:00
[2025-10-16T21:23:25.554+0000] {processor.py:183} INFO - Processing /opt/airflow/dags/daily_multi_source_pipeline.py took 0.660 seconds
[2025-10-16T21:23:55.704+0000] {processor.py:161} INFO - Started process (PID=347) to work on /opt/airflow/dags/daily_multi_source_pipeline.py
[2025-10-16T21:23:55.705+0000] {processor.py:830} INFO - Processing file /opt/airflow/dags/daily_multi_source_pipeline.py for tasks to queue
[2025-10-16T21:23:55.708+0000] {logging_mixin.py:188} INFO - [2025-10-16T21:23:55.707+0000] {dagbag.py:540} INFO - Filling up the DagBag from /opt/airflow/dags/daily_multi_source_pipeline.py
[2025-10-16T21:23:56.290+0000] {processor.py:840} INFO - DAG(s) 'daily_multi_source_pipeline' retrieved from /opt/airflow/dags/daily_multi_source_pipeline.py
[2025-10-16T21:23:56.320+0000] {logging_mixin.py:188} INFO - [2025-10-16T21:23:56.320+0000] {dag.py:3096} INFO - Sync 1 DAGs
[2025-10-16T21:23:56.344+0000] {logging_mixin.py:188} INFO - [2025-10-16T21:23:56.343+0000] {dag.py:3954} INFO - Setting next_dagrun for daily_multi_source_pipeline to 2025-10-15 00:00:00+00:00, run_after=2025-10-16 00:00:00+00:00
[2025-10-16T21:23:56.362+0000] {processor.py:183} INFO - Processing /opt/airflow/dags/daily_multi_source_pipeline.py took 0.666 seconds
[2025-10-16T21:24:26.494+0000] {processor.py:161} INFO - Started process (PID=349) to work on /opt/airflow/dags/daily_multi_source_pipeline.py
[2025-10-16T21:24:26.495+0000] {processor.py:830} INFO - Processing file /opt/airflow/dags/daily_multi_source_pipeline.py for tasks to queue
[2025-10-16T21:24:26.498+0000] {logging_mixin.py:188} INFO - [2025-10-16T21:24:26.498+0000] {dagbag.py:540} INFO - Filling up the DagBag from /opt/airflow/dags/daily_multi_source_pipeline.py
[2025-10-16T21:24:27.088+0000] {processor.py:840} INFO - DAG(s) 'daily_multi_source_pipeline' retrieved from /opt/airflow/dags/daily_multi_source_pipeline.py
[2025-10-16T21:24:27.116+0000] {logging_mixin.py:188} INFO - [2025-10-16T21:24:27.115+0000] {dag.py:3096} INFO - Sync 1 DAGs
[2025-10-16T21:24:27.138+0000] {logging_mixin.py:188} INFO - [2025-10-16T21:24:27.138+0000] {dag.py:3954} INFO - Setting next_dagrun for daily_multi_source_pipeline to 2025-10-15 00:00:00+00:00, run_after=2025-10-16 00:00:00+00:00
[2025-10-16T21:24:27.156+0000] {processor.py:183} INFO - Processing /opt/airflow/dags/daily_multi_source_pipeline.py took 0.670 seconds
[2025-10-16T21:24:57.314+0000] {processor.py:161} INFO - Started process (PID=351) to work on /opt/airflow/dags/daily_multi_source_pipeline.py
[2025-10-16T21:24:57.323+0000] {processor.py:830} INFO - Processing file /opt/airflow/dags/daily_multi_source_pipeline.py for tasks to queue
[2025-10-16T21:24:57.326+0000] {logging_mixin.py:188} INFO - [2025-10-16T21:24:57.325+0000] {dagbag.py:540} INFO - Filling up the DagBag from /opt/airflow/dags/daily_multi_source_pipeline.py
[2025-10-16T21:24:57.908+0000] {processor.py:840} INFO - DAG(s) 'daily_multi_source_pipeline' retrieved from /opt/airflow/dags/daily_multi_source_pipeline.py
[2025-10-16T21:24:57.937+0000] {logging_mixin.py:188} INFO - [2025-10-16T21:24:57.936+0000] {dag.py:3096} INFO - Sync 1 DAGs
[2025-10-16T21:24:57.961+0000] {logging_mixin.py:188} INFO - [2025-10-16T21:24:57.961+0000] {dag.py:3954} INFO - Setting next_dagrun for daily_multi_source_pipeline to 2025-10-15 00:00:00+00:00, run_after=2025-10-16 00:00:00+00:00
[2025-10-16T21:24:57.981+0000] {processor.py:183} INFO - Processing /opt/airflow/dags/daily_multi_source_pipeline.py took 0.676 seconds
[2025-10-16T21:25:28.133+0000] {processor.py:161} INFO - Started process (PID=353) to work on /opt/airflow/dags/daily_multi_source_pipeline.py
[2025-10-16T21:25:28.134+0000] {processor.py:830} INFO - Processing file /opt/airflow/dags/daily_multi_source_pipeline.py for tasks to queue
[2025-10-16T21:25:28.137+0000] {logging_mixin.py:188} INFO - [2025-10-16T21:25:28.136+0000] {dagbag.py:540} INFO - Filling up the DagBag from /opt/airflow/dags/daily_multi_source_pipeline.py
[2025-10-16T21:25:28.722+0000] {processor.py:840} INFO - DAG(s) 'daily_multi_source_pipeline' retrieved from /opt/airflow/dags/daily_multi_source_pipeline.py
[2025-10-16T21:25:28.750+0000] {logging_mixin.py:188} INFO - [2025-10-16T21:25:28.749+0000] {dag.py:3096} INFO - Sync 1 DAGs
[2025-10-16T21:25:28.773+0000] {logging_mixin.py:188} INFO - [2025-10-16T21:25:28.772+0000] {dag.py:3954} INFO - Setting next_dagrun for daily_multi_source_pipeline to 2025-10-15 00:00:00+00:00, run_after=2025-10-16 00:00:00+00:00
[2025-10-16T21:25:28.790+0000] {processor.py:183} INFO - Processing /opt/airflow/dags/daily_multi_source_pipeline.py took 0.666 seconds
[2025-10-16T21:25:58.896+0000] {processor.py:161} INFO - Started process (PID=355) to work on /opt/airflow/dags/daily_multi_source_pipeline.py
[2025-10-16T21:25:58.897+0000] {processor.py:830} INFO - Processing file /opt/airflow/dags/daily_multi_source_pipeline.py for tasks to queue
[2025-10-16T21:25:58.900+0000] {logging_mixin.py:188} INFO - [2025-10-16T21:25:58.900+0000] {dagbag.py:540} INFO - Filling up the DagBag from /opt/airflow/dags/daily_multi_source_pipeline.py
[2025-10-16T21:25:59.512+0000] {processor.py:840} INFO - DAG(s) 'daily_multi_source_pipeline' retrieved from /opt/airflow/dags/daily_multi_source_pipeline.py
[2025-10-16T21:25:59.548+0000] {logging_mixin.py:188} INFO - [2025-10-16T21:25:59.547+0000] {dag.py:3096} INFO - Sync 1 DAGs
[2025-10-16T21:25:59.572+0000] {logging_mixin.py:188} INFO - [2025-10-16T21:25:59.571+0000] {dag.py:3954} INFO - Setting next_dagrun for daily_multi_source_pipeline to 2025-10-15 00:00:00+00:00, run_after=2025-10-16 00:00:00+00:00
[2025-10-16T21:25:59.591+0000] {processor.py:183} INFO - Processing /opt/airflow/dags/daily_multi_source_pipeline.py took 0.704 seconds
[2025-10-16T21:26:29.747+0000] {processor.py:161} INFO - Started process (PID=357) to work on /opt/airflow/dags/daily_multi_source_pipeline.py
[2025-10-16T21:26:29.764+0000] {processor.py:830} INFO - Processing file /opt/airflow/dags/daily_multi_source_pipeline.py for tasks to queue
[2025-10-16T21:26:29.766+0000] {logging_mixin.py:188} INFO - [2025-10-16T21:26:29.766+0000] {dagbag.py:540} INFO - Filling up the DagBag from /opt/airflow/dags/daily_multi_source_pipeline.py
[2025-10-16T21:26:30.348+0000] {processor.py:840} INFO - DAG(s) 'daily_multi_source_pipeline' retrieved from /opt/airflow/dags/daily_multi_source_pipeline.py
[2025-10-16T21:26:30.376+0000] {logging_mixin.py:188} INFO - [2025-10-16T21:26:30.376+0000] {dag.py:3096} INFO - Sync 1 DAGs
[2025-10-16T21:26:30.399+0000] {logging_mixin.py:188} INFO - [2025-10-16T21:26:30.399+0000] {dag.py:3954} INFO - Setting next_dagrun for daily_multi_source_pipeline to 2025-10-15 00:00:00+00:00, run_after=2025-10-16 00:00:00+00:00
[2025-10-16T21:26:30.417+0000] {processor.py:183} INFO - Processing /opt/airflow/dags/daily_multi_source_pipeline.py took 0.679 seconds
[2025-10-16T21:27:00.566+0000] {processor.py:161} INFO - Started process (PID=359) to work on /opt/airflow/dags/daily_multi_source_pipeline.py
[2025-10-16T21:27:00.568+0000] {processor.py:830} INFO - Processing file /opt/airflow/dags/daily_multi_source_pipeline.py for tasks to queue
[2025-10-16T21:27:00.571+0000] {logging_mixin.py:188} INFO - [2025-10-16T21:27:00.570+0000] {dagbag.py:540} INFO - Filling up the DagBag from /opt/airflow/dags/daily_multi_source_pipeline.py
[2025-10-16T21:27:01.150+0000] {processor.py:840} INFO - DAG(s) 'daily_multi_source_pipeline' retrieved from /opt/airflow/dags/daily_multi_source_pipeline.py
[2025-10-16T21:27:01.181+0000] {logging_mixin.py:188} INFO - [2025-10-16T21:27:01.180+0000] {dag.py:3096} INFO - Sync 1 DAGs
[2025-10-16T21:27:01.204+0000] {logging_mixin.py:188} INFO - [2025-10-16T21:27:01.203+0000] {dag.py:3954} INFO - Setting next_dagrun for daily_multi_source_pipeline to 2025-10-15 00:00:00+00:00, run_after=2025-10-16 00:00:00+00:00
[2025-10-16T21:27:01.222+0000] {processor.py:183} INFO - Processing /opt/airflow/dags/daily_multi_source_pipeline.py took 0.665 seconds
[2025-10-16T21:27:31.313+0000] {processor.py:161} INFO - Started process (PID=361) to work on /opt/airflow/dags/daily_multi_source_pipeline.py
[2025-10-16T21:27:31.314+0000] {processor.py:830} INFO - Processing file /opt/airflow/dags/daily_multi_source_pipeline.py for tasks to queue
[2025-10-16T21:27:31.316+0000] {logging_mixin.py:188} INFO - [2025-10-16T21:27:31.316+0000] {dagbag.py:540} INFO - Filling up the DagBag from /opt/airflow/dags/daily_multi_source_pipeline.py
[2025-10-16T21:27:31.896+0000] {processor.py:840} INFO - DAG(s) 'daily_multi_source_pipeline' retrieved from /opt/airflow/dags/daily_multi_source_pipeline.py
[2025-10-16T21:27:31.925+0000] {logging_mixin.py:188} INFO - [2025-10-16T21:27:31.924+0000] {dag.py:3096} INFO - Sync 1 DAGs
[2025-10-16T21:27:31.949+0000] {logging_mixin.py:188} INFO - [2025-10-16T21:27:31.949+0000] {dag.py:3954} INFO - Setting next_dagrun for daily_multi_source_pipeline to 2025-10-15 00:00:00+00:00, run_after=2025-10-16 00:00:00+00:00
[2025-10-16T21:27:31.967+0000] {processor.py:183} INFO - Processing /opt/airflow/dags/daily_multi_source_pipeline.py took 0.663 seconds
[2025-10-16T21:28:02.126+0000] {processor.py:161} INFO - Started process (PID=363) to work on /opt/airflow/dags/daily_multi_source_pipeline.py
[2025-10-16T21:28:02.127+0000] {processor.py:830} INFO - Processing file /opt/airflow/dags/daily_multi_source_pipeline.py for tasks to queue
[2025-10-16T21:28:02.130+0000] {logging_mixin.py:188} INFO - [2025-10-16T21:28:02.129+0000] {dagbag.py:540} INFO - Filling up the DagBag from /opt/airflow/dags/daily_multi_source_pipeline.py
[2025-10-16T21:28:02.714+0000] {processor.py:840} INFO - DAG(s) 'daily_multi_source_pipeline' retrieved from /opt/airflow/dags/daily_multi_source_pipeline.py
[2025-10-16T21:28:02.746+0000] {logging_mixin.py:188} INFO - [2025-10-16T21:28:02.746+0000] {dag.py:3096} INFO - Sync 1 DAGs
[2025-10-16T21:28:02.769+0000] {logging_mixin.py:188} INFO - [2025-10-16T21:28:02.769+0000] {dag.py:3954} INFO - Setting next_dagrun for daily_multi_source_pipeline to 2025-10-15 00:00:00+00:00, run_after=2025-10-16 00:00:00+00:00
[2025-10-16T21:28:02.789+0000] {processor.py:183} INFO - Processing /opt/airflow/dags/daily_multi_source_pipeline.py took 0.671 seconds
[2025-10-16T21:28:32.949+0000] {processor.py:161} INFO - Started process (PID=365) to work on /opt/airflow/dags/daily_multi_source_pipeline.py
[2025-10-16T21:28:32.950+0000] {processor.py:830} INFO - Processing file /opt/airflow/dags/daily_multi_source_pipeline.py for tasks to queue
[2025-10-16T21:28:32.952+0000] {logging_mixin.py:188} INFO - [2025-10-16T21:28:32.952+0000] {dagbag.py:540} INFO - Filling up the DagBag from /opt/airflow/dags/daily_multi_source_pipeline.py
[2025-10-16T21:28:33.529+0000] {processor.py:840} INFO - DAG(s) 'daily_multi_source_pipeline' retrieved from /opt/airflow/dags/daily_multi_source_pipeline.py
[2025-10-16T21:28:33.559+0000] {logging_mixin.py:188} INFO - [2025-10-16T21:28:33.558+0000] {dag.py:3096} INFO - Sync 1 DAGs
[2025-10-16T21:28:33.582+0000] {logging_mixin.py:188} INFO - [2025-10-16T21:28:33.582+0000] {dag.py:3954} INFO - Setting next_dagrun for daily_multi_source_pipeline to 2025-10-15 00:00:00+00:00, run_after=2025-10-16 00:00:00+00:00
[2025-10-16T21:28:33.601+0000] {processor.py:183} INFO - Processing /opt/airflow/dags/daily_multi_source_pipeline.py took 0.661 seconds
[2025-10-16T21:29:03.745+0000] {processor.py:161} INFO - Started process (PID=367) to work on /opt/airflow/dags/daily_multi_source_pipeline.py
[2025-10-16T21:29:03.746+0000] {processor.py:830} INFO - Processing file /opt/airflow/dags/daily_multi_source_pipeline.py for tasks to queue
[2025-10-16T21:29:03.749+0000] {logging_mixin.py:188} INFO - [2025-10-16T21:29:03.748+0000] {dagbag.py:540} INFO - Filling up the DagBag from /opt/airflow/dags/daily_multi_source_pipeline.py
[2025-10-16T21:29:04.331+0000] {processor.py:840} INFO - DAG(s) 'daily_multi_source_pipeline' retrieved from /opt/airflow/dags/daily_multi_source_pipeline.py
[2025-10-16T21:29:04.361+0000] {logging_mixin.py:188} INFO - [2025-10-16T21:29:04.361+0000] {dag.py:3096} INFO - Sync 1 DAGs
[2025-10-16T21:29:04.385+0000] {logging_mixin.py:188} INFO - [2025-10-16T21:29:04.385+0000] {dag.py:3954} INFO - Setting next_dagrun for daily_multi_source_pipeline to 2025-10-15 00:00:00+00:00, run_after=2025-10-16 00:00:00+00:00
[2025-10-16T21:29:04.404+0000] {processor.py:183} INFO - Processing /opt/airflow/dags/daily_multi_source_pipeline.py took 0.667 seconds
[2025-10-16T21:29:34.724+0000] {processor.py:161} INFO - Started process (PID=369) to work on /opt/airflow/dags/daily_multi_source_pipeline.py
[2025-10-16T21:29:34.725+0000] {processor.py:830} INFO - Processing file /opt/airflow/dags/daily_multi_source_pipeline.py for tasks to queue
[2025-10-16T21:29:34.728+0000] {logging_mixin.py:188} INFO - [2025-10-16T21:29:34.727+0000] {dagbag.py:540} INFO - Filling up the DagBag from /opt/airflow/dags/daily_multi_source_pipeline.py
[2025-10-16T21:29:35.145+0000] {processor.py:840} INFO - DAG(s) 'daily_multi_source_pipeline' retrieved from /opt/airflow/dags/daily_multi_source_pipeline.py
[2025-10-16T21:29:35.180+0000] {logging_mixin.py:188} INFO - [2025-10-16T21:29:35.179+0000] {dag.py:3096} INFO - Sync 1 DAGs
[2025-10-16T21:29:35.208+0000] {logging_mixin.py:188} INFO - [2025-10-16T21:29:35.208+0000] {dag.py:3954} INFO - Setting next_dagrun for daily_multi_source_pipeline to 2025-10-15 00:00:00+00:00, run_after=2025-10-16 00:00:00+00:00
[2025-10-16T21:29:35.230+0000] {processor.py:183} INFO - Processing /opt/airflow/dags/daily_multi_source_pipeline.py took 0.515 seconds
[2025-10-16T21:30:05.378+0000] {processor.py:161} INFO - Started process (PID=371) to work on /opt/airflow/dags/daily_multi_source_pipeline.py
[2025-10-16T21:30:05.379+0000] {processor.py:830} INFO - Processing file /opt/airflow/dags/daily_multi_source_pipeline.py for tasks to queue
[2025-10-16T21:30:05.381+0000] {logging_mixin.py:188} INFO - [2025-10-16T21:30:05.381+0000] {dagbag.py:540} INFO - Filling up the DagBag from /opt/airflow/dags/daily_multi_source_pipeline.py
[2025-10-16T21:30:05.794+0000] {processor.py:840} INFO - DAG(s) 'daily_multi_source_pipeline' retrieved from /opt/airflow/dags/daily_multi_source_pipeline.py
[2025-10-16T21:30:05.828+0000] {logging_mixin.py:188} INFO - [2025-10-16T21:30:05.827+0000] {dag.py:3096} INFO - Sync 1 DAGs
[2025-10-16T21:30:05.854+0000] {logging_mixin.py:188} INFO - [2025-10-16T21:30:05.854+0000] {dag.py:3954} INFO - Setting next_dagrun for daily_multi_source_pipeline to 2025-10-15 00:00:00+00:00, run_after=2025-10-16 00:00:00+00:00
[2025-10-16T21:30:05.875+0000] {processor.py:183} INFO - Processing /opt/airflow/dags/daily_multi_source_pipeline.py took 0.508 seconds
[2025-10-16T21:30:36.025+0000] {processor.py:161} INFO - Started process (PID=373) to work on /opt/airflow/dags/daily_multi_source_pipeline.py
[2025-10-16T21:30:36.026+0000] {processor.py:830} INFO - Processing file /opt/airflow/dags/daily_multi_source_pipeline.py for tasks to queue
[2025-10-16T21:30:36.029+0000] {logging_mixin.py:188} INFO - [2025-10-16T21:30:36.028+0000] {dagbag.py:540} INFO - Filling up the DagBag from /opt/airflow/dags/daily_multi_source_pipeline.py
[2025-10-16T21:30:36.423+0000] {processor.py:840} INFO - DAG(s) 'daily_multi_source_pipeline' retrieved from /opt/airflow/dags/daily_multi_source_pipeline.py
[2025-10-16T21:30:36.456+0000] {logging_mixin.py:188} INFO - [2025-10-16T21:30:36.455+0000] {dag.py:3096} INFO - Sync 1 DAGs
[2025-10-16T21:30:36.482+0000] {logging_mixin.py:188} INFO - [2025-10-16T21:30:36.482+0000] {dag.py:3954} INFO - Setting next_dagrun for daily_multi_source_pipeline to 2025-10-15 00:00:00+00:00, run_after=2025-10-16 00:00:00+00:00
[2025-10-16T21:30:36.500+0000] {processor.py:183} INFO - Processing /opt/airflow/dags/daily_multi_source_pipeline.py took 0.485 seconds
[2025-10-16T21:31:06.639+0000] {processor.py:161} INFO - Started process (PID=375) to work on /opt/airflow/dags/daily_multi_source_pipeline.py
[2025-10-16T21:31:06.643+0000] {processor.py:830} INFO - Processing file /opt/airflow/dags/daily_multi_source_pipeline.py for tasks to queue
[2025-10-16T21:31:06.645+0000] {logging_mixin.py:188} INFO - [2025-10-16T21:31:06.645+0000] {dagbag.py:540} INFO - Filling up the DagBag from /opt/airflow/dags/daily_multi_source_pipeline.py
[2025-10-16T21:31:07.031+0000] {processor.py:840} INFO - DAG(s) 'daily_multi_source_pipeline' retrieved from /opt/airflow/dags/daily_multi_source_pipeline.py
[2025-10-16T21:31:07.064+0000] {logging_mixin.py:188} INFO - [2025-10-16T21:31:07.063+0000] {dag.py:3096} INFO - Sync 1 DAGs
[2025-10-16T21:31:07.090+0000] {logging_mixin.py:188} INFO - [2025-10-16T21:31:07.090+0000] {dag.py:3954} INFO - Setting next_dagrun for daily_multi_source_pipeline to 2025-10-15 00:00:00+00:00, run_after=2025-10-16 00:00:00+00:00
[2025-10-16T21:31:07.110+0000] {processor.py:183} INFO - Processing /opt/airflow/dags/daily_multi_source_pipeline.py took 0.479 seconds
[2025-10-16T21:31:37.258+0000] {processor.py:161} INFO - Started process (PID=377) to work on /opt/airflow/dags/daily_multi_source_pipeline.py
[2025-10-16T21:31:37.259+0000] {processor.py:830} INFO - Processing file /opt/airflow/dags/daily_multi_source_pipeline.py for tasks to queue
[2025-10-16T21:31:37.262+0000] {logging_mixin.py:188} INFO - [2025-10-16T21:31:37.262+0000] {dagbag.py:540} INFO - Filling up the DagBag from /opt/airflow/dags/daily_multi_source_pipeline.py
[2025-10-16T21:31:37.661+0000] {processor.py:840} INFO - DAG(s) 'daily_multi_source_pipeline' retrieved from /opt/airflow/dags/daily_multi_source_pipeline.py
[2025-10-16T21:31:37.694+0000] {logging_mixin.py:188} INFO - [2025-10-16T21:31:37.693+0000] {dag.py:3096} INFO - Sync 1 DAGs
[2025-10-16T21:31:37.722+0000] {logging_mixin.py:188} INFO - [2025-10-16T21:31:37.721+0000] {dag.py:3954} INFO - Setting next_dagrun for daily_multi_source_pipeline to 2025-10-15 00:00:00+00:00, run_after=2025-10-16 00:00:00+00:00
[2025-10-16T21:31:37.741+0000] {processor.py:183} INFO - Processing /opt/airflow/dags/daily_multi_source_pipeline.py took 0.494 seconds
[2025-10-16T21:32:07.913+0000] {processor.py:161} INFO - Started process (PID=379) to work on /opt/airflow/dags/daily_multi_source_pipeline.py
[2025-10-16T21:32:07.914+0000] {processor.py:830} INFO - Processing file /opt/airflow/dags/daily_multi_source_pipeline.py for tasks to queue
[2025-10-16T21:32:07.916+0000] {logging_mixin.py:188} INFO - [2025-10-16T21:32:07.916+0000] {dagbag.py:540} INFO - Filling up the DagBag from /opt/airflow/dags/daily_multi_source_pipeline.py
[2025-10-16T21:32:08.354+0000] {processor.py:840} INFO - DAG(s) 'daily_multi_source_pipeline' retrieved from /opt/airflow/dags/daily_multi_source_pipeline.py
[2025-10-16T21:32:08.388+0000] {logging_mixin.py:188} INFO - [2025-10-16T21:32:08.387+0000] {dag.py:3096} INFO - Sync 1 DAGs
[2025-10-16T21:32:08.416+0000] {logging_mixin.py:188} INFO - [2025-10-16T21:32:08.416+0000] {dag.py:3954} INFO - Setting next_dagrun for daily_multi_source_pipeline to 2025-10-15 00:00:00+00:00, run_after=2025-10-16 00:00:00+00:00
[2025-10-16T21:32:08.436+0000] {processor.py:183} INFO - Processing /opt/airflow/dags/daily_multi_source_pipeline.py took 0.532 seconds
[2025-10-16T21:32:38.583+0000] {processor.py:161} INFO - Started process (PID=381) to work on /opt/airflow/dags/daily_multi_source_pipeline.py
[2025-10-16T21:32:38.584+0000] {processor.py:830} INFO - Processing file /opt/airflow/dags/daily_multi_source_pipeline.py for tasks to queue
[2025-10-16T21:32:38.587+0000] {logging_mixin.py:188} INFO - [2025-10-16T21:32:38.586+0000] {dagbag.py:540} INFO - Filling up the DagBag from /opt/airflow/dags/daily_multi_source_pipeline.py
[2025-10-16T21:32:38.984+0000] {processor.py:840} INFO - DAG(s) 'daily_multi_source_pipeline' retrieved from /opt/airflow/dags/daily_multi_source_pipeline.py
[2025-10-16T21:32:39.018+0000] {logging_mixin.py:188} INFO - [2025-10-16T21:32:39.018+0000] {dag.py:3096} INFO - Sync 1 DAGs
[2025-10-16T21:32:39.045+0000] {logging_mixin.py:188} INFO - [2025-10-16T21:32:39.045+0000] {dag.py:3954} INFO - Setting next_dagrun for daily_multi_source_pipeline to 2025-10-15 00:00:00+00:00, run_after=2025-10-16 00:00:00+00:00
[2025-10-16T21:32:39.066+0000] {processor.py:183} INFO - Processing /opt/airflow/dags/daily_multi_source_pipeline.py took 0.492 seconds
[2025-10-16T21:33:09.185+0000] {processor.py:161} INFO - Started process (PID=383) to work on /opt/airflow/dags/daily_multi_source_pipeline.py
[2025-10-16T21:33:09.187+0000] {processor.py:830} INFO - Processing file /opt/airflow/dags/daily_multi_source_pipeline.py for tasks to queue
[2025-10-16T21:33:09.190+0000] {logging_mixin.py:188} INFO - [2025-10-16T21:33:09.189+0000] {dagbag.py:540} INFO - Filling up the DagBag from /opt/airflow/dags/daily_multi_source_pipeline.py
[2025-10-16T21:33:09.585+0000] {processor.py:840} INFO - DAG(s) 'daily_multi_source_pipeline' retrieved from /opt/airflow/dags/daily_multi_source_pipeline.py
[2025-10-16T21:33:09.618+0000] {logging_mixin.py:188} INFO - [2025-10-16T21:33:09.617+0000] {dag.py:3096} INFO - Sync 1 DAGs
[2025-10-16T21:33:09.649+0000] {logging_mixin.py:188} INFO - [2025-10-16T21:33:09.648+0000] {dag.py:3954} INFO - Setting next_dagrun for daily_multi_source_pipeline to 2025-10-15 00:00:00+00:00, run_after=2025-10-16 00:00:00+00:00
[2025-10-16T21:33:09.669+0000] {processor.py:183} INFO - Processing /opt/airflow/dags/daily_multi_source_pipeline.py took 0.492 seconds
[2025-10-16T21:33:39.814+0000] {processor.py:161} INFO - Started process (PID=385) to work on /opt/airflow/dags/daily_multi_source_pipeline.py
[2025-10-16T21:33:39.817+0000] {processor.py:830} INFO - Processing file /opt/airflow/dags/daily_multi_source_pipeline.py for tasks to queue
[2025-10-16T21:33:39.820+0000] {logging_mixin.py:188} INFO - [2025-10-16T21:33:39.819+0000] {dagbag.py:540} INFO - Filling up the DagBag from /opt/airflow/dags/daily_multi_source_pipeline.py
[2025-10-16T21:33:40.215+0000] {processor.py:840} INFO - DAG(s) 'daily_multi_source_pipeline' retrieved from /opt/airflow/dags/daily_multi_source_pipeline.py
[2025-10-16T21:33:40.248+0000] {logging_mixin.py:188} INFO - [2025-10-16T21:33:40.248+0000] {dag.py:3096} INFO - Sync 1 DAGs
[2025-10-16T21:33:40.274+0000] {logging_mixin.py:188} INFO - [2025-10-16T21:33:40.274+0000] {dag.py:3954} INFO - Setting next_dagrun for daily_multi_source_pipeline to 2025-10-15 00:00:00+00:00, run_after=2025-10-16 00:00:00+00:00
[2025-10-16T21:33:40.294+0000] {processor.py:183} INFO - Processing /opt/airflow/dags/daily_multi_source_pipeline.py took 0.489 seconds
[2025-10-16T21:34:10.447+0000] {processor.py:161} INFO - Started process (PID=387) to work on /opt/airflow/dags/daily_multi_source_pipeline.py
[2025-10-16T21:34:10.449+0000] {processor.py:830} INFO - Processing file /opt/airflow/dags/daily_multi_source_pipeline.py for tasks to queue
[2025-10-16T21:34:10.452+0000] {logging_mixin.py:188} INFO - [2025-10-16T21:34:10.451+0000] {dagbag.py:540} INFO - Filling up the DagBag from /opt/airflow/dags/daily_multi_source_pipeline.py
[2025-10-16T21:34:10.856+0000] {processor.py:840} INFO - DAG(s) 'daily_multi_source_pipeline' retrieved from /opt/airflow/dags/daily_multi_source_pipeline.py
[2025-10-16T21:34:10.899+0000] {logging_mixin.py:188} INFO - [2025-10-16T21:34:10.898+0000] {dag.py:3096} INFO - Sync 1 DAGs
[2025-10-16T21:34:10.935+0000] {logging_mixin.py:188} INFO - [2025-10-16T21:34:10.934+0000] {dag.py:3954} INFO - Setting next_dagrun for daily_multi_source_pipeline to 2025-10-15 00:00:00+00:00, run_after=2025-10-16 00:00:00+00:00
[2025-10-16T21:34:10.961+0000] {processor.py:183} INFO - Processing /opt/airflow/dags/daily_multi_source_pipeline.py took 0.523 seconds
[2025-10-16T21:34:41.076+0000] {processor.py:161} INFO - Started process (PID=389) to work on /opt/airflow/dags/daily_multi_source_pipeline.py
[2025-10-16T21:34:41.077+0000] {processor.py:830} INFO - Processing file /opt/airflow/dags/daily_multi_source_pipeline.py for tasks to queue
[2025-10-16T21:34:41.080+0000] {logging_mixin.py:188} INFO - [2025-10-16T21:34:41.079+0000] {dagbag.py:540} INFO - Filling up the DagBag from /opt/airflow/dags/daily_multi_source_pipeline.py
[2025-10-16T21:34:41.491+0000] {processor.py:840} INFO - DAG(s) 'daily_multi_source_pipeline' retrieved from /opt/airflow/dags/daily_multi_source_pipeline.py
[2025-10-16T21:34:41.525+0000] {logging_mixin.py:188} INFO - [2025-10-16T21:34:41.524+0000] {dag.py:3096} INFO - Sync 1 DAGs
[2025-10-16T21:34:41.553+0000] {logging_mixin.py:188} INFO - [2025-10-16T21:34:41.553+0000] {dag.py:3954} INFO - Setting next_dagrun for daily_multi_source_pipeline to 2025-10-15 00:00:00+00:00, run_after=2025-10-16 00:00:00+00:00
[2025-10-16T21:34:41.577+0000] {processor.py:183} INFO - Processing /opt/airflow/dags/daily_multi_source_pipeline.py took 0.510 seconds
[2025-10-16T21:35:11.729+0000] {processor.py:161} INFO - Started process (PID=391) to work on /opt/airflow/dags/daily_multi_source_pipeline.py
[2025-10-16T21:35:11.730+0000] {processor.py:830} INFO - Processing file /opt/airflow/dags/daily_multi_source_pipeline.py for tasks to queue
[2025-10-16T21:35:11.732+0000] {logging_mixin.py:188} INFO - [2025-10-16T21:35:11.732+0000] {dagbag.py:540} INFO - Filling up the DagBag from /opt/airflow/dags/daily_multi_source_pipeline.py
[2025-10-16T21:35:12.130+0000] {processor.py:840} INFO - DAG(s) 'daily_multi_source_pipeline' retrieved from /opt/airflow/dags/daily_multi_source_pipeline.py
[2025-10-16T21:35:12.166+0000] {logging_mixin.py:188} INFO - [2025-10-16T21:35:12.166+0000] {dag.py:3096} INFO - Sync 1 DAGs
[2025-10-16T21:35:12.193+0000] {logging_mixin.py:188} INFO - [2025-10-16T21:35:12.193+0000] {dag.py:3954} INFO - Setting next_dagrun for daily_multi_source_pipeline to 2025-10-15 00:00:00+00:00, run_after=2025-10-16 00:00:00+00:00
[2025-10-16T21:35:12.215+0000] {processor.py:183} INFO - Processing /opt/airflow/dags/daily_multi_source_pipeline.py took 0.494 seconds
[2025-10-16T21:35:42.362+0000] {processor.py:161} INFO - Started process (PID=393) to work on /opt/airflow/dags/daily_multi_source_pipeline.py
[2025-10-16T21:35:42.363+0000] {processor.py:830} INFO - Processing file /opt/airflow/dags/daily_multi_source_pipeline.py for tasks to queue
[2025-10-16T21:35:42.365+0000] {logging_mixin.py:188} INFO - [2025-10-16T21:35:42.365+0000] {dagbag.py:540} INFO - Filling up the DagBag from /opt/airflow/dags/daily_multi_source_pipeline.py
[2025-10-16T21:35:42.768+0000] {processor.py:840} INFO - DAG(s) 'daily_multi_source_pipeline' retrieved from /opt/airflow/dags/daily_multi_source_pipeline.py
[2025-10-16T21:35:42.800+0000] {logging_mixin.py:188} INFO - [2025-10-16T21:35:42.800+0000] {dag.py:3096} INFO - Sync 1 DAGs
[2025-10-16T21:35:42.827+0000] {logging_mixin.py:188} INFO - [2025-10-16T21:35:42.827+0000] {dag.py:3954} INFO - Setting next_dagrun for daily_multi_source_pipeline to 2025-10-15 00:00:00+00:00, run_after=2025-10-16 00:00:00+00:00
[2025-10-16T21:35:42.847+0000] {processor.py:183} INFO - Processing /opt/airflow/dags/daily_multi_source_pipeline.py took 0.493 seconds
[2025-10-16T21:36:12.996+0000] {processor.py:161} INFO - Started process (PID=395) to work on /opt/airflow/dags/daily_multi_source_pipeline.py
[2025-10-16T21:36:12.998+0000] {processor.py:830} INFO - Processing file /opt/airflow/dags/daily_multi_source_pipeline.py for tasks to queue
[2025-10-16T21:36:13.000+0000] {logging_mixin.py:188} INFO - [2025-10-16T21:36:13.000+0000] {dagbag.py:540} INFO - Filling up the DagBag from /opt/airflow/dags/daily_multi_source_pipeline.py
[2025-10-16T21:36:13.395+0000] {processor.py:840} INFO - DAG(s) 'daily_multi_source_pipeline' retrieved from /opt/airflow/dags/daily_multi_source_pipeline.py
[2025-10-16T21:36:13.430+0000] {logging_mixin.py:188} INFO - [2025-10-16T21:36:13.429+0000] {dag.py:3096} INFO - Sync 1 DAGs
[2025-10-16T21:36:13.455+0000] {logging_mixin.py:188} INFO - [2025-10-16T21:36:13.455+0000] {dag.py:3954} INFO - Setting next_dagrun for daily_multi_source_pipeline to 2025-10-15 00:00:00+00:00, run_after=2025-10-16 00:00:00+00:00
[2025-10-16T21:36:13.478+0000] {processor.py:183} INFO - Processing /opt/airflow/dags/daily_multi_source_pipeline.py took 0.491 seconds
[2025-10-16T21:36:43.633+0000] {processor.py:161} INFO - Started process (PID=397) to work on /opt/airflow/dags/daily_multi_source_pipeline.py
[2025-10-16T21:36:43.634+0000] {processor.py:830} INFO - Processing file /opt/airflow/dags/daily_multi_source_pipeline.py for tasks to queue
[2025-10-16T21:36:43.637+0000] {logging_mixin.py:188} INFO - [2025-10-16T21:36:43.636+0000] {dagbag.py:540} INFO - Filling up the DagBag from /opt/airflow/dags/daily_multi_source_pipeline.py
[2025-10-16T21:36:44.034+0000] {processor.py:840} INFO - DAG(s) 'daily_multi_source_pipeline' retrieved from /opt/airflow/dags/daily_multi_source_pipeline.py
[2025-10-16T21:36:44.067+0000] {logging_mixin.py:188} INFO - [2025-10-16T21:36:44.066+0000] {dag.py:3096} INFO - Sync 1 DAGs
[2025-10-16T21:36:44.095+0000] {logging_mixin.py:188} INFO - [2025-10-16T21:36:44.095+0000] {dag.py:3954} INFO - Setting next_dagrun for daily_multi_source_pipeline to 2025-10-15 00:00:00+00:00, run_after=2025-10-16 00:00:00+00:00
[2025-10-16T21:36:44.117+0000] {processor.py:183} INFO - Processing /opt/airflow/dags/daily_multi_source_pipeline.py took 0.492 seconds
[2025-10-16T21:37:14.270+0000] {processor.py:161} INFO - Started process (PID=399) to work on /opt/airflow/dags/daily_multi_source_pipeline.py
[2025-10-16T21:37:14.271+0000] {processor.py:830} INFO - Processing file /opt/airflow/dags/daily_multi_source_pipeline.py for tasks to queue
[2025-10-16T21:37:14.274+0000] {logging_mixin.py:188} INFO - [2025-10-16T21:37:14.273+0000] {dagbag.py:540} INFO - Filling up the DagBag from /opt/airflow/dags/daily_multi_source_pipeline.py
[2025-10-16T21:37:14.671+0000] {processor.py:840} INFO - DAG(s) 'daily_multi_source_pipeline' retrieved from /opt/airflow/dags/daily_multi_source_pipeline.py
[2025-10-16T21:37:14.707+0000] {logging_mixin.py:188} INFO - [2025-10-16T21:37:14.706+0000] {dag.py:3096} INFO - Sync 1 DAGs
[2025-10-16T21:37:14.734+0000] {logging_mixin.py:188} INFO - [2025-10-16T21:37:14.733+0000] {dag.py:3954} INFO - Setting next_dagrun for daily_multi_source_pipeline to 2025-10-15 00:00:00+00:00, run_after=2025-10-16 00:00:00+00:00
[2025-10-16T21:37:14.756+0000] {processor.py:183} INFO - Processing /opt/airflow/dags/daily_multi_source_pipeline.py took 0.495 seconds
[2025-10-16T21:37:44.898+0000] {processor.py:161} INFO - Started process (PID=401) to work on /opt/airflow/dags/daily_multi_source_pipeline.py
[2025-10-16T21:37:44.899+0000] {processor.py:830} INFO - Processing file /opt/airflow/dags/daily_multi_source_pipeline.py for tasks to queue
[2025-10-16T21:37:44.902+0000] {logging_mixin.py:188} INFO - [2025-10-16T21:37:44.901+0000] {dagbag.py:540} INFO - Filling up the DagBag from /opt/airflow/dags/daily_multi_source_pipeline.py
[2025-10-16T21:37:45.303+0000] {processor.py:840} INFO - DAG(s) 'daily_multi_source_pipeline' retrieved from /opt/airflow/dags/daily_multi_source_pipeline.py
[2025-10-16T21:37:45.337+0000] {logging_mixin.py:188} INFO - [2025-10-16T21:37:45.337+0000] {dag.py:3096} INFO - Sync 1 DAGs
[2025-10-16T21:37:45.364+0000] {logging_mixin.py:188} INFO - [2025-10-16T21:37:45.363+0000] {dag.py:3954} INFO - Setting next_dagrun for daily_multi_source_pipeline to 2025-10-15 00:00:00+00:00, run_after=2025-10-16 00:00:00+00:00
[2025-10-16T21:37:45.384+0000] {processor.py:183} INFO - Processing /opt/airflow/dags/daily_multi_source_pipeline.py took 0.494 seconds
[2025-10-16T21:38:15.534+0000] {processor.py:161} INFO - Started process (PID=403) to work on /opt/airflow/dags/daily_multi_source_pipeline.py
[2025-10-16T21:38:15.536+0000] {processor.py:830} INFO - Processing file /opt/airflow/dags/daily_multi_source_pipeline.py for tasks to queue
[2025-10-16T21:38:15.539+0000] {logging_mixin.py:188} INFO - [2025-10-16T21:38:15.539+0000] {dagbag.py:540} INFO - Filling up the DagBag from /opt/airflow/dags/daily_multi_source_pipeline.py
[2025-10-16T21:38:15.944+0000] {processor.py:840} INFO - DAG(s) 'daily_multi_source_pipeline' retrieved from /opt/airflow/dags/daily_multi_source_pipeline.py
[2025-10-16T21:38:15.977+0000] {logging_mixin.py:188} INFO - [2025-10-16T21:38:15.977+0000] {dag.py:3096} INFO - Sync 1 DAGs
[2025-10-16T21:38:16.003+0000] {logging_mixin.py:188} INFO - [2025-10-16T21:38:16.003+0000] {dag.py:3954} INFO - Setting next_dagrun for daily_multi_source_pipeline to 2025-10-15 00:00:00+00:00, run_after=2025-10-16 00:00:00+00:00
[2025-10-16T21:38:16.024+0000] {processor.py:183} INFO - Processing /opt/airflow/dags/daily_multi_source_pipeline.py took 0.499 seconds
[2025-10-16T21:38:46.182+0000] {processor.py:161} INFO - Started process (PID=405) to work on /opt/airflow/dags/daily_multi_source_pipeline.py
[2025-10-16T21:38:46.183+0000] {processor.py:830} INFO - Processing file /opt/airflow/dags/daily_multi_source_pipeline.py for tasks to queue
[2025-10-16T21:38:46.186+0000] {logging_mixin.py:188} INFO - [2025-10-16T21:38:46.185+0000] {dagbag.py:540} INFO - Filling up the DagBag from /opt/airflow/dags/daily_multi_source_pipeline.py
[2025-10-16T21:38:46.583+0000] {processor.py:840} INFO - DAG(s) 'daily_multi_source_pipeline' retrieved from /opt/airflow/dags/daily_multi_source_pipeline.py
[2025-10-16T21:38:46.617+0000] {logging_mixin.py:188} INFO - [2025-10-16T21:38:46.616+0000] {dag.py:3096} INFO - Sync 1 DAGs
[2025-10-16T21:38:46.648+0000] {logging_mixin.py:188} INFO - [2025-10-16T21:38:46.647+0000] {dag.py:3954} INFO - Setting next_dagrun for daily_multi_source_pipeline to 2025-10-15 00:00:00+00:00, run_after=2025-10-16 00:00:00+00:00
[2025-10-16T21:38:46.668+0000] {processor.py:183} INFO - Processing /opt/airflow/dags/daily_multi_source_pipeline.py took 0.495 seconds
[2025-10-16T21:39:16.818+0000] {processor.py:161} INFO - Started process (PID=407) to work on /opt/airflow/dags/daily_multi_source_pipeline.py
[2025-10-16T21:39:16.819+0000] {processor.py:830} INFO - Processing file /opt/airflow/dags/daily_multi_source_pipeline.py for tasks to queue
[2025-10-16T21:39:16.822+0000] {logging_mixin.py:188} INFO - [2025-10-16T21:39:16.821+0000] {dagbag.py:540} INFO - Filling up the DagBag from /opt/airflow/dags/daily_multi_source_pipeline.py
[2025-10-16T21:39:17.213+0000] {processor.py:840} INFO - DAG(s) 'daily_multi_source_pipeline' retrieved from /opt/airflow/dags/daily_multi_source_pipeline.py
[2025-10-16T21:39:17.247+0000] {logging_mixin.py:188} INFO - [2025-10-16T21:39:17.246+0000] {dag.py:3096} INFO - Sync 1 DAGs
[2025-10-16T21:39:17.275+0000] {logging_mixin.py:188} INFO - [2025-10-16T21:39:17.275+0000] {dag.py:3954} INFO - Setting next_dagrun for daily_multi_source_pipeline to 2025-10-15 00:00:00+00:00, run_after=2025-10-16 00:00:00+00:00
[2025-10-16T21:39:17.297+0000] {processor.py:183} INFO - Processing /opt/airflow/dags/daily_multi_source_pipeline.py took 0.488 seconds
[2025-10-16T21:39:47.448+0000] {processor.py:161} INFO - Started process (PID=409) to work on /opt/airflow/dags/daily_multi_source_pipeline.py
[2025-10-16T21:39:47.450+0000] {processor.py:830} INFO - Processing file /opt/airflow/dags/daily_multi_source_pipeline.py for tasks to queue
[2025-10-16T21:39:47.452+0000] {logging_mixin.py:188} INFO - [2025-10-16T21:39:47.452+0000] {dagbag.py:540} INFO - Filling up the DagBag from /opt/airflow/dags/daily_multi_source_pipeline.py
[2025-10-16T21:39:47.849+0000] {processor.py:840} INFO - DAG(s) 'daily_multi_source_pipeline' retrieved from /opt/airflow/dags/daily_multi_source_pipeline.py
[2025-10-16T21:39:47.883+0000] {logging_mixin.py:188} INFO - [2025-10-16T21:39:47.883+0000] {dag.py:3096} INFO - Sync 1 DAGs
[2025-10-16T21:39:47.909+0000] {logging_mixin.py:188} INFO - [2025-10-16T21:39:47.909+0000] {dag.py:3954} INFO - Setting next_dagrun for daily_multi_source_pipeline to 2025-10-15 00:00:00+00:00, run_after=2025-10-16 00:00:00+00:00
[2025-10-16T21:39:47.929+0000] {processor.py:183} INFO - Processing /opt/airflow/dags/daily_multi_source_pipeline.py took 0.489 seconds
[2025-10-16T21:40:18.092+0000] {processor.py:161} INFO - Started process (PID=411) to work on /opt/airflow/dags/daily_multi_source_pipeline.py
[2025-10-16T21:40:18.129+0000] {processor.py:830} INFO - Processing file /opt/airflow/dags/daily_multi_source_pipeline.py for tasks to queue
[2025-10-16T21:40:18.132+0000] {logging_mixin.py:188} INFO - [2025-10-16T21:40:18.132+0000] {dagbag.py:540} INFO - Filling up the DagBag from /opt/airflow/dags/daily_multi_source_pipeline.py
[2025-10-16T21:40:18.528+0000] {processor.py:840} INFO - DAG(s) 'daily_multi_source_pipeline' retrieved from /opt/airflow/dags/daily_multi_source_pipeline.py
[2025-10-16T21:40:18.563+0000] {logging_mixin.py:188} INFO - [2025-10-16T21:40:18.562+0000] {dag.py:3096} INFO - Sync 1 DAGs
[2025-10-16T21:40:18.590+0000] {logging_mixin.py:188} INFO - [2025-10-16T21:40:18.590+0000] {dag.py:3954} INFO - Setting next_dagrun for daily_multi_source_pipeline to 2025-10-15 00:00:00+00:00, run_after=2025-10-16 00:00:00+00:00
[2025-10-16T21:40:18.611+0000] {processor.py:183} INFO - Processing /opt/airflow/dags/daily_multi_source_pipeline.py took 0.531 seconds
[2025-10-16T21:40:48.724+0000] {processor.py:161} INFO - Started process (PID=413) to work on /opt/airflow/dags/daily_multi_source_pipeline.py
[2025-10-16T21:40:48.731+0000] {processor.py:830} INFO - Processing file /opt/airflow/dags/daily_multi_source_pipeline.py for tasks to queue
[2025-10-16T21:40:48.734+0000] {logging_mixin.py:188} INFO - [2025-10-16T21:40:48.733+0000] {dagbag.py:540} INFO - Filling up the DagBag from /opt/airflow/dags/daily_multi_source_pipeline.py
[2025-10-16T21:40:49.138+0000] {processor.py:840} INFO - DAG(s) 'daily_multi_source_pipeline' retrieved from /opt/airflow/dags/daily_multi_source_pipeline.py
[2025-10-16T21:40:49.170+0000] {logging_mixin.py:188} INFO - [2025-10-16T21:40:49.169+0000] {dag.py:3096} INFO - Sync 1 DAGs
[2025-10-16T21:40:49.196+0000] {logging_mixin.py:188} INFO - [2025-10-16T21:40:49.195+0000] {dag.py:3954} INFO - Setting next_dagrun for daily_multi_source_pipeline to 2025-10-15 00:00:00+00:00, run_after=2025-10-16 00:00:00+00:00
[2025-10-16T21:40:49.217+0000] {processor.py:183} INFO - Processing /opt/airflow/dags/daily_multi_source_pipeline.py took 0.501 seconds
[2025-10-16T21:41:19.372+0000] {processor.py:161} INFO - Started process (PID=415) to work on /opt/airflow/dags/daily_multi_source_pipeline.py
[2025-10-16T21:41:19.373+0000] {processor.py:830} INFO - Processing file /opt/airflow/dags/daily_multi_source_pipeline.py for tasks to queue
[2025-10-16T21:41:19.376+0000] {logging_mixin.py:188} INFO - [2025-10-16T21:41:19.375+0000] {dagbag.py:540} INFO - Filling up the DagBag from /opt/airflow/dags/daily_multi_source_pipeline.py
[2025-10-16T21:41:19.776+0000] {processor.py:840} INFO - DAG(s) 'daily_multi_source_pipeline' retrieved from /opt/airflow/dags/daily_multi_source_pipeline.py
[2025-10-16T21:41:19.809+0000] {logging_mixin.py:188} INFO - [2025-10-16T21:41:19.808+0000] {dag.py:3096} INFO - Sync 1 DAGs
[2025-10-16T21:41:19.837+0000] {logging_mixin.py:188} INFO - [2025-10-16T21:41:19.836+0000] {dag.py:3954} INFO - Setting next_dagrun for daily_multi_source_pipeline to 2025-10-15 00:00:00+00:00, run_after=2025-10-16 00:00:00+00:00
[2025-10-16T21:41:19.857+0000] {processor.py:183} INFO - Processing /opt/airflow/dags/daily_multi_source_pipeline.py took 0.494 seconds
[2025-10-16T21:41:50.004+0000] {processor.py:161} INFO - Started process (PID=417) to work on /opt/airflow/dags/daily_multi_source_pipeline.py
[2025-10-16T21:41:50.005+0000] {processor.py:830} INFO - Processing file /opt/airflow/dags/daily_multi_source_pipeline.py for tasks to queue
[2025-10-16T21:41:50.007+0000] {logging_mixin.py:188} INFO - [2025-10-16T21:41:50.007+0000] {dagbag.py:540} INFO - Filling up the DagBag from /opt/airflow/dags/daily_multi_source_pipeline.py
[2025-10-16T21:41:50.406+0000] {processor.py:840} INFO - DAG(s) 'daily_multi_source_pipeline' retrieved from /opt/airflow/dags/daily_multi_source_pipeline.py
[2025-10-16T21:41:50.438+0000] {logging_mixin.py:188} INFO - [2025-10-16T21:41:50.438+0000] {dag.py:3096} INFO - Sync 1 DAGs
[2025-10-16T21:41:50.467+0000] {logging_mixin.py:188} INFO - [2025-10-16T21:41:50.467+0000] {dag.py:3954} INFO - Setting next_dagrun for daily_multi_source_pipeline to 2025-10-15 00:00:00+00:00, run_after=2025-10-16 00:00:00+00:00
[2025-10-16T21:41:50.489+0000] {processor.py:183} INFO - Processing /opt/airflow/dags/daily_multi_source_pipeline.py took 0.493 seconds
[2025-10-16T21:42:20.641+0000] {processor.py:161} INFO - Started process (PID=419) to work on /opt/airflow/dags/daily_multi_source_pipeline.py
[2025-10-16T21:42:20.644+0000] {processor.py:830} INFO - Processing file /opt/airflow/dags/daily_multi_source_pipeline.py for tasks to queue
[2025-10-16T21:42:20.647+0000] {logging_mixin.py:188} INFO - [2025-10-16T21:42:20.646+0000] {dagbag.py:540} INFO - Filling up the DagBag from /opt/airflow/dags/daily_multi_source_pipeline.py
[2025-10-16T21:42:21.046+0000] {processor.py:840} INFO - DAG(s) 'daily_multi_source_pipeline' retrieved from /opt/airflow/dags/daily_multi_source_pipeline.py
[2025-10-16T21:42:21.085+0000] {logging_mixin.py:188} INFO - [2025-10-16T21:42:21.084+0000] {dag.py:3096} INFO - Sync 1 DAGs
[2025-10-16T21:42:21.113+0000] {logging_mixin.py:188} INFO - [2025-10-16T21:42:21.113+0000] {dag.py:3954} INFO - Setting next_dagrun for daily_multi_source_pipeline to 2025-10-15 00:00:00+00:00, run_after=2025-10-16 00:00:00+00:00
[2025-10-16T21:42:21.137+0000] {processor.py:183} INFO - Processing /opt/airflow/dags/daily_multi_source_pipeline.py took 0.505 seconds
[2025-10-16T21:42:51.280+0000] {processor.py:161} INFO - Started process (PID=421) to work on /opt/airflow/dags/daily_multi_source_pipeline.py
[2025-10-16T21:42:51.281+0000] {processor.py:830} INFO - Processing file /opt/airflow/dags/daily_multi_source_pipeline.py for tasks to queue
[2025-10-16T21:42:51.283+0000] {logging_mixin.py:188} INFO - [2025-10-16T21:42:51.283+0000] {dagbag.py:540} INFO - Filling up the DagBag from /opt/airflow/dags/daily_multi_source_pipeline.py
[2025-10-16T21:42:51.685+0000] {processor.py:840} INFO - DAG(s) 'daily_multi_source_pipeline' retrieved from /opt/airflow/dags/daily_multi_source_pipeline.py
[2025-10-16T21:42:51.717+0000] {logging_mixin.py:188} INFO - [2025-10-16T21:42:51.717+0000] {dag.py:3096} INFO - Sync 1 DAGs
[2025-10-16T21:42:51.744+0000] {logging_mixin.py:188} INFO - [2025-10-16T21:42:51.743+0000] {dag.py:3954} INFO - Setting next_dagrun for daily_multi_source_pipeline to 2025-10-15 00:00:00+00:00, run_after=2025-10-16 00:00:00+00:00
[2025-10-16T21:42:51.765+0000] {processor.py:183} INFO - Processing /opt/airflow/dags/daily_multi_source_pipeline.py took 0.494 seconds
[2025-10-16T21:43:21.922+0000] {processor.py:161} INFO - Started process (PID=423) to work on /opt/airflow/dags/daily_multi_source_pipeline.py
[2025-10-16T21:43:21.923+0000] {processor.py:830} INFO - Processing file /opt/airflow/dags/daily_multi_source_pipeline.py for tasks to queue
[2025-10-16T21:43:21.926+0000] {logging_mixin.py:188} INFO - [2025-10-16T21:43:21.925+0000] {dagbag.py:540} INFO - Filling up the DagBag from /opt/airflow/dags/daily_multi_source_pipeline.py
[2025-10-16T21:43:22.334+0000] {processor.py:840} INFO - DAG(s) 'daily_multi_source_pipeline' retrieved from /opt/airflow/dags/daily_multi_source_pipeline.py
[2025-10-16T21:43:22.368+0000] {logging_mixin.py:188} INFO - [2025-10-16T21:43:22.368+0000] {dag.py:3096} INFO - Sync 1 DAGs
[2025-10-16T21:43:22.396+0000] {logging_mixin.py:188} INFO - [2025-10-16T21:43:22.395+0000] {dag.py:3954} INFO - Setting next_dagrun for daily_multi_source_pipeline to 2025-10-15 00:00:00+00:00, run_after=2025-10-16 00:00:00+00:00
[2025-10-16T21:43:22.417+0000] {processor.py:183} INFO - Processing /opt/airflow/dags/daily_multi_source_pipeline.py took 0.505 seconds
[2025-10-16T21:43:52.559+0000] {processor.py:161} INFO - Started process (PID=425) to work on /opt/airflow/dags/daily_multi_source_pipeline.py
[2025-10-16T21:43:52.561+0000] {processor.py:830} INFO - Processing file /opt/airflow/dags/daily_multi_source_pipeline.py for tasks to queue
[2025-10-16T21:43:52.563+0000] {logging_mixin.py:188} INFO - [2025-10-16T21:43:52.563+0000] {dagbag.py:540} INFO - Filling up the DagBag from /opt/airflow/dags/daily_multi_source_pipeline.py
[2025-10-16T21:43:52.962+0000] {processor.py:840} INFO - DAG(s) 'daily_multi_source_pipeline' retrieved from /opt/airflow/dags/daily_multi_source_pipeline.py
[2025-10-16T21:43:52.996+0000] {logging_mixin.py:188} INFO - [2025-10-16T21:43:52.995+0000] {dag.py:3096} INFO - Sync 1 DAGs
[2025-10-16T21:43:53.025+0000] {logging_mixin.py:188} INFO - [2025-10-16T21:43:53.025+0000] {dag.py:3954} INFO - Setting next_dagrun for daily_multi_source_pipeline to 2025-10-15 00:00:00+00:00, run_after=2025-10-16 00:00:00+00:00
[2025-10-16T21:43:53.046+0000] {processor.py:183} INFO - Processing /opt/airflow/dags/daily_multi_source_pipeline.py took 0.495 seconds
[2025-10-16T21:44:23.197+0000] {processor.py:161} INFO - Started process (PID=427) to work on /opt/airflow/dags/daily_multi_source_pipeline.py
[2025-10-16T21:44:23.200+0000] {processor.py:830} INFO - Processing file /opt/airflow/dags/daily_multi_source_pipeline.py for tasks to queue
[2025-10-16T21:44:23.203+0000] {logging_mixin.py:188} INFO - [2025-10-16T21:44:23.202+0000] {dagbag.py:540} INFO - Filling up the DagBag from /opt/airflow/dags/daily_multi_source_pipeline.py
[2025-10-16T21:44:23.605+0000] {processor.py:840} INFO - DAG(s) 'daily_multi_source_pipeline' retrieved from /opt/airflow/dags/daily_multi_source_pipeline.py
[2025-10-16T21:44:23.639+0000] {logging_mixin.py:188} INFO - [2025-10-16T21:44:23.639+0000] {dag.py:3096} INFO - Sync 1 DAGs
[2025-10-16T21:44:23.668+0000] {logging_mixin.py:188} INFO - [2025-10-16T21:44:23.667+0000] {dag.py:3954} INFO - Setting next_dagrun for daily_multi_source_pipeline to 2025-10-15 00:00:00+00:00, run_after=2025-10-16 00:00:00+00:00
[2025-10-16T21:44:23.689+0000] {processor.py:183} INFO - Processing /opt/airflow/dags/daily_multi_source_pipeline.py took 0.501 seconds
[2025-10-16T21:44:53.837+0000] {processor.py:161} INFO - Started process (PID=429) to work on /opt/airflow/dags/daily_multi_source_pipeline.py
[2025-10-16T21:44:53.838+0000] {processor.py:830} INFO - Processing file /opt/airflow/dags/daily_multi_source_pipeline.py for tasks to queue
[2025-10-16T21:44:53.840+0000] {logging_mixin.py:188} INFO - [2025-10-16T21:44:53.840+0000] {dagbag.py:540} INFO - Filling up the DagBag from /opt/airflow/dags/daily_multi_source_pipeline.py
[2025-10-16T21:44:54.235+0000] {processor.py:840} INFO - DAG(s) 'daily_multi_source_pipeline' retrieved from /opt/airflow/dags/daily_multi_source_pipeline.py
[2025-10-16T21:44:54.271+0000] {logging_mixin.py:188} INFO - [2025-10-16T21:44:54.270+0000] {dag.py:3096} INFO - Sync 1 DAGs
[2025-10-16T21:44:54.297+0000] {logging_mixin.py:188} INFO - [2025-10-16T21:44:54.297+0000] {dag.py:3954} INFO - Setting next_dagrun for daily_multi_source_pipeline to 2025-10-15 00:00:00+00:00, run_after=2025-10-16 00:00:00+00:00
[2025-10-16T21:44:54.317+0000] {processor.py:183} INFO - Processing /opt/airflow/dags/daily_multi_source_pipeline.py took 0.489 seconds
[2025-10-16T21:45:24.470+0000] {processor.py:161} INFO - Started process (PID=431) to work on /opt/airflow/dags/daily_multi_source_pipeline.py
[2025-10-16T21:45:24.472+0000] {processor.py:830} INFO - Processing file /opt/airflow/dags/daily_multi_source_pipeline.py for tasks to queue
[2025-10-16T21:45:24.475+0000] {logging_mixin.py:188} INFO - [2025-10-16T21:45:24.474+0000] {dagbag.py:540} INFO - Filling up the DagBag from /opt/airflow/dags/daily_multi_source_pipeline.py
[2025-10-16T21:45:24.881+0000] {processor.py:840} INFO - DAG(s) 'daily_multi_source_pipeline' retrieved from /opt/airflow/dags/daily_multi_source_pipeline.py
[2025-10-16T21:45:24.916+0000] {logging_mixin.py:188} INFO - [2025-10-16T21:45:24.915+0000] {dag.py:3096} INFO - Sync 1 DAGs
[2025-10-16T21:45:24.943+0000] {logging_mixin.py:188} INFO - [2025-10-16T21:45:24.943+0000] {dag.py:3954} INFO - Setting next_dagrun for daily_multi_source_pipeline to 2025-10-15 00:00:00+00:00, run_after=2025-10-16 00:00:00+00:00
[2025-10-16T21:45:24.967+0000] {processor.py:183} INFO - Processing /opt/airflow/dags/daily_multi_source_pipeline.py took 0.505 seconds
[2025-10-16T21:45:55.112+0000] {processor.py:161} INFO - Started process (PID=433) to work on /opt/airflow/dags/daily_multi_source_pipeline.py
[2025-10-16T21:45:55.113+0000] {processor.py:830} INFO - Processing file /opt/airflow/dags/daily_multi_source_pipeline.py for tasks to queue
[2025-10-16T21:45:55.115+0000] {logging_mixin.py:188} INFO - [2025-10-16T21:45:55.115+0000] {dagbag.py:540} INFO - Filling up the DagBag from /opt/airflow/dags/daily_multi_source_pipeline.py
[2025-10-16T21:45:55.517+0000] {processor.py:840} INFO - DAG(s) 'daily_multi_source_pipeline' retrieved from /opt/airflow/dags/daily_multi_source_pipeline.py
[2025-10-16T21:45:55.551+0000] {logging_mixin.py:188} INFO - [2025-10-16T21:45:55.550+0000] {dag.py:3096} INFO - Sync 1 DAGs
[2025-10-16T21:45:55.578+0000] {logging_mixin.py:188} INFO - [2025-10-16T21:45:55.578+0000] {dag.py:3954} INFO - Setting next_dagrun for daily_multi_source_pipeline to 2025-10-15 00:00:00+00:00, run_after=2025-10-16 00:00:00+00:00
[2025-10-16T21:45:55.600+0000] {processor.py:183} INFO - Processing /opt/airflow/dags/daily_multi_source_pipeline.py took 0.497 seconds
[2025-10-16T21:46:25.746+0000] {processor.py:161} INFO - Started process (PID=435) to work on /opt/airflow/dags/daily_multi_source_pipeline.py
[2025-10-16T21:46:25.748+0000] {processor.py:830} INFO - Processing file /opt/airflow/dags/daily_multi_source_pipeline.py for tasks to queue
[2025-10-16T21:46:25.751+0000] {logging_mixin.py:188} INFO - [2025-10-16T21:46:25.750+0000] {dagbag.py:540} INFO - Filling up the DagBag from /opt/airflow/dags/daily_multi_source_pipeline.py
[2025-10-16T21:46:26.140+0000] {processor.py:840} INFO - DAG(s) 'daily_multi_source_pipeline' retrieved from /opt/airflow/dags/daily_multi_source_pipeline.py
[2025-10-16T21:46:26.173+0000] {logging_mixin.py:188} INFO - [2025-10-16T21:46:26.172+0000] {dag.py:3096} INFO - Sync 1 DAGs
[2025-10-16T21:46:26.201+0000] {logging_mixin.py:188} INFO - [2025-10-16T21:46:26.200+0000] {dag.py:3954} INFO - Setting next_dagrun for daily_multi_source_pipeline to 2025-10-15 00:00:00+00:00, run_after=2025-10-16 00:00:00+00:00
[2025-10-16T21:46:26.220+0000] {processor.py:183} INFO - Processing /opt/airflow/dags/daily_multi_source_pipeline.py took 0.483 seconds
[2025-10-16T21:46:56.381+0000] {processor.py:161} INFO - Started process (PID=437) to work on /opt/airflow/dags/daily_multi_source_pipeline.py
[2025-10-16T21:46:56.382+0000] {processor.py:830} INFO - Processing file /opt/airflow/dags/daily_multi_source_pipeline.py for tasks to queue
[2025-10-16T21:46:56.385+0000] {logging_mixin.py:188} INFO - [2025-10-16T21:46:56.384+0000] {dagbag.py:540} INFO - Filling up the DagBag from /opt/airflow/dags/daily_multi_source_pipeline.py
[2025-10-16T21:46:56.814+0000] {processor.py:840} INFO - DAG(s) 'daily_multi_source_pipeline' retrieved from /opt/airflow/dags/daily_multi_source_pipeline.py
[2025-10-16T21:46:56.855+0000] {logging_mixin.py:188} INFO - [2025-10-16T21:46:56.854+0000] {dag.py:3096} INFO - Sync 1 DAGs
[2025-10-16T21:46:56.884+0000] {logging_mixin.py:188} INFO - [2025-10-16T21:46:56.883+0000] {dag.py:3954} INFO - Setting next_dagrun for daily_multi_source_pipeline to 2025-10-15 00:00:00+00:00, run_after=2025-10-16 00:00:00+00:00
[2025-10-16T21:46:56.903+0000] {processor.py:183} INFO - Processing /opt/airflow/dags/daily_multi_source_pipeline.py took 0.531 seconds
[2025-10-16T21:47:27.055+0000] {processor.py:161} INFO - Started process (PID=439) to work on /opt/airflow/dags/daily_multi_source_pipeline.py
[2025-10-16T21:47:27.056+0000] {processor.py:830} INFO - Processing file /opt/airflow/dags/daily_multi_source_pipeline.py for tasks to queue
[2025-10-16T21:47:27.058+0000] {logging_mixin.py:188} INFO - [2025-10-16T21:47:27.058+0000] {dagbag.py:540} INFO - Filling up the DagBag from /opt/airflow/dags/daily_multi_source_pipeline.py
[2025-10-16T21:47:27.471+0000] {processor.py:840} INFO - DAG(s) 'daily_multi_source_pipeline' retrieved from /opt/airflow/dags/daily_multi_source_pipeline.py
[2025-10-16T21:47:27.505+0000] {logging_mixin.py:188} INFO - [2025-10-16T21:47:27.505+0000] {dag.py:3096} INFO - Sync 1 DAGs
[2025-10-16T21:47:27.531+0000] {logging_mixin.py:188} INFO - [2025-10-16T21:47:27.531+0000] {dag.py:3954} INFO - Setting next_dagrun for daily_multi_source_pipeline to 2025-10-15 00:00:00+00:00, run_after=2025-10-16 00:00:00+00:00
[2025-10-16T21:47:27.551+0000] {processor.py:183} INFO - Processing /opt/airflow/dags/daily_multi_source_pipeline.py took 0.505 seconds
[2025-10-16T21:47:57.654+0000] {processor.py:161} INFO - Started process (PID=441) to work on /opt/airflow/dags/daily_multi_source_pipeline.py
[2025-10-16T21:47:57.655+0000] {processor.py:830} INFO - Processing file /opt/airflow/dags/daily_multi_source_pipeline.py for tasks to queue
[2025-10-16T21:47:57.658+0000] {logging_mixin.py:188} INFO - [2025-10-16T21:47:57.657+0000] {dagbag.py:540} INFO - Filling up the DagBag from /opt/airflow/dags/daily_multi_source_pipeline.py
[2025-10-16T21:47:58.077+0000] {processor.py:840} INFO - DAG(s) 'daily_multi_source_pipeline' retrieved from /opt/airflow/dags/daily_multi_source_pipeline.py
[2025-10-16T21:47:58.116+0000] {logging_mixin.py:188} INFO - [2025-10-16T21:47:58.115+0000] {dag.py:3096} INFO - Sync 1 DAGs
[2025-10-16T21:47:58.143+0000] {logging_mixin.py:188} INFO - [2025-10-16T21:47:58.142+0000] {dag.py:3954} INFO - Setting next_dagrun for daily_multi_source_pipeline to 2025-10-15 00:00:00+00:00, run_after=2025-10-16 00:00:00+00:00
[2025-10-16T21:47:58.163+0000] {processor.py:183} INFO - Processing /opt/airflow/dags/daily_multi_source_pipeline.py took 0.518 seconds
[2025-10-16T21:48:28.317+0000] {processor.py:161} INFO - Started process (PID=443) to work on /opt/airflow/dags/daily_multi_source_pipeline.py
[2025-10-16T21:48:28.319+0000] {processor.py:830} INFO - Processing file /opt/airflow/dags/daily_multi_source_pipeline.py for tasks to queue
[2025-10-16T21:48:28.321+0000] {logging_mixin.py:188} INFO - [2025-10-16T21:48:28.321+0000] {dagbag.py:540} INFO - Filling up the DagBag from /opt/airflow/dags/daily_multi_source_pipeline.py
[2025-10-16T21:48:28.738+0000] {processor.py:840} INFO - DAG(s) 'daily_multi_source_pipeline' retrieved from /opt/airflow/dags/daily_multi_source_pipeline.py
[2025-10-16T21:48:28.772+0000] {logging_mixin.py:188} INFO - [2025-10-16T21:48:28.771+0000] {dag.py:3096} INFO - Sync 1 DAGs
[2025-10-16T21:48:28.799+0000] {logging_mixin.py:188} INFO - [2025-10-16T21:48:28.799+0000] {dag.py:3954} INFO - Setting next_dagrun for daily_multi_source_pipeline to 2025-10-15 00:00:00+00:00, run_after=2025-10-16 00:00:00+00:00
[2025-10-16T21:48:28.823+0000] {processor.py:183} INFO - Processing /opt/airflow/dags/daily_multi_source_pipeline.py took 0.515 seconds
[2025-10-16T21:48:58.981+0000] {processor.py:161} INFO - Started process (PID=445) to work on /opt/airflow/dags/daily_multi_source_pipeline.py
[2025-10-16T21:48:58.984+0000] {processor.py:830} INFO - Processing file /opt/airflow/dags/daily_multi_source_pipeline.py for tasks to queue
[2025-10-16T21:48:58.986+0000] {logging_mixin.py:188} INFO - [2025-10-16T21:48:58.986+0000] {dagbag.py:540} INFO - Filling up the DagBag from /opt/airflow/dags/daily_multi_source_pipeline.py
[2025-10-16T21:48:59.387+0000] {processor.py:840} INFO - DAG(s) 'daily_multi_source_pipeline' retrieved from /opt/airflow/dags/daily_multi_source_pipeline.py
[2025-10-16T21:48:59.420+0000] {logging_mixin.py:188} INFO - [2025-10-16T21:48:59.420+0000] {dag.py:3096} INFO - Sync 1 DAGs
[2025-10-16T21:48:59.448+0000] {logging_mixin.py:188} INFO - [2025-10-16T21:48:59.447+0000] {dag.py:3954} INFO - Setting next_dagrun for daily_multi_source_pipeline to 2025-10-15 00:00:00+00:00, run_after=2025-10-16 00:00:00+00:00
[2025-10-16T21:48:59.469+0000] {processor.py:183} INFO - Processing /opt/airflow/dags/daily_multi_source_pipeline.py took 0.496 seconds
[2025-10-16T21:49:29.622+0000] {processor.py:161} INFO - Started process (PID=447) to work on /opt/airflow/dags/daily_multi_source_pipeline.py
[2025-10-16T21:49:29.623+0000] {processor.py:830} INFO - Processing file /opt/airflow/dags/daily_multi_source_pipeline.py for tasks to queue
[2025-10-16T21:49:29.626+0000] {logging_mixin.py:188} INFO - [2025-10-16T21:49:29.625+0000] {dagbag.py:540} INFO - Filling up the DagBag from /opt/airflow/dags/daily_multi_source_pipeline.py
[2025-10-16T21:49:30.029+0000] {processor.py:840} INFO - DAG(s) 'daily_multi_source_pipeline' retrieved from /opt/airflow/dags/daily_multi_source_pipeline.py
[2025-10-16T21:49:30.066+0000] {logging_mixin.py:188} INFO - [2025-10-16T21:49:30.066+0000] {dag.py:3096} INFO - Sync 1 DAGs
[2025-10-16T21:49:30.095+0000] {logging_mixin.py:188} INFO - [2025-10-16T21:49:30.095+0000] {dag.py:3954} INFO - Setting next_dagrun for daily_multi_source_pipeline to 2025-10-15 00:00:00+00:00, run_after=2025-10-16 00:00:00+00:00
[2025-10-16T21:49:30.120+0000] {processor.py:183} INFO - Processing /opt/airflow/dags/daily_multi_source_pipeline.py took 0.507 seconds
[2025-10-16T21:50:00.259+0000] {processor.py:161} INFO - Started process (PID=449) to work on /opt/airflow/dags/daily_multi_source_pipeline.py
[2025-10-16T21:50:00.260+0000] {processor.py:830} INFO - Processing file /opt/airflow/dags/daily_multi_source_pipeline.py for tasks to queue
[2025-10-16T21:50:00.263+0000] {logging_mixin.py:188} INFO - [2025-10-16T21:50:00.262+0000] {dagbag.py:540} INFO - Filling up the DagBag from /opt/airflow/dags/daily_multi_source_pipeline.py
[2025-10-16T21:50:00.669+0000] {processor.py:840} INFO - DAG(s) 'daily_multi_source_pipeline' retrieved from /opt/airflow/dags/daily_multi_source_pipeline.py
[2025-10-16T21:50:00.704+0000] {logging_mixin.py:188} INFO - [2025-10-16T21:50:00.703+0000] {dag.py:3096} INFO - Sync 1 DAGs
[2025-10-16T21:50:00.732+0000] {logging_mixin.py:188} INFO - [2025-10-16T21:50:00.731+0000] {dag.py:3954} INFO - Setting next_dagrun for daily_multi_source_pipeline to 2025-10-15 00:00:00+00:00, run_after=2025-10-16 00:00:00+00:00
[2025-10-16T21:50:00.754+0000] {processor.py:183} INFO - Processing /opt/airflow/dags/daily_multi_source_pipeline.py took 0.503 seconds
[2025-10-16T21:50:30.909+0000] {processor.py:161} INFO - Started process (PID=451) to work on /opt/airflow/dags/daily_multi_source_pipeline.py
[2025-10-16T21:50:30.910+0000] {processor.py:830} INFO - Processing file /opt/airflow/dags/daily_multi_source_pipeline.py for tasks to queue
[2025-10-16T21:50:30.912+0000] {logging_mixin.py:188} INFO - [2025-10-16T21:50:30.912+0000] {dagbag.py:540} INFO - Filling up the DagBag from /opt/airflow/dags/daily_multi_source_pipeline.py
[2025-10-16T21:50:31.307+0000] {processor.py:840} INFO - DAG(s) 'daily_multi_source_pipeline' retrieved from /opt/airflow/dags/daily_multi_source_pipeline.py
[2025-10-16T21:50:31.341+0000] {logging_mixin.py:188} INFO - [2025-10-16T21:50:31.341+0000] {dag.py:3096} INFO - Sync 1 DAGs
[2025-10-16T21:50:31.373+0000] {logging_mixin.py:188} INFO - [2025-10-16T21:50:31.372+0000] {dag.py:3954} INFO - Setting next_dagrun for daily_multi_source_pipeline to 2025-10-15 00:00:00+00:00, run_after=2025-10-16 00:00:00+00:00
[2025-10-16T21:50:31.394+0000] {processor.py:183} INFO - Processing /opt/airflow/dags/daily_multi_source_pipeline.py took 0.494 seconds
[2025-10-16T21:51:01.533+0000] {processor.py:161} INFO - Started process (PID=453) to work on /opt/airflow/dags/daily_multi_source_pipeline.py
[2025-10-16T21:51:01.535+0000] {processor.py:830} INFO - Processing file /opt/airflow/dags/daily_multi_source_pipeline.py for tasks to queue
[2025-10-16T21:51:01.538+0000] {logging_mixin.py:188} INFO - [2025-10-16T21:51:01.537+0000] {dagbag.py:540} INFO - Filling up the DagBag from /opt/airflow/dags/daily_multi_source_pipeline.py
[2025-10-16T21:51:01.930+0000] {processor.py:840} INFO - DAG(s) 'daily_multi_source_pipeline' retrieved from /opt/airflow/dags/daily_multi_source_pipeline.py
[2025-10-16T21:51:01.963+0000] {logging_mixin.py:188} INFO - [2025-10-16T21:51:01.962+0000] {dag.py:3096} INFO - Sync 1 DAGs
[2025-10-16T21:51:01.989+0000] {logging_mixin.py:188} INFO - [2025-10-16T21:51:01.989+0000] {dag.py:3954} INFO - Setting next_dagrun for daily_multi_source_pipeline to 2025-10-15 00:00:00+00:00, run_after=2025-10-16 00:00:00+00:00
[2025-10-16T21:51:02.011+0000] {processor.py:183} INFO - Processing /opt/airflow/dags/daily_multi_source_pipeline.py took 0.486 seconds
[2025-10-16T21:51:32.164+0000] {processor.py:161} INFO - Started process (PID=455) to work on /opt/airflow/dags/daily_multi_source_pipeline.py
[2025-10-16T21:51:32.165+0000] {processor.py:830} INFO - Processing file /opt/airflow/dags/daily_multi_source_pipeline.py for tasks to queue
[2025-10-16T21:51:32.167+0000] {logging_mixin.py:188} INFO - [2025-10-16T21:51:32.167+0000] {dagbag.py:540} INFO - Filling up the DagBag from /opt/airflow/dags/daily_multi_source_pipeline.py
[2025-10-16T21:51:32.564+0000] {processor.py:840} INFO - DAG(s) 'daily_multi_source_pipeline' retrieved from /opt/airflow/dags/daily_multi_source_pipeline.py
[2025-10-16T21:51:32.604+0000] {logging_mixin.py:188} INFO - [2025-10-16T21:51:32.603+0000] {dag.py:3096} INFO - Sync 1 DAGs
[2025-10-16T21:51:32.632+0000] {logging_mixin.py:188} INFO - [2025-10-16T21:51:32.632+0000] {dag.py:3954} INFO - Setting next_dagrun for daily_multi_source_pipeline to 2025-10-15 00:00:00+00:00, run_after=2025-10-16 00:00:00+00:00
[2025-10-16T21:51:32.653+0000] {processor.py:183} INFO - Processing /opt/airflow/dags/daily_multi_source_pipeline.py took 0.499 seconds
[2025-10-16T21:52:02.801+0000] {processor.py:161} INFO - Started process (PID=457) to work on /opt/airflow/dags/daily_multi_source_pipeline.py
[2025-10-16T21:52:02.802+0000] {processor.py:830} INFO - Processing file /opt/airflow/dags/daily_multi_source_pipeline.py for tasks to queue
[2025-10-16T21:52:02.805+0000] {logging_mixin.py:188} INFO - [2025-10-16T21:52:02.804+0000] {dagbag.py:540} INFO - Filling up the DagBag from /opt/airflow/dags/daily_multi_source_pipeline.py
[2025-10-16T21:52:03.213+0000] {processor.py:840} INFO - DAG(s) 'daily_multi_source_pipeline' retrieved from /opt/airflow/dags/daily_multi_source_pipeline.py
[2025-10-16T21:52:03.247+0000] {logging_mixin.py:188} INFO - [2025-10-16T21:52:03.247+0000] {dag.py:3096} INFO - Sync 1 DAGs
[2025-10-16T21:52:03.274+0000] {logging_mixin.py:188} INFO - [2025-10-16T21:52:03.274+0000] {dag.py:3954} INFO - Setting next_dagrun for daily_multi_source_pipeline to 2025-10-15 00:00:00+00:00, run_after=2025-10-16 00:00:00+00:00
[2025-10-16T21:52:03.294+0000] {processor.py:183} INFO - Processing /opt/airflow/dags/daily_multi_source_pipeline.py took 0.502 seconds
[2025-10-16T21:52:33.457+0000] {processor.py:161} INFO - Started process (PID=459) to work on /opt/airflow/dags/daily_multi_source_pipeline.py
[2025-10-16T21:52:33.458+0000] {processor.py:830} INFO - Processing file /opt/airflow/dags/daily_multi_source_pipeline.py for tasks to queue
[2025-10-16T21:52:33.462+0000] {logging_mixin.py:188} INFO - [2025-10-16T21:52:33.461+0000] {dagbag.py:540} INFO - Filling up the DagBag from /opt/airflow/dags/daily_multi_source_pipeline.py
[2025-10-16T21:52:33.909+0000] {processor.py:840} INFO - DAG(s) 'daily_multi_source_pipeline' retrieved from /opt/airflow/dags/daily_multi_source_pipeline.py
[2025-10-16T21:52:33.946+0000] {logging_mixin.py:188} INFO - [2025-10-16T21:52:33.945+0000] {dag.py:3096} INFO - Sync 1 DAGs
[2025-10-16T21:52:33.976+0000] {logging_mixin.py:188} INFO - [2025-10-16T21:52:33.976+0000] {dag.py:3954} INFO - Setting next_dagrun for daily_multi_source_pipeline to 2025-10-15 00:00:00+00:00, run_after=2025-10-16 00:00:00+00:00
[2025-10-16T21:52:33.999+0000] {processor.py:183} INFO - Processing /opt/airflow/dags/daily_multi_source_pipeline.py took 0.553 seconds
[2025-10-16T21:53:04.081+0000] {processor.py:161} INFO - Started process (PID=461) to work on /opt/airflow/dags/daily_multi_source_pipeline.py
[2025-10-16T21:53:04.083+0000] {processor.py:830} INFO - Processing file /opt/airflow/dags/daily_multi_source_pipeline.py for tasks to queue
[2025-10-16T21:53:04.085+0000] {logging_mixin.py:188} INFO - [2025-10-16T21:53:04.085+0000] {dagbag.py:540} INFO - Filling up the DagBag from /opt/airflow/dags/daily_multi_source_pipeline.py
[2025-10-16T21:53:04.480+0000] {processor.py:840} INFO - DAG(s) 'daily_multi_source_pipeline' retrieved from /opt/airflow/dags/daily_multi_source_pipeline.py
[2025-10-16T21:53:04.518+0000] {logging_mixin.py:188} INFO - [2025-10-16T21:53:04.518+0000] {dag.py:3096} INFO - Sync 1 DAGs
[2025-10-16T21:53:04.548+0000] {logging_mixin.py:188} INFO - [2025-10-16T21:53:04.548+0000] {dag.py:3954} INFO - Setting next_dagrun for daily_multi_source_pipeline to 2025-10-15 00:00:00+00:00, run_after=2025-10-16 00:00:00+00:00
[2025-10-16T21:53:04.569+0000] {processor.py:183} INFO - Processing /opt/airflow/dags/daily_multi_source_pipeline.py took 0.497 seconds
[2025-10-16T21:53:34.725+0000] {processor.py:161} INFO - Started process (PID=463) to work on /opt/airflow/dags/daily_multi_source_pipeline.py
[2025-10-16T21:53:34.727+0000] {processor.py:830} INFO - Processing file /opt/airflow/dags/daily_multi_source_pipeline.py for tasks to queue
[2025-10-16T21:53:34.730+0000] {logging_mixin.py:188} INFO - [2025-10-16T21:53:34.729+0000] {dagbag.py:540} INFO - Filling up the DagBag from /opt/airflow/dags/daily_multi_source_pipeline.py
[2025-10-16T21:53:35.132+0000] {processor.py:840} INFO - DAG(s) 'daily_multi_source_pipeline' retrieved from /opt/airflow/dags/daily_multi_source_pipeline.py
[2025-10-16T21:53:35.166+0000] {logging_mixin.py:188} INFO - [2025-10-16T21:53:35.166+0000] {dag.py:3096} INFO - Sync 1 DAGs
[2025-10-16T21:53:35.195+0000] {logging_mixin.py:188} INFO - [2025-10-16T21:53:35.195+0000] {dag.py:3954} INFO - Setting next_dagrun for daily_multi_source_pipeline to 2025-10-15 00:00:00+00:00, run_after=2025-10-16 00:00:00+00:00
[2025-10-16T21:53:35.217+0000] {processor.py:183} INFO - Processing /opt/airflow/dags/daily_multi_source_pipeline.py took 0.501 seconds
[2025-10-16T21:54:05.374+0000] {processor.py:161} INFO - Started process (PID=465) to work on /opt/airflow/dags/daily_multi_source_pipeline.py
[2025-10-16T21:54:05.375+0000] {processor.py:830} INFO - Processing file /opt/airflow/dags/daily_multi_source_pipeline.py for tasks to queue
[2025-10-16T21:54:05.378+0000] {logging_mixin.py:188} INFO - [2025-10-16T21:54:05.377+0000] {dagbag.py:540} INFO - Filling up the DagBag from /opt/airflow/dags/daily_multi_source_pipeline.py
[2025-10-16T21:54:05.778+0000] {processor.py:840} INFO - DAG(s) 'daily_multi_source_pipeline' retrieved from /opt/airflow/dags/daily_multi_source_pipeline.py
[2025-10-16T21:54:05.815+0000] {logging_mixin.py:188} INFO - [2025-10-16T21:54:05.814+0000] {dag.py:3096} INFO - Sync 1 DAGs
[2025-10-16T21:54:05.844+0000] {logging_mixin.py:188} INFO - [2025-10-16T21:54:05.843+0000] {dag.py:3954} INFO - Setting next_dagrun for daily_multi_source_pipeline to 2025-10-15 00:00:00+00:00, run_after=2025-10-16 00:00:00+00:00
[2025-10-16T21:54:05.864+0000] {processor.py:183} INFO - Processing /opt/airflow/dags/daily_multi_source_pipeline.py took 0.499 seconds
[2025-10-16T21:54:35.988+0000] {processor.py:161} INFO - Started process (PID=467) to work on /opt/airflow/dags/daily_multi_source_pipeline.py
[2025-10-16T21:54:35.989+0000] {processor.py:830} INFO - Processing file /opt/airflow/dags/daily_multi_source_pipeline.py for tasks to queue
[2025-10-16T21:54:35.992+0000] {logging_mixin.py:188} INFO - [2025-10-16T21:54:35.991+0000] {dagbag.py:540} INFO - Filling up the DagBag from /opt/airflow/dags/daily_multi_source_pipeline.py
[2025-10-16T21:54:36.390+0000] {processor.py:840} INFO - DAG(s) 'daily_multi_source_pipeline' retrieved from /opt/airflow/dags/daily_multi_source_pipeline.py
[2025-10-16T21:54:36.425+0000] {logging_mixin.py:188} INFO - [2025-10-16T21:54:36.424+0000] {dag.py:3096} INFO - Sync 1 DAGs
[2025-10-16T21:54:36.452+0000] {logging_mixin.py:188} INFO - [2025-10-16T21:54:36.452+0000] {dag.py:3954} INFO - Setting next_dagrun for daily_multi_source_pipeline to 2025-10-15 00:00:00+00:00, run_after=2025-10-16 00:00:00+00:00
[2025-10-16T21:54:36.473+0000] {processor.py:183} INFO - Processing /opt/airflow/dags/daily_multi_source_pipeline.py took 0.494 seconds
[2025-10-16T21:55:06.631+0000] {processor.py:161} INFO - Started process (PID=469) to work on /opt/airflow/dags/daily_multi_source_pipeline.py
[2025-10-16T21:55:06.633+0000] {processor.py:830} INFO - Processing file /opt/airflow/dags/daily_multi_source_pipeline.py for tasks to queue
[2025-10-16T21:55:06.635+0000] {logging_mixin.py:188} INFO - [2025-10-16T21:55:06.635+0000] {dagbag.py:540} INFO - Filling up the DagBag from /opt/airflow/dags/daily_multi_source_pipeline.py
[2025-10-16T21:55:07.037+0000] {processor.py:840} INFO - DAG(s) 'daily_multi_source_pipeline' retrieved from /opt/airflow/dags/daily_multi_source_pipeline.py
[2025-10-16T21:55:07.070+0000] {logging_mixin.py:188} INFO - [2025-10-16T21:55:07.070+0000] {dag.py:3096} INFO - Sync 1 DAGs
[2025-10-16T21:55:07.096+0000] {logging_mixin.py:188} INFO - [2025-10-16T21:55:07.096+0000] {dag.py:3954} INFO - Setting next_dagrun for daily_multi_source_pipeline to 2025-10-15 00:00:00+00:00, run_after=2025-10-16 00:00:00+00:00
[2025-10-16T21:55:07.118+0000] {processor.py:183} INFO - Processing /opt/airflow/dags/daily_multi_source_pipeline.py took 0.496 seconds
[2025-10-16T21:55:37.263+0000] {processor.py:161} INFO - Started process (PID=471) to work on /opt/airflow/dags/daily_multi_source_pipeline.py
[2025-10-16T21:55:37.264+0000] {processor.py:830} INFO - Processing file /opt/airflow/dags/daily_multi_source_pipeline.py for tasks to queue
[2025-10-16T21:55:37.267+0000] {logging_mixin.py:188} INFO - [2025-10-16T21:55:37.266+0000] {dagbag.py:540} INFO - Filling up the DagBag from /opt/airflow/dags/daily_multi_source_pipeline.py
[2025-10-16T21:55:37.673+0000] {processor.py:840} INFO - DAG(s) 'daily_multi_source_pipeline' retrieved from /opt/airflow/dags/daily_multi_source_pipeline.py
[2025-10-16T21:55:37.706+0000] {logging_mixin.py:188} INFO - [2025-10-16T21:55:37.706+0000] {dag.py:3096} INFO - Sync 1 DAGs
[2025-10-16T21:55:37.733+0000] {logging_mixin.py:188} INFO - [2025-10-16T21:55:37.732+0000] {dag.py:3954} INFO - Setting next_dagrun for daily_multi_source_pipeline to 2025-10-15 00:00:00+00:00, run_after=2025-10-16 00:00:00+00:00
[2025-10-16T21:55:37.754+0000] {processor.py:183} INFO - Processing /opt/airflow/dags/daily_multi_source_pipeline.py took 0.500 seconds
[2025-10-16T21:56:07.903+0000] {processor.py:161} INFO - Started process (PID=473) to work on /opt/airflow/dags/daily_multi_source_pipeline.py
[2025-10-16T21:56:07.904+0000] {processor.py:830} INFO - Processing file /opt/airflow/dags/daily_multi_source_pipeline.py for tasks to queue
[2025-10-16T21:56:07.906+0000] {logging_mixin.py:188} INFO - [2025-10-16T21:56:07.906+0000] {dagbag.py:540} INFO - Filling up the DagBag from /opt/airflow/dags/daily_multi_source_pipeline.py
[2025-10-16T21:56:08.331+0000] {processor.py:840} INFO - DAG(s) 'daily_multi_source_pipeline' retrieved from /opt/airflow/dags/daily_multi_source_pipeline.py
[2025-10-16T21:56:08.367+0000] {logging_mixin.py:188} INFO - [2025-10-16T21:56:08.366+0000] {dag.py:3096} INFO - Sync 1 DAGs
[2025-10-16T21:56:08.397+0000] {logging_mixin.py:188} INFO - [2025-10-16T21:56:08.397+0000] {dag.py:3954} INFO - Setting next_dagrun for daily_multi_source_pipeline to 2025-10-15 00:00:00+00:00, run_after=2025-10-16 00:00:00+00:00
[2025-10-16T21:56:08.419+0000] {processor.py:183} INFO - Processing /opt/airflow/dags/daily_multi_source_pipeline.py took 0.525 seconds
[2025-10-16T21:56:38.537+0000] {processor.py:161} INFO - Started process (PID=475) to work on /opt/airflow/dags/daily_multi_source_pipeline.py
[2025-10-16T21:56:38.539+0000] {processor.py:830} INFO - Processing file /opt/airflow/dags/daily_multi_source_pipeline.py for tasks to queue
[2025-10-16T21:56:38.542+0000] {logging_mixin.py:188} INFO - [2025-10-16T21:56:38.541+0000] {dagbag.py:540} INFO - Filling up the DagBag from /opt/airflow/dags/daily_multi_source_pipeline.py
[2025-10-16T21:56:38.950+0000] {processor.py:840} INFO - DAG(s) 'daily_multi_source_pipeline' retrieved from /opt/airflow/dags/daily_multi_source_pipeline.py
[2025-10-16T21:56:38.985+0000] {logging_mixin.py:188} INFO - [2025-10-16T21:56:38.984+0000] {dag.py:3096} INFO - Sync 1 DAGs
[2025-10-16T21:56:39.011+0000] {logging_mixin.py:188} INFO - [2025-10-16T21:56:39.011+0000] {dag.py:3954} INFO - Setting next_dagrun for daily_multi_source_pipeline to 2025-10-15 00:00:00+00:00, run_after=2025-10-16 00:00:00+00:00
[2025-10-16T21:56:39.031+0000] {processor.py:183} INFO - Processing /opt/airflow/dags/daily_multi_source_pipeline.py took 0.503 seconds
[2025-10-16T21:57:09.186+0000] {processor.py:161} INFO - Started process (PID=477) to work on /opt/airflow/dags/daily_multi_source_pipeline.py
[2025-10-16T21:57:09.187+0000] {processor.py:830} INFO - Processing file /opt/airflow/dags/daily_multi_source_pipeline.py for tasks to queue
[2025-10-16T21:57:09.190+0000] {logging_mixin.py:188} INFO - [2025-10-16T21:57:09.189+0000] {dagbag.py:540} INFO - Filling up the DagBag from /opt/airflow/dags/daily_multi_source_pipeline.py
[2025-10-16T21:57:09.593+0000] {processor.py:840} INFO - DAG(s) 'daily_multi_source_pipeline' retrieved from /opt/airflow/dags/daily_multi_source_pipeline.py
[2025-10-16T21:57:09.628+0000] {logging_mixin.py:188} INFO - [2025-10-16T21:57:09.627+0000] {dag.py:3096} INFO - Sync 1 DAGs
[2025-10-16T21:57:09.656+0000] {logging_mixin.py:188} INFO - [2025-10-16T21:57:09.656+0000] {dag.py:3954} INFO - Setting next_dagrun for daily_multi_source_pipeline to 2025-10-15 00:00:00+00:00, run_after=2025-10-16 00:00:00+00:00
[2025-10-16T21:57:09.677+0000] {processor.py:183} INFO - Processing /opt/airflow/dags/daily_multi_source_pipeline.py took 0.499 seconds
[2025-10-16T21:57:39.825+0000] {processor.py:161} INFO - Started process (PID=479) to work on /opt/airflow/dags/daily_multi_source_pipeline.py
[2025-10-16T21:57:39.849+0000] {processor.py:830} INFO - Processing file /opt/airflow/dags/daily_multi_source_pipeline.py for tasks to queue
[2025-10-16T21:57:39.852+0000] {logging_mixin.py:188} INFO - [2025-10-16T21:57:39.852+0000] {dagbag.py:540} INFO - Filling up the DagBag from /opt/airflow/dags/daily_multi_source_pipeline.py
[2025-10-16T21:57:40.261+0000] {processor.py:840} INFO - DAG(s) 'daily_multi_source_pipeline' retrieved from /opt/airflow/dags/daily_multi_source_pipeline.py
[2025-10-16T21:57:40.294+0000] {logging_mixin.py:188} INFO - [2025-10-16T21:57:40.293+0000] {dag.py:3096} INFO - Sync 1 DAGs
[2025-10-16T21:57:40.321+0000] {logging_mixin.py:188} INFO - [2025-10-16T21:57:40.320+0000] {dag.py:3954} INFO - Setting next_dagrun for daily_multi_source_pipeline to 2025-10-15 00:00:00+00:00, run_after=2025-10-16 00:00:00+00:00
[2025-10-16T21:57:40.341+0000] {processor.py:183} INFO - Processing /opt/airflow/dags/daily_multi_source_pipeline.py took 0.527 seconds
[2025-10-16T21:58:10.498+0000] {processor.py:161} INFO - Started process (PID=481) to work on /opt/airflow/dags/daily_multi_source_pipeline.py
[2025-10-16T21:58:10.501+0000] {processor.py:830} INFO - Processing file /opt/airflow/dags/daily_multi_source_pipeline.py for tasks to queue
[2025-10-16T21:58:10.504+0000] {logging_mixin.py:188} INFO - [2025-10-16T21:58:10.503+0000] {dagbag.py:540} INFO - Filling up the DagBag from /opt/airflow/dags/daily_multi_source_pipeline.py
[2025-10-16T21:58:10.909+0000] {processor.py:840} INFO - DAG(s) 'daily_multi_source_pipeline' retrieved from /opt/airflow/dags/daily_multi_source_pipeline.py
[2025-10-16T21:58:10.943+0000] {logging_mixin.py:188} INFO - [2025-10-16T21:58:10.942+0000] {dag.py:3096} INFO - Sync 1 DAGs
[2025-10-16T21:58:10.969+0000] {logging_mixin.py:188} INFO - [2025-10-16T21:58:10.968+0000] {dag.py:3954} INFO - Setting next_dagrun for daily_multi_source_pipeline to 2025-10-15 00:00:00+00:00, run_after=2025-10-16 00:00:00+00:00
[2025-10-16T21:58:10.989+0000] {processor.py:183} INFO - Processing /opt/airflow/dags/daily_multi_source_pipeline.py took 0.500 seconds
[2025-10-16T21:58:41.104+0000] {processor.py:161} INFO - Started process (PID=483) to work on /opt/airflow/dags/daily_multi_source_pipeline.py
[2025-10-16T21:58:41.106+0000] {processor.py:830} INFO - Processing file /opt/airflow/dags/daily_multi_source_pipeline.py for tasks to queue
[2025-10-16T21:58:41.108+0000] {logging_mixin.py:188} INFO - [2025-10-16T21:58:41.108+0000] {dagbag.py:540} INFO - Filling up the DagBag from /opt/airflow/dags/daily_multi_source_pipeline.py
[2025-10-16T21:58:41.521+0000] {processor.py:840} INFO - DAG(s) 'daily_multi_source_pipeline' retrieved from /opt/airflow/dags/daily_multi_source_pipeline.py
[2025-10-16T21:58:41.557+0000] {logging_mixin.py:188} INFO - [2025-10-16T21:58:41.557+0000] {dag.py:3096} INFO - Sync 1 DAGs
[2025-10-16T21:58:41.588+0000] {logging_mixin.py:188} INFO - [2025-10-16T21:58:41.588+0000] {dag.py:3954} INFO - Setting next_dagrun for daily_multi_source_pipeline to 2025-10-15 00:00:00+00:00, run_after=2025-10-16 00:00:00+00:00
[2025-10-16T21:58:41.609+0000] {processor.py:183} INFO - Processing /opt/airflow/dags/daily_multi_source_pipeline.py took 0.514 seconds
[2025-10-16T21:59:11.769+0000] {processor.py:161} INFO - Started process (PID=485) to work on /opt/airflow/dags/daily_multi_source_pipeline.py
[2025-10-16T21:59:11.770+0000] {processor.py:830} INFO - Processing file /opt/airflow/dags/daily_multi_source_pipeline.py for tasks to queue
[2025-10-16T21:59:11.772+0000] {logging_mixin.py:188} INFO - [2025-10-16T21:59:11.772+0000] {dagbag.py:540} INFO - Filling up the DagBag from /opt/airflow/dags/daily_multi_source_pipeline.py
[2025-10-16T21:59:12.170+0000] {processor.py:840} INFO - DAG(s) 'daily_multi_source_pipeline' retrieved from /opt/airflow/dags/daily_multi_source_pipeline.py
[2025-10-16T21:59:12.206+0000] {logging_mixin.py:188} INFO - [2025-10-16T21:59:12.205+0000] {dag.py:3096} INFO - Sync 1 DAGs
[2025-10-16T21:59:12.235+0000] {logging_mixin.py:188} INFO - [2025-10-16T21:59:12.234+0000] {dag.py:3954} INFO - Setting next_dagrun for daily_multi_source_pipeline to 2025-10-15 00:00:00+00:00, run_after=2025-10-16 00:00:00+00:00
[2025-10-16T21:59:12.263+0000] {processor.py:183} INFO - Processing /opt/airflow/dags/daily_multi_source_pipeline.py took 0.503 seconds
[2025-10-16T21:59:42.401+0000] {processor.py:161} INFO - Started process (PID=487) to work on /opt/airflow/dags/daily_multi_source_pipeline.py
[2025-10-16T21:59:42.402+0000] {processor.py:830} INFO - Processing file /opt/airflow/dags/daily_multi_source_pipeline.py for tasks to queue
[2025-10-16T21:59:42.404+0000] {logging_mixin.py:188} INFO - [2025-10-16T21:59:42.404+0000] {dagbag.py:540} INFO - Filling up the DagBag from /opt/airflow/dags/daily_multi_source_pipeline.py
[2025-10-16T21:59:42.825+0000] {processor.py:840} INFO - DAG(s) 'daily_multi_source_pipeline' retrieved from /opt/airflow/dags/daily_multi_source_pipeline.py
[2025-10-16T21:59:42.859+0000] {logging_mixin.py:188} INFO - [2025-10-16T21:59:42.859+0000] {dag.py:3096} INFO - Sync 1 DAGs
[2025-10-16T21:59:42.887+0000] {logging_mixin.py:188} INFO - [2025-10-16T21:59:42.887+0000] {dag.py:3954} INFO - Setting next_dagrun for daily_multi_source_pipeline to 2025-10-15 00:00:00+00:00, run_after=2025-10-16 00:00:00+00:00
[2025-10-16T21:59:42.908+0000] {processor.py:183} INFO - Processing /opt/airflow/dags/daily_multi_source_pipeline.py took 0.516 seconds
[2025-10-16T22:00:13.060+0000] {processor.py:161} INFO - Started process (PID=489) to work on /opt/airflow/dags/daily_multi_source_pipeline.py
[2025-10-16T22:00:13.061+0000] {processor.py:830} INFO - Processing file /opt/airflow/dags/daily_multi_source_pipeline.py for tasks to queue
[2025-10-16T22:00:13.064+0000] {logging_mixin.py:188} INFO - [2025-10-16T22:00:13.063+0000] {dagbag.py:540} INFO - Filling up the DagBag from /opt/airflow/dags/daily_multi_source_pipeline.py
[2025-10-16T22:00:13.469+0000] {processor.py:840} INFO - DAG(s) 'daily_multi_source_pipeline' retrieved from /opt/airflow/dags/daily_multi_source_pipeline.py
[2025-10-16T22:00:13.503+0000] {logging_mixin.py:188} INFO - [2025-10-16T22:00:13.503+0000] {dag.py:3096} INFO - Sync 1 DAGs
[2025-10-16T22:00:13.530+0000] {logging_mixin.py:188} INFO - [2025-10-16T22:00:13.530+0000] {dag.py:3954} INFO - Setting next_dagrun for daily_multi_source_pipeline to 2025-10-15 00:00:00+00:00, run_after=2025-10-16 00:00:00+00:00
[2025-10-16T22:00:13.552+0000] {processor.py:183} INFO - Processing /opt/airflow/dags/daily_multi_source_pipeline.py took 0.500 seconds
[2025-10-16T22:00:43.675+0000] {processor.py:161} INFO - Started process (PID=491) to work on /opt/airflow/dags/daily_multi_source_pipeline.py
[2025-10-16T22:00:43.676+0000] {processor.py:830} INFO - Processing file /opt/airflow/dags/daily_multi_source_pipeline.py for tasks to queue
[2025-10-16T22:00:43.679+0000] {logging_mixin.py:188} INFO - [2025-10-16T22:00:43.679+0000] {dagbag.py:540} INFO - Filling up the DagBag from /opt/airflow/dags/daily_multi_source_pipeline.py
[2025-10-16T22:00:44.084+0000] {processor.py:840} INFO - DAG(s) 'daily_multi_source_pipeline' retrieved from /opt/airflow/dags/daily_multi_source_pipeline.py
[2025-10-16T22:00:44.117+0000] {logging_mixin.py:188} INFO - [2025-10-16T22:00:44.116+0000] {dag.py:3096} INFO - Sync 1 DAGs
[2025-10-16T22:00:44.147+0000] {logging_mixin.py:188} INFO - [2025-10-16T22:00:44.147+0000] {dag.py:3954} INFO - Setting next_dagrun for daily_multi_source_pipeline to 2025-10-15 00:00:00+00:00, run_after=2025-10-16 00:00:00+00:00
[2025-10-16T22:00:44.169+0000] {processor.py:183} INFO - Processing /opt/airflow/dags/daily_multi_source_pipeline.py took 0.503 seconds
[2025-10-16T22:01:14.334+0000] {processor.py:161} INFO - Started process (PID=493) to work on /opt/airflow/dags/daily_multi_source_pipeline.py
[2025-10-16T22:01:14.338+0000] {processor.py:830} INFO - Processing file /opt/airflow/dags/daily_multi_source_pipeline.py for tasks to queue
[2025-10-16T22:01:14.340+0000] {logging_mixin.py:188} INFO - [2025-10-16T22:01:14.340+0000] {dagbag.py:540} INFO - Filling up the DagBag from /opt/airflow/dags/daily_multi_source_pipeline.py
[2025-10-16T22:01:14.794+0000] {processor.py:840} INFO - DAG(s) 'daily_multi_source_pipeline' retrieved from /opt/airflow/dags/daily_multi_source_pipeline.py
[2025-10-16T22:01:14.828+0000] {logging_mixin.py:188} INFO - [2025-10-16T22:01:14.828+0000] {dag.py:3096} INFO - Sync 1 DAGs
[2025-10-16T22:01:14.869+0000] {logging_mixin.py:188} INFO - [2025-10-16T22:01:14.868+0000] {dag.py:3954} INFO - Setting next_dagrun for daily_multi_source_pipeline to 2025-10-15 00:00:00+00:00, run_after=2025-10-16 00:00:00+00:00
[2025-10-16T22:01:14.890+0000] {processor.py:183} INFO - Processing /opt/airflow/dags/daily_multi_source_pipeline.py took 0.565 seconds
[2025-10-16T22:01:44.955+0000] {processor.py:161} INFO - Started process (PID=495) to work on /opt/airflow/dags/daily_multi_source_pipeline.py
[2025-10-16T22:01:44.956+0000] {processor.py:830} INFO - Processing file /opt/airflow/dags/daily_multi_source_pipeline.py for tasks to queue
[2025-10-16T22:01:44.959+0000] {logging_mixin.py:188} INFO - [2025-10-16T22:01:44.958+0000] {dagbag.py:540} INFO - Filling up the DagBag from /opt/airflow/dags/daily_multi_source_pipeline.py
[2025-10-16T22:01:45.381+0000] {processor.py:840} INFO - DAG(s) 'daily_multi_source_pipeline' retrieved from /opt/airflow/dags/daily_multi_source_pipeline.py
[2025-10-16T22:01:45.416+0000] {logging_mixin.py:188} INFO - [2025-10-16T22:01:45.416+0000] {dag.py:3096} INFO - Sync 1 DAGs
[2025-10-16T22:01:45.443+0000] {logging_mixin.py:188} INFO - [2025-10-16T22:01:45.442+0000] {dag.py:3954} INFO - Setting next_dagrun for daily_multi_source_pipeline to 2025-10-15 00:00:00+00:00, run_after=2025-10-16 00:00:00+00:00
[2025-10-16T22:01:45.463+0000] {processor.py:183} INFO - Processing /opt/airflow/dags/daily_multi_source_pipeline.py took 0.517 seconds
[2025-10-16T22:02:15.619+0000] {processor.py:161} INFO - Started process (PID=497) to work on /opt/airflow/dags/daily_multi_source_pipeline.py
[2025-10-16T22:02:15.620+0000] {processor.py:830} INFO - Processing file /opt/airflow/dags/daily_multi_source_pipeline.py for tasks to queue
[2025-10-16T22:02:15.623+0000] {logging_mixin.py:188} INFO - [2025-10-16T22:02:15.622+0000] {dagbag.py:540} INFO - Filling up the DagBag from /opt/airflow/dags/daily_multi_source_pipeline.py
[2025-10-16T22:02:16.026+0000] {processor.py:840} INFO - DAG(s) 'daily_multi_source_pipeline' retrieved from /opt/airflow/dags/daily_multi_source_pipeline.py
[2025-10-16T22:02:16.059+0000] {logging_mixin.py:188} INFO - [2025-10-16T22:02:16.059+0000] {dag.py:3096} INFO - Sync 1 DAGs
[2025-10-16T22:02:16.085+0000] {logging_mixin.py:188} INFO - [2025-10-16T22:02:16.085+0000] {dag.py:3954} INFO - Setting next_dagrun for daily_multi_source_pipeline to 2025-10-15 00:00:00+00:00, run_after=2025-10-16 00:00:00+00:00
[2025-10-16T22:02:16.104+0000] {processor.py:183} INFO - Processing /opt/airflow/dags/daily_multi_source_pipeline.py took 0.494 seconds
[2025-10-16T22:02:21.655+0000] {processor.py:161} INFO - Started process (PID=499) to work on /opt/airflow/dags/daily_multi_source_pipeline.py
[2025-10-16T22:02:21.657+0000] {processor.py:830} INFO - Processing file /opt/airflow/dags/daily_multi_source_pipeline.py for tasks to queue
[2025-10-16T22:02:21.660+0000] {logging_mixin.py:188} INFO - [2025-10-16T22:02:21.659+0000] {dagbag.py:540} INFO - Filling up the DagBag from /opt/airflow/dags/daily_multi_source_pipeline.py
[2025-10-16T22:02:22.311+0000] {processor.py:840} INFO - DAG(s) 'daily_multi_source_pipeline' retrieved from /opt/airflow/dags/daily_multi_source_pipeline.py
[2025-10-16T22:02:22.367+0000] {logging_mixin.py:188} INFO - [2025-10-16T22:02:22.366+0000] {dag.py:3096} INFO - Sync 1 DAGs
[2025-10-16T22:02:22.410+0000] {logging_mixin.py:188} INFO - [2025-10-16T22:02:22.410+0000] {dag.py:3954} INFO - Setting next_dagrun for daily_multi_source_pipeline to 2025-10-15 00:00:00+00:00, run_after=2025-10-16 00:00:00+00:00
[2025-10-16T22:02:22.441+0000] {processor.py:183} INFO - Processing /opt/airflow/dags/daily_multi_source_pipeline.py took 0.798 seconds
