ship_id,ship_type,capacity_ton,speed_knots,fuel_consumption_td,operating_cost_usd_d,origin_port,destination_port,distance_nm,travel_time_days,loading_time_days,unloading_time_days,total_time_days,fuel_cost_usd,port_cost_usd,total_cost_usd,revenue_usd,profit_usd,maintenance_due,utilization_rate,fuel_efficiency
SHIP_000,Graneleiro,21854.31,24.51,78.56,13979.88,Rio Grande,Manaus,890.05,36.32,1.31,1.12,38.75,1854522.95,44647.05,2440834.33,3271806.62,830972.29,False,0.8278109655320984,10577.61
SHIP_001,Graneleiro,7538.52,22.22,95.08,5011.68,Santos,Manaus,2980.53,134.14,2.23,2.22,138.6,8290320.34,10282.65,8995199.78,9977700.21,982500.43,False,0.8141485131528328,10332.95
SHIP_002,Granelheiro,11277.22,17.92,49.31,11841.05,Rio de Janeiro,Santos,2462.94,137.43,1.4,2.03,140.86,4404735.6,33696.58,6106333.63,6830423.68,724090.05,False,0.8381076385057229,14684.76
SHIP_003,Graneleiro,25272.47,15.13,95.38,13449.32,Paranaguá,Rio Grande,1463.54,96.71,1.03,1.46,99.21,5995744.17,19641.02,7349663.83,10093333.08,2743669.25,False,0.7733119185389445,28766.83
SHIP_004,Petroleiro,6547.48,24.09,40.7,14937.83,Santos,Itajaí,1279.28,53.1,2.04,2.09,57.23,1404764.83,17394.18,2277060.1,3387887.1,1110827.0,False,0.757413946679418,27291.44
SHIP_005,Granelheiro,22781.76,24.27,78.18,9898.11,Rio Grande,Fortaleza,1926.11,79.37,2.04,2.92,84.34,4033584.33,43781.35,4912142.02,6871733.23,1959591.21,False,0.8053629079823468,25064.56
SHIP_006,Container,48436.49,21.07,42.08,9444.1,Rio de Janeiro,Paranaguá,913.17,43.34,1.03,1.85,46.22,1185406.19,25795.26,1647680.16,2005878.03,358197.87,False,0.885411499959192,8512.32
SHIP_007,Container,36808.58,22.29,81.7,6110.67,Itajaí,Paranaguá,1396.16,62.64,1.23,2.73,66.59,3326359.13,34931.93,3768225.59,4643807.51,875581.92,False,0.7297863882693932,10716.82
SHIP_008,Petroleiro,35097.86,21.66,67.3,9120.83,Manaus,Rio de Janeiro,1903.11,87.87,1.77,2.94,92.58,3843914.95,43956.55,4732234.26,6571614.96,1839380.69,False,0.7728284587275367,27329.51
SHIP_009,Petroleiro,28522.98,19.28,22.03,6618.37,Rio Grande,Rio de Janeiro,578.57,30.02,2.27,1.63,33.92,429884.66,30342.83,684707.09,1001744.68,317037.59,False,0.811546082747236,14388.87
SHIP_010,Container,29292.85,17.03,95.43,13982.98,Recife,Paranaguá,2236.96,131.35,2.76,2.25,136.36,8147397.19,21825.35,10075929.93,11508704.03,1432774.1,False,0.88128522691469,15014.14
SHIP_011,Gaseiro,13395.65,23.93,63.15,17111.6,Rio Grande,Santos,2740.23,114.53,1.64,1.22,117.39,4701027.28,19117.41,6728830.9,8551288.43,1822457.52,False,0.9012557041397202,28860.38
SHIP_012,Graneleiro,5312.85,20.11,53.39,8331.62,Manaus,Fortaleza,799.66,39.77,1.68,2.89,44.33,1380214.04,22928.12,1772487.02,2317555.58,545068.56,False,0.7272703608327529,10208.64
SHIP_013,Graneleiro,48730.19,24.62,40.14,12458.73,Paranaguá,Rio de Janeiro,1252.2,50.85,1.57,1.07,53.5,1326856.54,34382.57,2027720.4,2638209.44,610489.04,False,0.6115677565151919,15208.02
SHIP_014,Container,20528.21,21.34,74.46,12964.02,Fortaleza,Paranaguá,1619.46,75.88,2.11,2.19,80.17,3672141.05,13234.13,4724662.48,5895725.74,1171063.26,False,0.8548757220141507,15728.17
SHIP_015,Gaseiro,21550.24,21.32,70.68,13036.62,Fortaleza,Paranaguá,725.72,34.03,2.67,1.64,38.35,1563675.92,17460.74,2081050.5,2323097.6,242047.1,False,0.7140856168206596,3424.43
SHIP_016,Gaseiro,14910.85,22.11,84.76,10229.99,Paranaguá,Rio Grande,740.44,33.49,2.88,1.8,38.16,1844918.99,30710.05,2266035.19,3251950.94,985915.75,False,0.7193732228675904,11631.84
SHIP_017,Granelheiro,10106.31,24.25,90.19,8869.12,Manaus,Salvador,2149.96,88.67,2.63,2.11,93.41,5197943.39,31186.02,6057631.55,7249415.54,1191783.98,False,0.9378967729510777,13214.57
SHIP_018,Petroleiro,30123.21,23.83,35.1,9183.07,Rio de Janeiro,Santos,2250.89,94.47,2.69,2.71,99.88,2155139.6,26180.33,3098494.93,4508644.89,1410149.95,False,0.9274722479773316,40179.14
SHIP_019,Petroleiro,40340.33,21.69,66.45,10584.24,Manaus,Salvador,2850.33,131.41,2.95,1.57,135.93,5676479.22,22214.55,7137390.87,9237536.03,2100145.16,False,0.8281864408259101,31602.55
SHIP_020,Gaseiro,15092.12,22.12,38.98,9881.0,Salvador,Fortaleza,2366.23,106.96,2.3,2.7,111.96,2710133.92,36304.52,3852728.55,5113816.91,1261088.37,False,0.778084926893566,32352.25
SHIP_021,Gaseiro,33634.97,17.5,67.19,19683.39,Manaus,Rio Grande,1716.86,98.08,2.81,1.87,102.76,4283481.77,24003.14,6330172.5,8596635.98,2266463.48,False,0.902458647775166,33732.32
SHIP_022,Container,15358.34,19.99,65.76,16528.31,Belém,Rio de Janeiro,609.01,30.46,2.99,1.94,35.39,1302106.75,21182.41,1908254.95,2773453.18,865198.23,False,0.9249114969057038,13156.84
SHIP_023,Granelheiro,24268.29,24.67,97.09,17795.14,Rio Grande,Rio de Janeiro,1236.12,50.11,1.77,2.7,54.59,3162562.36,22676.88,4156600.81,4854066.37,697465.56,False,0.7381420133833152,7183.73
SHIP_024,Graneleiro,42989.59,24.3,25.63,8133.78,Fortaleza,Rio Grande,2177.86,89.62,1.72,1.51,92.85,1493269.35,21811.62,2270292.91,2790236.08,519943.18,False,0.64781746600471,20283.9
SHIP_025,Gaseiro,36900.99,20.53,43.72,11296.71,Manaus,Rio de Janeiro,1140.52,55.56,2.22,1.16,58.94,1578892.66,10207.39,2254982.34,3046836.89,791854.56,False,0.8274873757722178,18111.62
SHIP_026,Petroleiro,36588.51,22.96,91.2,10069.93,Fortaleza,Itajaí,1438.96,62.68,1.19,2.16,66.02,3715570.42,11437.69,4391850.33,5648970.09,1257119.76,False,0.9436443109086858,13784.14
SHIP_027,Granelheiro,42752.01,23.6,40.02,5582.52,Belém,Fortaleza,1258.16,53.3,2.07,1.65,57.03,1386571.75,43114.76,1748059.66,2112734.91,364675.25,True,0.7600428065648049,9112.3
SHIP_028,Gaseiro,42891.04,16.94,52.91,15492.68,Salvador,Santos,845.88,49.92,1.27,2.94,54.13,1716866.79,38583.8,2594029.41,2896044.49,302015.08,False,0.7517322581532597,5708.27
SHIP_029,Container,38481.92,17.51,34.75,6213.09,Rio de Janeiro,Itajaí,1570.79,89.72,2.38,1.12,93.21,2026246.92,46608.55,2651968.58,3386407.12,734438.54,False,0.7922293326471421,21136.93
SHIP_030,Gaseiro,37156.82,21.6,42.39,19322.98,Manaus,Salvador,2344.74,108.54,2.11,2.22,112.88,2991071.03,26784.0,5198938.53,6234007.66,1035069.13,False,0.6555262566748719,24415.05
SHIP_031,Container,10407.41,18.42,27.34,6412.35,Belém,Manaus,1278.53,69.41,2.96,1.35,73.72,1233743.84,10686.44,1717176.49,2413226.71,696050.22,False,0.765715119773198,25455.39
SHIP_032,Gaseiro,12794.08,19.34,51.88,14237.75,Santos,Salvador,2087.73,107.96,1.09,1.75,110.8,3640562.82,35034.4,5253099.34,6835619.18,1582519.83,True,0.7887821069400218,30503.24
SHIP_033,Petroleiro,35778.37,21.16,95.51,19163.77,Rio de Janeiro,Salvador,2668.0,126.1,2.27,2.6,130.97,7828319.07,37086.73,10375293.05,13792362.79,3417069.74,False,0.7603885116720308,35776.59
SHIP_034,Container,29552.76,24.41,50.89,19417.86,Manaus,Rio Grande,2763.38,113.19,1.39,1.14,115.72,3743864.72,14031.12,6004842.96,6649094.94,644251.98,False,0.7177939752110543,12660.14
SHIP_035,Petroleiro,34507.52,18.85,74.53,10109.37,Fortaleza,Belém,1151.74,61.09,1.99,2.39,65.47,2959303.68,23933.46,3645047.69,5375203.33,1730155.64,False,0.7462811111004526,23214.5
SHIP_036,Petroleiro,48541.12,20.48,53.88,13527.8,Santos,Manaus,1939.81,94.72,2.46,1.26,98.44,3317093.64,20000.66,4668735.24,6219771.28,1551036.04,False,0.9257650639612476,28788.1
SHIP_037,Container,43628.57,19.29,80.07,16318.14,Manaus,Rio de Janeiro,757.81,39.29,2.81,2.01,44.1,2044611.22,43058.3,2807313.29,3447436.42,640123.13,False,0.6349947105066521,7994.58
SHIP_038,Gaseiro,7406.84,24.59,87.77,10323.58,Manaus,Belém,2892.0,117.63,2.35,1.97,121.95,6711007.36,29721.03,7999682.4,9066150.18,1066467.78,False,0.7026237700943225,12150.51
SHIP_039,Container,19789.9,21.73,80.19,16873.69,Salvador,Rio de Janeiro,2474.05,113.88,1.18,1.99,117.05,5935776.62,12302.35,7923150.52,10457065.6,2533915.07,True,0.857962444876853,31598.91
SHIP_040,Granelheiro,29566.21,22.06,97.49,15320.45,Manaus,Salvador,2592.41,117.53,2.73,2.68,122.94,7447565.53,27043.66,9358043.77,11127000.09,1768956.32,True,0.8876510207516246,18144.6
SHIP_041,Container,36780.9,15.81,26.79,19799.59,Manaus,Salvador,1435.68,90.79,1.74,2.63,95.16,1580763.08,47889.94,3512683.63,5249355.91,1736672.28,True,0.7225763863451097,64832.61
SHIP_042,Graneleiro,36868.15,19.82,50.24,15576.27,Itajaí,Rio Grande,1121.81,56.61,1.66,1.87,60.14,1848601.01,20147.29,2805486.82,3540751.15,735264.33,False,0.859340851318734,14635.33
SHIP_043,Petroleiro,39523.77,23.23,79.54,15215.59,Fortaleza,Rio de Janeiro,1093.77,47.09,1.8,1.96,50.84,2434426.52,13315.65,3221368.79,4224335.68,1002966.89,True,0.8807382371593568,12610.08
SHIP_044,Container,49005.53,20.56,45.81,5651.01,Recife,Belém,2811.61,136.75,2.84,1.51,141.1,4072403.95,37816.44,4907551.34,5546386.04,638834.7,False,0.8202895233473418,13943.82
SHIP_045,Gaseiro,36308.69,19.55,70.2,13764.71,Belém,Rio de Janeiro,2752.9,140.85,1.09,1.56,143.5,6427233.3,48016.46,8450471.56,12304778.23,3854306.67,False,0.6373646230775595,54901.02
SHIP_046,Graneleiro,20104.7,16.7,71.75,10824.03,Recife,Santos,1073.49,64.29,1.53,1.72,67.55,2998374.51,20397.99,3749887.17,4804716.7,1054829.53,False,0.7876337282204421,14701.89
SHIP_047,Gaseiro,18928.74,23.14,74.78,7439.25,Belém,Itajaí,2777.32,120.03,2.65,2.9,125.58,5834327.32,39028.78,6807560.46,9158660.91,2351100.46,False,0.6289619470123571,31440.86
SHIP_048,Petroleiro,44449.77,20.52,33.19,11168.83,Rio de Janeiro,Fortaleza,2444.01,119.13,1.96,2.97,124.06,2569745.14,25069.56,3980406.28,5571897.38,1591491.1,False,0.9394700392351111,47955.63
SHIP_049,Granelheiro,42895.35,23.38,57.5,11222.29,Fortaleza,Rio de Janeiro,1183.52,50.61,1.11,2.73,54.46,1891542.24,42516.04,2545179.71,3817482.14,1272302.43,True,0.7944010969609195,22128.75
SHIP_050,Granelheiro,39604.43,24.45,87.97,8710.22,Santos,Rio Grande,1626.36,66.52,1.26,2.91,70.69,3803963.29,34246.99,4453941.06,5306679.8,852738.74,False,0.6164137637269269,9693.32
SHIP_051,Petroleiro,17090.26,15.22,59.85,12143.16,Salvador,Recife,2578.43,169.39,1.62,2.63,173.64,6590048.43,48718.95,8747285.42,9931346.75,1184061.33,False,0.8064845639981726,19782.75
SHIP_052,Container,26602.07,19.21,82.77,14590.42,Rio Grande,Rio de Janeiro,2512.61,130.83,2.81,2.23,135.87,7038942.9,49218.51,9070554.71,12183887.82,3113333.11,False,0.7372854157849063,37612.7
SHIP_053,Container,24686.37,24.04,47.86,12709.84,Rio de Janeiro,Salvador,2459.13,102.29,1.79,2.24,106.32,3182063.36,44494.55,4577917.58,6774440.2,2196522.62,True,0.7607713827811603,45894.33
SHIP_054,Petroleiro,42894.11,22.69,25.3,5687.92,Recife,Manaus,2052.01,90.44,1.69,1.42,93.55,1487223.48,33186.0,2052533.12,2538214.36,485681.23,False,0.6448160436352204,19197.74
SHIP_055,Gaseiro,11835.62,16.39,71.27,7728.2,Manaus,Santos,1364.17,83.24,2.79,1.95,87.98,3856157.46,36702.31,4572802.5,5345276.65,772474.15,False,0.6143040156932675,10838.7
SHIP_056,Container,12602.08,17.79,34.16,6330.54,Belém,Manaus,801.59,45.07,1.92,1.41,48.4,1000732.65,24570.79,1331720.76,1733057.33,401336.57,False,0.7125539676380102,11748.44
SHIP_057,Container,9153.08,19.81,75.02,12674.86,Salvador,Fortaleza,892.44,45.05,1.75,1.01,47.81,2196702.38,44732.04,2847376.7,3228375.07,380998.37,False,0.664582356774732,5078.44
SHIP_058,Container,14420.72,18.7,58.76,14273.82,Rio Grande,Manaus,1422.28,76.04,1.93,2.49,80.46,2904315.91,11467.33,4064237.61,4881046.87,816809.25,True,0.8405079268911658,13900.34
SHIP_059,Granelheiro,42999.83,22.5,22.44,18008.22,Rio Grande,Recife,1385.37,61.58,1.79,1.21,64.59,898151.07,39496.21,2100734.08,2463979.47,363245.39,False,0.7127277079541123,16189.01
SHIP_060,Graneleiro,14515.16,18.27,29.58,18357.91,Santos,Recife,1983.98,108.56,2.36,2.58,113.5,2087404.22,29937.69,4200951.45,4767105.76,566154.31,False,0.8053943913073076,19139.14
SHIP_061,Container,38544.78,19.32,30.21,9256.64,Itajaí,Fortaleza,1407.71,72.88,2.29,2.14,77.31,1430849.55,24243.87,2170713.49,3244361.63,1073648.13,False,0.6026370270969261,35543.7
SHIP_062,Granelheiro,15139.98,18.65,59.02,17762.26,Santos,Rio de Janeiro,719.72,38.58,2.61,1.11,42.31,1480296.97,43692.56,2275448.51,2549990.9,274542.4,False,0.7436388894463815,4651.31
SHIP_063,Graneleiro,49207.04,16.12,51.83,19542.06,Fortaleza,Rio Grande,2663.77,165.24,2.63,1.52,169.39,5566758.86,16835.5,8893864.44,12161979.75,3268115.31,False,0.8514600447927938,63056.4
SHIP_064,Granelheiro,29076.65,19.77,87.09,8076.16,Itajaí,Santos,2919.99,147.73,2.42,1.4,151.55,8362233.47,39449.89,9625602.78,12628174.9,3002572.12,True,0.8137170148545714,34478.0
SHIP_065,Petroleiro,17988.37,20.81,32.35,12217.1,Manaus,Santos,1831.47,88.0,1.1,1.67,90.78,1850347.57,15376.59,2974744.79,3347629.02,372884.22,False,0.6706056618155825,11526.91
SHIP_066,Container,35805.72,15.88,31.11,5040.66,Recife,Manaus,791.74,49.86,1.95,2.21,54.02,1008150.85,41771.58,1322220.93,1510875.02,188654.09,False,0.8907167927257051,6064.88
SHIP_067,Gaseiro,48426.21,16.24,78.47,19075.11,Manaus,Paranaguá,953.08,58.68,1.13,2.48,62.29,2992807.24,32978.92,4214009.88,6054400.79,1840390.9,False,0.8897793105121221,23453.61
SHIP_068,Container,38772.59,23.0,86.01,7796.07,Recife,Itajaí,1089.23,47.37,2.27,2.82,52.45,2648160.6,22647.86,3079717.11,4112416.08,1032698.97,False,0.8858098038150519,12006.65
SHIP_069,Petroleiro,24761.07,18.77,57.01,9520.67,Salvador,Rio Grande,2369.02,126.22,2.01,1.46,129.69,4677520.82,45982.98,5958209.67,7468952.39,1510742.72,False,0.623316689336786,26497.57
SHIP_070,Granelheiro,15306.14,20.43,54.52,9992.24,Salvador,Santos,2326.37,113.88,2.39,1.33,117.6,4035804.54,45145.16,5256034.0,6823222.77,1567188.77,False,0.9128624040678351,28744.02
SHIP_071,Granelheiro,40486.87,16.52,44.94,8727.34,Fortaleza,Rio de Janeiro,2359.87,142.88,1.07,2.14,146.08,4173376.44,40498.35,5488798.91,7962634.9,2473836.0,False,0.6360206107604507,55050.27
SHIP_072,Graneleiro,29141.66,18.79,56.56,14059.37,Paranaguá,Fortaleza,1755.72,93.45,2.08,1.97,97.5,3435522.74,26358.21,4832675.23,6808044.73,1975369.5,False,0.824401671509854,34925.19
SHIP_073,Gaseiro,36227.68,20.43,40.14,10185.44,Belém,Recife,953.99,46.7,2.82,2.17,51.69,1218622.46,26034.06,1771098.51,2275511.47,504412.97,False,0.815232592103429,12565.11
SHIP_074,Gaseiro,46033.36,16.39,28.06,8840.23,Salvador,Santos,2315.24,141.25,2.19,1.2,144.64,2576572.27,46750.02,3901969.87,5525321.43,1623351.57,False,0.8475335220096895,57845.52
SHIP_075,Gaseiro,11864.26,20.76,68.54,11361.96,Recife,Rio de Janeiro,2341.11,112.75,2.87,2.85,118.47,5023125.14,28033.57,6397260.9,7326752.32,929491.42,False,0.6579321786285514,13561.85
SHIP_076,Graneleiro,13384.44,23.37,46.57,9671.66,Recife,Rio de Janeiro,1068.49,45.71,2.22,1.76,49.69,1383743.96,39769.99,1904053.88,2251033.27,346979.4,False,0.601621208051611,7450.43
SHIP_077,Petroleiro,20007.46,18.98,62.99,18797.83,Rio Grande,Itajaí,1365.86,71.96,1.69,2.48,76.13,2946247.96,28088.72,4405338.63,5241656.62,836317.99,False,0.6868792549650031,13276.65
SHIP_078,Gaseiro,30993.44,16.66,22.71,9672.1,Fortaleza,Santos,2451.24,147.18,1.56,1.44,150.17,2172573.37,18507.23,3643554.7,4758735.56,1115180.87,False,0.9363746111143092,49104.56
SHIP_079,Petroleiro,11689.82,19.15,26.83,19953.11,Rio Grande,Belém,1755.49,91.69,2.19,1.13,95.01,1598878.44,39998.42,3534687.77,4184936.84,650249.07,False,0.7222854496672665,24237.73
SHIP_080,Container,26070.43,21.25,50.22,17548.47,Salvador,Fortaleza,1968.63,92.64,1.59,2.43,96.66,3024018.07,31105.91,4751339.21,6242225.62,1490886.41,False,0.7958741159578762,29688.24
SHIP_081,Container,11985.81,16.82,88.94,19191.73,Salvador,Santos,1433.27,85.22,1.54,2.29,89.05,4926584.88,26349.37,6661873.01,7395708.58,733835.57,False,0.8939261008097996,8250.64
SHIP_082,Granelheiro,44014.72,19.08,64.14,8808.33,Manaus,Santos,990.28,51.9,2.01,2.19,56.1,2163773.71,23570.85,2681519.51,3560461.02,878941.51,False,0.8284611377481561,13703.95
SHIP_083,Gaseiro,15718.23,15.99,39.45,15834.0,Rio Grande,Paranaguá,2639.24,165.01,2.66,1.79,169.46,4231678.54,36723.41,6951711.27,8216879.05,1265167.78,False,0.7133965213873799,32067.09
SHIP_084,Graneleiro,8911.63,21.33,78.87,17721.92,Recife,Fortaleza,806.94,37.83,2.75,2.29,42.87,1939281.29,38157.85,2737103.42,4007802.6,1270699.17,False,0.7196360730942566,16110.83
SHIP_085,Granelheiro,16674.05,18.8,67.22,9020.95,Rio de Janeiro,Paranaguá,2060.37,109.61,1.82,2.1,113.54,4789542.18,27445.06,5841182.41,7113311.94,1272129.53,False,0.8729155711758108,18923.85
SHIP_086,Container,10140.71,20.66,98.83,12065.98,Rio Grande,Paranaguá,955.27,46.24,1.97,2.02,50.24,2970579.99,39667.48,3616406.5,4988971.42,1372564.92,False,0.6902606899016208,13888.23
SHIP_087,Granelheiro,11271.02,23.35,98.75,12885.35,Salvador,Belém,929.2,39.8,1.54,1.04,42.38,2554432.8,46571.95,3147046.58,3609978.5,462931.92,False,0.774331763728852,4687.81
SHIP_088,Granelheiro,8022.89,19.05,59.8,15803.04,Itajaí,Recife,766.45,40.23,1.28,1.53,43.04,1563596.32,20659.94,2264349.43,3153953.06,889603.63,False,0.8101809011517787,14877.01
SHIP_089,Gaseiro,34926.65,16.75,93.15,11281.56,Itajaí,Rio de Janeiro,1457.85,87.02,2.04,1.09,90.15,5268787.4,16651.33,6302449.53,8793262.33,2490812.8,False,0.6316179362021628,26738.96
SHIP_090,Graneleiro,39694.37,15.68,86.97,11557.9,Santos,Rio Grande,2788.78,177.83,2.44,2.22,182.49,10052269.88,47972.27,12209463.03,15367559.68,3158096.65,False,0.9278904087636652,36314.02
SHIP_091,Petroleiro,37965.74,17.15,22.49,8933.96,Rio Grande,Itajaí,1987.69,115.9,1.1,1.99,119.0,1694701.81,33873.71,2791718.51,3444136.31,652417.79,False,0.7659830580451293,29003.24
SHIP_092,Graneleiro,20497.27,18.52,53.02,15573.88,Recife,Salvador,1995.72,107.79,1.92,1.15,110.86,3714899.2,13110.61,5454499.2,6005053.2,550554.0,False,0.695250798030487,10383.21
SHIP_093,Granelheiro,31560.38,18.61,27.33,18759.7,Rio Grande,Belém,842.05,45.25,2.9,1.89,50.04,803700.52,17405.32,1759843.58,2317292.3,557448.72,False,0.8654373448809884,20399.52
SHIP_094,Container,33752.72,22.59,77.93,14558.47,Itajaí,Paranaguá,2951.44,130.65,2.81,2.29,135.75,6617889.36,37727.01,8631937.53,9673280.0,1041342.47,False,0.613799383978977,13362.83
SHIP_095,Container,36750.88,24.25,34.45,13519.18,Recife,Paranaguá,2788.72,114.99,1.07,2.39,118.45,2574549.92,21893.96,4197787.21,6169733.34,1971946.13,False,0.9304932711897018,57247.42
SHIP_096,Granelheiro,26339.64,23.62,87.56,9786.51,Recife,Manaus,2572.29,108.9,1.07,2.19,112.17,6198272.74,19200.35,7315201.92,8399510.56,1084308.64,False,0.9097494247831484,12383.05
SHIP_097,Graneleiro,28861.93,19.41,52.36,13586.42,Paranaguá,Belém,2509.94,129.31,2.08,2.32,133.71,4400827.76,39514.23,6256978.9,8184549.14,1927570.25,False,0.9068328822518572,36814.61
SHIP_098,Container,23787.77,19.62,99.23,5003.56,Manaus,Rio de Janeiro,963.68,49.12,1.77,2.87,53.75,3168050.32,12801.19,3449802.43,3807871.82,358069.39,False,0.8685159011258944,3608.58
SHIP_099,Graneleiro,23086.89,19.8,70.2,18105.16,Paranaguá,Salvador,2960.21,149.51,2.54,1.84,153.89,6822406.48,26854.28,9635408.31,13441711.8,3806303.49,False,0.6011712267150428,54220.51
SHIP_100,Gaseiro,26028.98,17.97,88.23,15733.3,Paranaguá,Recife,1972.77,109.78,1.55,2.82,114.16,6295593.4,11804.03,8103454.45,9268626.17,1165171.72,False,0.6435531450538997,13206.71
SHIP_101,Gaseiro,48038.71,22.98,40.72,13828.31,Fortaleza,Rio Grande,2955.83,128.63,2.77,2.2,133.6,3404373.68,46148.96,5297938.68,7923988.95,2626050.27,False,0.9469090191479417,64492.63
SHIP_102,Gaseiro,15425.23,24.43,71.97,14116.05,Rio de Janeiro,Paranaguá,1781.72,72.94,1.46,1.35,75.75,3412237.84,18819.45,4500406.07,5286065.83,785659.76,True,0.889171993527888,10916.23
SHIP_103,Gaseiro,41034.64,21.3,37.31,12773.91,Paranaguá,Rio de Janeiro,1993.19,93.59,2.05,1.52,97.16,2269365.57,30609.92,3541050.54,4590881.86,1049831.32,False,0.6538635672189492,28141.14
SHIP_104,Container,41712.49,17.24,37.91,13054.62,Itajaí,Rio Grande,1982.35,114.96,2.16,1.18,118.3,2832348.0,45098.43,4421797.87,5333749.54,911951.67,False,0.7668368899156289,24058.62
SHIP_105,Granelheiro,6996.95,23.52,22.83,9935.77,Rio Grande,Paranaguá,2828.97,120.27,2.47,1.56,124.3,1785036.95,20105.96,3040187.06,3350386.03,310198.97,True,0.6170742535856105,13585.08
SHIP_106,Petroleiro,28967.11,24.62,28.76,18417.2,Rio de Janeiro,Manaus,2978.69,120.98,1.12,2.77,124.87,2261414.22,30643.16,4591801.63,6715994.26,2124192.63,False,0.7217332227657676,73865.67
SHIP_107,Container,35510.73,20.66,41.36,18179.45,Itajaí,Belém,2493.57,120.71,2.32,2.7,125.73,3245371.12,44691.77,5575747.57,7713183.59,2137436.02,False,0.8441150115842493,51675.99
SHIP_108,Container,35606.33,21.19,80.22,7379.08,Rio Grande,Belém,2702.18,127.54,2.74,1.06,131.35,6650342.95,43032.67,7662594.45,8823844.9,1161250.46,False,0.8602278897020628,14476.3
SHIP_109,Granelheiro,12234.2,23.18,86.57,12612.02,Rio de Janeiro,Rio Grande,515.96,22.26,1.57,2.23,26.07,1252556.07,49247.45,1630564.63,2205706.21,575141.58,False,0.7318433766953796,6643.6
SHIP_110,Container,5408.26,23.19,30.28,9250.14,Belém,Rio Grande,546.07,23.55,1.86,2.68,28.1,463465.52,25686.05,749039.92,877724.18,128684.26,False,0.6358784047967377,4250.39
SHIP_111,Granelheiro,47175.28,21.88,25.43,9514.45,Salvador,Manaus,2270.43,103.77,1.13,2.16,107.07,1715107.72,23835.32,2757673.08,3718353.2,960680.11,False,0.9050378821533316,37781.94
SHIP_112,Graneleiro,48807.0,24.69,79.97,6951.29,Rio de Janeiro,Belém,2395.66,97.03,1.05,1.04,99.13,5044026.07,22944.41,5756036.27,7456699.07,1700662.8,False,0.6883780623909337,21265.69
SHIP_113,Container,5046.33,16.59,57.48,19164.55,Itajaí,Rio de Janeiro,755.48,45.54,2.71,2.05,50.3,1701566.83,43036.83,2708632.15,3302770.0,594137.85,False,0.628833365965545,10335.86
SHIP_114,Granelheiro,35622.47,21.55,41.86,19262.95,Salvador,Recife,877.64,40.74,1.86,2.89,45.49,1108384.59,26789.09,2011389.84,2726258.67,714868.83,True,0.866032927453334,17077.3
SHIP_115,Gaseiro,24903.44,18.12,45.66,15866.34,Santos,Fortaleza,2364.59,130.5,1.4,2.74,134.64,3873052.35,38596.96,6047840.95,8013994.73,1966153.78,False,0.7901314820264853,43061.3
SHIP_116,Granelheiro,12166.06,17.04,27.29,7304.87,Manaus,Fortaleza,1634.23,95.92,2.06,1.04,99.02,1701719.55,41871.91,2466912.49,3003878.4,536965.91,False,0.9222967467354903,19674.01
SHIP_117,Granelheiro,32749.26,22.97,58.52,6759.62,Rio Grande,Recife,812.96,35.4,2.37,1.86,39.63,1346570.24,18020.99,1632484.0,2116740.5,484256.49,False,0.8280318133807926,8274.81
SHIP_118,Granelheiro,19666.65,20.9,54.66,19765.27,Belém,Salvador,873.95,41.81,1.93,2.36,46.1,1485481.25,25821.8,2422495.82,3609227.93,1186732.11,False,0.7020819025482561,21711.27
SHIP_119,Container,36274.18,23.6,82.39,5594.28,Fortaleza,Santos,1701.27,72.08,1.21,1.48,74.78,3860253.09,49466.5,4328047.79,5007543.58,679495.79,False,0.768824733543057,8247.5
SHIP_120,Container,14465.73,18.46,82.06,19118.56,Rio de Janeiro,Fortaleza,681.04,36.89,2.07,2.77,41.73,1967911.23,13300.34,2778952.67,3973362.15,1194409.47,False,0.7389231466705586,14554.54
SHIP_121,Gaseiro,10972.21,20.68,75.16,17008.8,Belém,Fortaleza,1000.38,48.38,1.33,1.21,50.93,2363703.13,35457.21,3265399.94,4514710.26,1249310.31,True,0.8081718230819276,16622.63
SHIP_122,Gaseiro,32747.21,21.13,43.91,19028.03,Rio Grande,Paranaguá,2868.38,135.75,2.25,2.57,140.57,3874306.05,34490.32,6583566.75,8517551.24,1933984.48,False,0.9131858296211846,44047.42
SHIP_123,Container,29641.66,23.17,56.19,14653.67,Manaus,Santos,1816.01,78.37,2.46,1.16,81.99,2862021.62,12414.08,4075946.39,4886412.85,810466.45,False,0.7677476250017006,14424.84
SHIP_124,Petroleiro,32708.39,18.29,57.61,16164.19,Manaus,Fortaleza,2679.58,146.5,1.87,1.09,149.46,5486497.19,16466.9,7918839.69,8776802.07,857962.38,False,0.6799591594659545,14891.4
SHIP_125,Graneleiro,49835.03,24.75,72.03,7993.14,Rio de Janeiro,Itajaí,2200.57,88.92,1.14,1.06,91.13,4162932.65,20307.32,4911615.16,6311667.05,1400051.89,False,0.9362731930204419,19438.13
SHIP_126,Container,23715.83,23.46,70.3,16030.25,Belém,Fortaleza,2419.31,103.11,2.01,2.09,107.21,4711878.26,30559.83,6461047.95,8626942.09,2165894.14,False,0.770334129498646,30808.79
SHIP_127,Container,44304.05,24.01,53.74,9152.42,Fortaleza,Paranaguá,1980.88,82.51,2.82,1.42,86.76,2882114.59,34918.66,3711082.43,5019699.48,1308617.06,False,0.6825272328857235,24351.95
SHIP_128,Gaseiro,39920.01,19.05,68.15,14488.11,Belém,Recife,1432.12,75.16,2.03,1.83,79.02,3329533.74,12765.31,4487091.98,5720441.7,1233349.72,False,0.7417572796781124,18097.99
SHIP_129,Granelheiro,31681.33,20.79,73.01,6428.92,Paranaguá,Rio Grande,2130.31,102.45,1.62,1.8,105.87,4861778.9,44319.45,5586727.52,6165580.44,578852.92,False,0.8707155939903102,7928.44
SHIP_130,Container,10889.31,24.7,56.3,8540.76,Recife,Itajaí,683.74,27.68,1.34,2.04,31.06,1013147.88,23480.13,1301928.91,1863780.69,561851.78,True,0.7573018423248081,9979.04
SHIP_131,Granelheiro,31454.8,24.49,40.2,10388.76,Rio de Janeiro,Santos,1448.4,59.15,2.21,1.71,63.08,1545738.37,31340.48,2232370.39,3153705.67,921335.27,False,0.7562290262794049,22917.52
SHIP_132,Petroleiro,43889.73,20.58,63.19,5512.82,Rio Grande,Manaus,2966.73,144.15,1.25,1.46,146.85,5920823.08,12067.87,6742472.73,9142801.02,2400328.29,False,0.7582696598992023,37984.41
SHIP_133,Graneleiro,47024.38,18.16,60.58,5623.59,Santos,Itajaí,870.86,47.95,2.97,2.93,53.85,1888113.45,10197.6,2201164.64,3259318.89,1058154.24,False,0.9405842118246213,17467.41
SHIP_134,Gaseiro,31105.05,17.54,61.74,10139.8,Itajaí,Paranaguá,1830.61,104.35,1.25,1.27,106.87,4187742.58,15741.69,5287139.38,7803436.61,2516297.23,True,0.9394692161375446,40757.41
SHIP_135,Petroleiro,9225.53,21.73,55.5,18022.13,Itajaí,Recife,942.87,43.4,2.39,2.68,48.46,1565597.64,47784.57,2486732.62,3415027.95,928295.33,False,0.8162465340704248,16726.04
SHIP_136,Petroleiro,44100.72,20.71,22.43,18964.23,Recife,Manaus,2223.82,107.4,2.35,1.43,111.18,1565892.98,36355.42,3710758.07,4666448.09,955690.02,False,0.8020148328491118,42605.84
SHIP_137,Granelheiro,20685.82,16.59,68.4,9771.67,Fortaleza,Salvador,2666.1,160.68,2.99,2.5,166.17,7143323.49,13619.27,8780689.33,10672701.68,1892012.35,False,0.9074804464554718,27662.49
SHIP_138,Granelheiro,23186.31,18.27,73.41,17117.69,Paranaguá,Fortaleza,2405.71,131.67,2.6,1.87,136.14,6282767.28,42713.37,8655882.57,9937677.01,1281794.44,False,0.8271761305780375,17461.36
SHIP_139,Granelheiro,19777.16,21.3,68.79,13451.58,Fortaleza,Recife,1451.05,68.12,2.1,2.19,72.41,3045627.9,31827.48,4051453.26,5176816.44,1125363.18,False,0.8054715976954028,16360.22
SHIP_140,Granelheiro,12580.0,21.43,80.75,12506.68,Rio Grande,Salvador,1855.91,86.62,2.9,2.69,92.22,4546353.24,46569.46,5746260.59,8191331.9,2445071.32,False,0.73306846657505,30280.44
SHIP_141,Gaseiro,22947.03,20.8,62.69,14118.58,Santos,Paranaguá,2412.21,115.96,2.63,2.44,121.02,4725139.56,48220.95,6482049.27,7177527.99,695478.73,False,0.7508017320383116,11094.25
SHIP_142,Granelheiro,45352.14,15.71,96.37,14820.4,Paranaguá,Itajaí,1450.19,92.29,1.39,1.96,95.65,5781466.01,17782.33,7216759.46,8418585.48,1201826.03,False,0.6898717987021777,12470.59
SHIP_143,Container,17819.28,18.07,84.24,13087.42,Salvador,Fortaleza,1278.27,70.73,2.22,2.43,75.38,3872905.5,20904.96,4880359.45,6175702.71,1295343.25,False,0.7828683641806413,15376.44
SHIP_144,Graneleiro,10545.02,23.59,83.98,7768.78,Belém,Santos,1238.2,52.48,2.59,1.37,56.44,2864751.19,46710.1,3349901.41,4253741.55,903840.15,True,0.8855120252264983,10762.25
SHIP_145,Gaseiro,21807.94,20.26,28.98,5038.76,Itajaí,Paranaguá,2094.96,103.38,2.03,2.19,107.6,1947631.59,41749.75,2531531.06,3439445.35,907914.29,False,0.7438599644323466,31324.3
SHIP_146,Graneleiro,42793.76,24.0,48.27,8553.06,Salvador,Itajaí,2451.31,102.14,1.55,2.65,106.33,3204848.61,26949.53,4141261.35,5661186.93,1519925.57,False,0.8683296473201421,31485.58
SHIP_147,Container,11736.68,19.24,32.24,8528.53,Manaus,Recife,2673.15,138.94,1.95,2.07,142.96,2911531.54,17137.84,4147887.64,5080783.72,932896.08,False,0.8124829126310732,28937.15
SHIP_148,Graneleiro,29601.38,17.32,51.27,13917.15,Manaus,Recife,1741.92,100.58,2.98,1.27,104.82,3351896.12,37805.78,4848554.19,6117554.19,1269000.0,False,0.8535808979895163,24750.12
SHIP_149,Granelheiro,5711.95,18.41,85.5,14048.29,Santos,Fortaleza,1343.07,72.95,2.81,2.55,78.31,4054011.19,20595.82,5174671.04,7027803.2,1853132.16,False,0.66715356365156,21674.93
SHIP_150,Graneleiro,19551.72,17.27,48.4,6041.36,Manaus,Paranaguá,1797.65,104.11,1.14,2.6,107.85,3275330.7,19348.48,3946224.69,5193250.5,1247025.81,False,0.827807079166518,25765.15
SHIP_151,Container,28983.1,18.24,46.64,15042.3,Santos,Rio de Janeiro,2985.35,163.64,2.32,2.12,168.08,4960940.89,39226.02,7528473.2,9682235.72,2153762.51,True,0.803166252350836,46178.29
SHIP_152,Granelheiro,8994.53,24.62,70.8,16322.57,Santos,Paranaguá,926.19,37.62,1.82,1.85,41.29,1731411.45,42872.26,2448227.08,2694260.85,246033.78,False,0.8327191035705263,3475.21
SHIP_153,Gaseiro,40795.25,24.27,38.77,10989.74,Manaus,Santos,881.04,36.3,2.98,2.85,42.14,914783.9,31598.29,1409466.89,2025140.8,615673.91,False,0.6325252005327865,15879.6
SHIP_154,Container,16567.13,22.88,89.17,14127.3,Manaus,Itajaí,1767.1,77.24,1.32,1.13,79.68,4476913.6,14705.96,5617301.66,6689885.64,1072583.98,False,0.7333183339288455,12027.87
SHIP_155,Granelheiro,20584.48,17.39,60.78,17379.29,Santos,Salvador,1199.26,68.96,2.88,2.75,74.59,2724324.66,16470.57,4037148.03,5710587.8,1673439.77,False,0.9472553051881594,27533.67
SHIP_156,Granelheiro,43314.12,17.09,94.45,6745.5,Itajaí,Santos,2543.62,148.88,1.76,2.76,153.4,9139862.59,44722.27,10219322.58,14535659.5,4316336.91,False,0.6741938718157835,45700.86
SHIP_157,Petroleiro,41843.08,18.23,21.83,7306.87,Belém,Paranaguá,1059.04,58.11,2.91,2.15,63.17,824581.54,47309.23,1333456.89,1773584.8,440127.9,False,0.7098046919179336,20160.22
SHIP_158,Petroleiro,32286.69,16.39,91.86,17439.99,Santos,Itajaí,1293.83,78.93,2.91,2.65,84.49,4712914.13,36652.28,6223011.24,7148402.67,925391.42,False,0.6090341674323204,10073.83
SHIP_159,Granelheiro,11082.48,24.63,63.96,19487.33,Recife,Belém,1581.24,64.2,1.62,2.01,67.83,2669022.46,27580.47,4018484.47,4590177.68,571693.2,True,0.6001163771421713,8937.96
SHIP_160,Gaseiro,5795.95,21.03,49.18,10796.91,Itajaí,Santos,1911.1,90.89,1.38,1.42,93.7,2905848.65,29384.06,3946919.18,5532402.2,1585483.03,False,0.8432623301004936,32235.84
SHIP_161,Petroleiro,49265.55,17.39,31.38,6820.77,Santos,Salvador,1258.19,72.34,1.2,2.38,75.93,1475592.82,12491.67,2005986.89,2615343.22,609356.33,False,0.8848895943271066,19418.65
SHIP_162,Petroleiro,32684.87,18.06,69.91,12905.62,Belém,Rio de Janeiro,1565.21,86.65,1.26,2.77,90.69,3937825.52,27991.39,5136222.54,6049694.61,913472.07,True,0.7839266176890239,13066.09
SHIP_163,Container,26673.57,16.77,50.97,19457.33,Salvador,Rio de Janeiro,1121.45,66.88,1.27,1.84,69.98,2215505.33,41613.51,3618776.14,4823319.4,1204543.26,False,0.6479883970051497,23634.11
SHIP_164,Container,29088.96,17.15,20.97,8618.02,Fortaleza,Salvador,2939.68,171.39,2.6,2.92,176.91,2336093.66,29514.16,3890241.21,4450025.45,559784.23,False,0.8261315432118778,26694.96
SHIP_165,Gaseiro,27470.02,17.66,31.94,6908.0,Santos,Paranaguá,2661.65,150.71,1.49,2.3,154.51,3128892.48,42427.44,4238640.57,5703652.61,1465012.04,False,0.7608063689420953,45869.03
SHIP_166,Container,40325.74,23.92,96.43,16803.55,Rio de Janeiro,Salvador,1288.52,53.87,2.38,1.88,58.12,3376172.91,20186.82,4372937.51,6281062.81,1908125.3,False,0.6885704514802746,19788.33
SHIP_167,Container,40152.67,23.25,59.64,10795.23,Manaus,Paranaguá,1625.31,69.9,1.45,2.78,74.13,2709642.12,28024.79,3537967.12,5140608.83,1602641.71,False,0.8581018190525199,26873.65
SHIP_168,Petroleiro,28049.99,21.8,23.33,6271.88,Rio Grande,Paranaguá,2290.81,105.07,1.14,1.14,107.36,1593625.74,10484.34,2277450.74,3376549.74,1099099.0,False,0.7356583310189693,47103.24
SHIP_169,Container,25787.61,24.92,97.66,19134.73,Itajaí,Recife,2459.61,98.72,1.71,1.82,102.25,6266418.93,31984.64,8254936.64,11822834.02,3567897.39,True,0.6927662499137514,36533.87
SHIP_170,Petroleiro,5942.52,15.82,97.43,9431.67,Belém,Fortaleza,2423.06,153.15,2.25,1.76,157.16,9698641.49,18227.49,11199158.06,12862844.14,1663686.08,False,0.8711218232232257,17075.92
SHIP_171,Petroleiro,33975.69,20.3,23.36,19527.33,Paranaguá,Fortaleza,2496.79,122.98,1.59,2.96,127.52,1866956.51,34075.26,4391189.14,5853319.28,1462130.13,False,0.7822688496419744,62601.64
SHIP_172,Container,32742.49,16.57,23.5,6662.12,Rio Grande,Rio de Janeiro,1996.33,120.5,1.19,1.75,123.45,1840620.84,32003.68,2695041.95,3383520.38,688478.43,False,0.6958269576299373,29298.39
SHIP_173,Petroleiro,46774.29,21.76,59.68,5190.72,Itajaí,Santos,2981.04,137.0,2.34,1.63,140.97,5314742.79,45170.75,6091671.23,7330550.53,1238879.31,False,0.6882843570606765,20757.37
SHIP_174,Granelheiro,38976.89,19.61,87.36,15927.36,Fortaleza,Itajaí,2441.12,124.51,2.31,1.35,128.18,7070313.86,31801.08,9143680.41,13659450.61,4515770.2,False,0.7888446771734268,51691.58
SHIP_175,Container,37757.62,16.08,74.82,6378.06,Belém,Manaus,2912.82,181.15,1.98,1.3,184.43,8810424.05,23695.35,10010427.36,12666860.23,2656432.87,False,0.8066216916605705,35502.49
SHIP_176,Petroleiro,27876.22,17.98,65.2,15333.28,Recife,Santos,2683.31,149.28,2.27,2.52,154.07,6326484.92,16402.87,8705297.85,11183025.75,2477727.9,False,0.8841132759029984,38000.94
SHIP_177,Graneleiro,38377.04,23.81,42.23,7909.31,Santos,Belém,2699.54,113.36,2.32,1.62,117.29,3111752.76,39693.92,4079160.9,5817076.61,1737915.71,False,0.6658086571153956,41151.47
SHIP_178,Granelheiro,20992.31,22.84,64.34,5078.44,Paranaguá,Fortaleza,2402.48,105.2,1.07,2.49,108.76,4399308.77,18099.22,4969734.18,7371255.81,2401521.63,False,0.7144260657183277,37326.57
SHIP_179,Granelheiro,11699.96,18.06,90.13,19945.02,Recife,Rio Grande,1420.77,78.69,1.9,2.44,83.03,4609937.59,45447.83,6311385.21,8439696.23,2128311.02,False,0.8320647015751722,23613.25
SHIP_180,Graneleiro,5084.59,16.78,22.33,7503.28,Belém,Santos,953.3,56.8,1.78,1.8,60.38,824250.16,44970.5,1322260.73,1724286.02,402025.29,True,0.6226987580690388,18007.28
SHIP_181,Gaseiro,31099.27,20.61,64.85,14052.31,Belém,Recife,2191.17,106.29,2.61,1.54,110.44,4480619.75,43001.98,6075566.23,7893997.01,1818430.78,False,0.6204928252353927,28039.35
SHIP_182,Petroleiro,20040.72,22.85,76.61,16829.22,Recife,Rio de Janeiro,1793.17,78.48,1.88,1.29,81.65,3908225.97,23127.71,5305538.42,6757174.83,1451636.41,False,0.729997700655566,18947.29
SHIP_183,Container,7814.4,23.01,81.33,16004.24,Recife,Santos,1248.61,54.26,1.35,2.28,57.88,2868065.49,29846.66,3824191.96,4479279.82,655087.86,False,0.7434667113937008,8054.98
SHIP_184,Graneleiro,42791.1,18.84,65.75,13816.54,Rio de Janeiro,Fortaleza,961.19,51.02,1.72,1.67,54.42,2180594.0,11047.87,2943491.41,3266323.86,322832.44,False,0.7813275681835854,4910.02
SHIP_185,Graneleiro,18442.65,24.41,40.74,11444.85,Manaus,Paranaguá,2681.83,109.88,2.68,1.37,113.94,2910007.34,42105.73,4256097.96,5461743.07,1205645.11,True,0.8471066526824086,29590.93
SHIP_186,Petroleiro,33402.68,15.5,92.31,18640.85,Santos,Rio de Janeiro,2450.53,158.11,1.01,1.11,160.24,9487452.08,19008.95,12493538.67,14399300.1,1905761.43,False,0.862981280110166,20644.55
SHIP_187,Container,34562.98,24.57,25.52,5855.82,Itajaí,Belém,1205.47,49.07,1.52,1.49,52.09,813870.69,46250.18,1165136.81,1397952.68,232815.87,False,0.7299224828614994,9124.08
SHIP_188,Graneleiro,24299.91,23.45,41.45,7345.73,Santos,Recife,2632.72,112.28,1.09,2.24,115.61,3025179.41,32479.71,3906914.53,4838198.64,931284.1,False,0.7438834609102473,22467.04
SHIP_189,Graneleiro,20630.45,24.0,21.75,14956.85,Itajaí,Fortaleza,2908.49,121.2,2.12,2.87,126.19,1713073.85,12090.32,3612558.26,4578980.19,966421.93,False,0.8557873377432554,44441.63
SHIP_190,Container,49158.37,17.57,72.33,7971.46,Paranaguá,Recife,1913.33,108.93,1.93,2.94,113.8,5121402.99,34341.09,6062883.3,7516778.17,1453894.87,False,0.6077123061041264,20099.75
SHIP_191,Graneleiro,37400.36,19.18,27.11,15256.31,Belém,Salvador,1862.76,97.12,2.96,1.45,101.54,1711235.58,26159.12,3286466.84,4328337.04,1041870.2,False,0.847742284030419,38435.16
SHIP_192,Container,29459.22,15.82,56.66,12270.44,Itajaí,Rio Grande,914.44,57.81,2.89,2.7,63.4,2129332.03,36760.89,2944087.37,3782911.52,838824.15,False,0.827840713502834,14803.46
SHIP_193,Gaseiro,29544.43,15.62,61.0,17096.05,Belém,Rio de Janeiro,1648.1,105.49,1.1,2.57,109.17,4182839.71,18054.55,6067273.39,7301650.06,1234376.66,False,0.7906967156795804,20235.61
SHIP_194,Graneleiro,39129.13,22.54,21.44,6893.81,Santos,Rio de Janeiro,2149.07,95.34,1.32,1.51,98.17,1328393.35,47865.52,2053055.2,2718394.76,665339.56,False,0.8702043667084967,31038.92
SHIP_195,Graneleiro,6222.53,15.65,57.11,18638.3,Salvador,Rio de Janeiro,1846.75,117.99,2.0,1.21,121.19,4380239.57,36271.2,6675373.03,9538048.43,2862675.41,False,0.6326927901913535,50121.68
SHIP_196,Granelheiro,24848.25,16.96,34.94,6410.54,Paranaguá,Rio de Janeiro,1391.68,82.08,2.51,1.55,86.14,1863899.56,22493.96,2438618.14,3309375.18,870757.04,False,0.9202815239424651,24923.02
SHIP_197,Container,28986.3,16.58,75.67,16898.92,Recife,Belém,1291.9,77.92,2.71,2.81,83.45,3832708.41,21076.18,5263969.08,7861256.64,2597287.56,False,0.8093394202791563,34323.0
SHIP_198,Granelheiro,6502.26,18.64,78.61,17305.66,Belém,Recife,1282.9,68.84,2.6,2.94,74.37,3517351.47,44274.96,4848638.27,5561667.35,713029.08,False,0.7768223707518234,9070.37
SHIP_199,Container,48520.7,19.18,98.73,15018.8,Fortaleza,Salvador,2086.68,108.81,1.33,2.76,112.9,6982618.66,27099.59,8705397.96,10140860.3,1435462.34,False,0.8404013491862601,14539.45
SHIP_200,Container,9186.37,15.29,85.84,8146.29,Santos,Salvador,1447.57,94.65,2.95,1.67,99.27,5280976.77,21859.59,6111536.96,8967355.51,2855818.55,True,0.848584979518159,33270.38
SHIP_201,Granelheiro,19145.76,19.71,85.73,11888.98,Fortaleza,Rio de Janeiro,1394.5,70.74,1.99,2.66,75.39,3942253.54,23408.32,4861966.74,5686092.65,824125.91,False,0.6395301229439108,9612.93
SHIP_202,Container,8923.08,22.19,53.61,18580.4,Recife,Rio de Janeiro,2349.18,105.86,1.38,2.23,109.47,3688914.68,27420.22,5750385.13,7653186.94,1902801.82,False,0.8945066435796659,35493.74
SHIP_203,Granelheiro,26207.92,24.79,70.73,6893.97,Salvador,Paranaguá,2190.44,88.36,1.65,2.37,92.38,4062212.69,12785.65,4711857.2,5512649.46,800792.26,False,0.8293488433920804,11321.6
SHIP_204,Graneleiro,49628.42,15.73,26.17,10105.7,Itajaí,Paranaguá,2665.97,169.52,1.43,1.72,172.67,2883178.32,12740.22,4640872.03,6521641.65,1880769.62,False,0.828606976685949,71877.72
SHIP_205,Granelheiro,47223.72,23.71,81.29,16826.71,Manaus,Rio Grande,2162.46,91.2,1.52,2.81,95.53,4818415.74,36829.29,6462730.08,8557793.7,2095063.62,False,0.7364157855992722,25774.24
SHIP_206,Graneleiro,22077.63,17.27,50.53,6932.73,Belém,Paranaguá,1531.9,88.72,2.6,1.96,93.28,2913804.17,10720.0,3571208.01,4530354.55,959146.54,False,0.9213267932697027,18982.12
SHIP_207,Granelheiro,17601.68,23.58,43.38,18661.55,Itajaí,Belém,2384.9,101.13,2.61,1.04,104.77,2851292.51,48512.41,4855016.31,6751717.75,1896701.44,False,0.9054638438481448,43725.51
SHIP_208,Petroleiro,10066.12,22.04,63.26,6448.02,Fortaleza,Manaus,1104.73,50.13,1.02,1.94,53.09,2061211.15,22050.61,2425609.93,3248723.67,823113.74,False,0.6792230230195201,13012.45
SHIP_209,Container,37861.08,20.99,25.16,18158.59,Santos,Salvador,2693.15,128.32,1.66,1.68,131.66,2098458.67,49561.13,4538778.08,6129485.76,1590707.68,False,0.6838285594683383,63225.43
SHIP_210,Gaseiro,40756.02,15.35,66.62,19931.56,Rio de Janeiro,Fortaleza,2639.24,171.97,2.04,1.13,175.14,7447516.41,43254.94,10981676.73,14710959.74,3729283.01,False,0.8581480121824894,55974.61
SHIP_211,Petroleiro,28635.79,15.33,89.48,5970.3,Rio Grande,Salvador,2889.56,188.53,1.05,2.39,191.97,10966030.88,13288.28,12125458.49,17754952.76,5629494.27,False,0.8708578795055547,62910.54
SHIP_212,Petroleiro,32086.55,23.93,55.47,14106.34,Salvador,Manaus,2078.27,86.87,2.18,2.41,91.45,3131988.97,19497.34,4441565.18,5796000.54,1354435.36,False,0.68196455638542,24417.26
SHIP_213,Graneleiro,40403.77,24.71,41.01,9073.53,Salvador,Rio Grande,1682.24,68.09,2.97,1.54,72.59,1815110.47,26278.88,2500050.38,3641553.4,1141503.02,False,0.7266485826217985,27832.0
SHIP_214,Graneleiro,26262.2,15.46,31.2,9152.21,Paranaguá,Salvador,2928.83,189.49,1.66,1.96,193.12,3843070.92,17843.91,5628350.3,7566259.01,1937908.71,False,0.6724474024534494,62108.62
SHIP_215,Graneleiro,28245.77,15.06,20.61,8286.03,Paranaguá,Recife,591.8,39.31,1.22,1.68,42.2,526686.48,42103.43,918485.71,1220501.69,302015.97,False,0.7388788964802108,14651.64
SHIP_216,Graneleiro,6997.45,17.78,85.33,9268.43,Santos,Rio de Janeiro,2545.52,143.18,2.06,2.76,148.0,7941929.61,32991.18,9346692.38,10392281.52,1045589.14,False,0.8457905681110824,12252.82
SHIP_217,Graneleiro,49676.76,16.31,41.98,10918.64,Rio Grande,Santos,1554.57,95.29,1.82,2.82,99.92,2599960.36,38561.31,3729541.05,5009378.13,1279837.08,False,0.8883266344774531,30487.9
SHIP_218,Petroleiro,47977.72,23.21,20.13,14546.02,Itajaí,Recife,627.84,27.05,1.52,1.12,29.68,353825.73,34151.82,819736.84,1126839.74,307102.9,False,0.8328522356923193,15259.61
SHIP_219,Container,41015.97,21.63,27.38,13944.82,Itajaí,Santos,1873.96,86.65,2.8,1.81,91.26,1542275.33,22843.24,2837717.52,3972635.14,1134917.61,True,0.8340004263530199,41446.39
SHIP_220,Granelheiro,35540.15,18.62,67.49,5151.97,Itajaí,Santos,2090.24,112.26,2.83,2.23,117.31,4925001.57,44947.94,5574349.2,7746055.57,2171706.37,False,0.8593434375961024,32176.83
SHIP_221,Petroleiro,28849.62,23.29,99.3,17300.19,Rio Grande,Fortaleza,2237.21,96.06,2.06,1.9,100.02,6200124.36,13375.7,7943875.54,10007277.35,2063401.81,False,0.8828079204672935,20779.25
SHIP_222,Container,14722.31,19.67,85.34,6010.77,Santos,Salvador,1468.48,74.67,2.7,1.81,79.18,4141959.05,13104.59,4631009.87,6099103.66,1468093.79,False,0.7562468307405538,17203.31
SHIP_223,Gaseiro,40927.12,23.22,88.6,18749.53,Recife,Fortaleza,1577.46,67.92,1.64,2.16,71.73,3911915.92,24846.9,5281578.52,7079584.54,1798006.02,False,0.7375409788708519,20292.38
SHIP_224,Granelheiro,28661.57,20.12,33.25,14686.11,Santos,Rio de Janeiro,611.95,30.42,2.52,2.89,35.84,657449.65,23590.75,1207342.58,1577870.89,370528.31,False,0.8229158111091601,11143.62
SHIP_225,Gaseiro,20327.19,15.72,52.77,9668.26,Fortaleza,Rio de Janeiro,2192.8,139.52,2.21,1.73,143.46,4785523.09,18715.7,6191223.67,9257206.7,3065983.03,False,0.6368407148189543,58100.53
SHIP_226,Container,12531.19,24.72,38.28,19661.78,Salvador,Manaus,1829.78,74.02,1.27,1.2,76.49,1841703.23,18354.56,3363982.05,4945911.21,1581929.15,False,0.6560087277621179,41326.36
SHIP_227,Petroleiro,6050.84,22.56,56.68,9338.67,Fortaleza,Salvador,2750.21,121.89,1.23,2.91,126.04,4490995.51,22558.67,5690590.58,8281866.27,2591275.69,False,0.9482002905707625,45716.15
SHIP_228,Granelheiro,29542.15,15.88,68.55,7273.76,Paranaguá,Itajaí,577.34,36.35,2.94,2.55,41.84,1619761.55,49204.36,1973304.77,2547835.18,574530.41,False,0.7895966843435014,8381.16
SHIP_229,Petroleiro,39285.58,23.34,55.24,9535.0,Belém,Rio de Janeiro,1148.34,49.21,1.39,1.12,51.71,1766704.33,23697.92,2283479.14,2758669.04,475189.9,False,0.8907409786820268,8603.01
SHIP_230,Petroleiro,29517.24,16.65,66.64,19995.71,Itajaí,Salvador,876.3,52.62,2.63,1.41,56.67,2279384.11,41295.53,3453863.08,4814102.02,1360238.94,False,0.818192085355804,20412.13
SHIP_231,Petroleiro,30621.98,21.21,36.1,10927.07,Salvador,Santos,598.65,28.23,1.95,2.09,32.27,662493.05,19109.99,1034181.21,1536391.53,502210.33,False,0.852750132409567,13909.73
SHIP_232,Container,29002.4,23.7,30.45,16857.65,Recife,Manaus,812.05,34.26,2.59,1.55,38.4,678223.79,45083.62,1370711.87,2025386.94,654675.07,False,0.932189250081304,21498.46
SHIP_233,Petroleiro,28080.61,15.94,80.37,12378.97,Fortaleza,Santos,1256.12,78.82,1.98,2.04,82.85,4117535.14,32508.47,5175602.01,6606601.55,1430999.54,False,0.7789464117702629,17805.21
SHIP_234,Petroleiro,27154.65,20.77,89.25,19711.09,Salvador,Rio de Janeiro,1518.96,73.12,2.66,2.53,78.31,4241843.11,32941.16,5818294.65,8625149.7,2806855.06,False,0.9486430323738044,31450.71
SHIP_235,Container,7676.22,15.03,71.22,9476.52,Rio de Janeiro,Belém,1100.96,73.24,1.62,1.51,76.38,3390412.83,11231.6,4125444.99,6141191.94,2015746.95,False,0.9242339123555303,28304.75
SHIP_236,Granelheiro,5860.22,19.77,75.02,15840.6,Rio Grande,Salvador,2231.33,112.87,1.27,1.6,115.74,5503883.1,24348.62,7361640.6,10466595.7,3104955.1,False,0.8565679164509976,41389.6
SHIP_237,Granelheiro,28786.01,22.93,99.24,8009.77,Belém,Itajaí,2986.62,130.23,1.18,1.0,132.41,8400744.1,11766.48,9473094.86,11715499.2,2242404.34,False,0.8591666461837317,22594.93
SHIP_238,Granelheiro,11428.26,22.53,81.51,14878.11,Recife,Manaus,2415.29,107.18,2.69,2.23,112.1,5678978.15,13544.19,7360387.54,9532078.15,2171690.61,False,0.6981170612770323,26641.99
SHIP_239,Gaseiro,35933.29,15.24,44.49,13236.96,Paranaguá,Recife,2080.22,136.45,2.15,2.4,141.0,3946104.99,10243.55,5822794.14,6640177.49,817383.35,False,0.8386120254315563,18371.89
SHIP_240,Graneleiro,10081.92,23.42,39.38,12173.9,Recife,Itajaí,862.99,36.85,2.42,2.33,41.6,943144.45,18444.5,1468038.12,2121844.03,653805.91,False,0.8812189601539095,16603.12
SHIP_241,Petroleiro,46815.26,19.05,92.49,9822.44,Itajaí,Recife,1691.09,88.77,1.45,2.28,92.5,5336442.59,49159.24,6294172.04,8442984.99,2148812.95,False,0.7456424998248823,23233.2
SHIP_242,Granelheiro,39182.51,16.88,77.58,18004.0,Rio de Janeiro,Salvador,1634.87,96.86,2.64,2.11,101.61,4884635.33,35483.63,6749568.87,8845386.85,2095817.97,False,0.8498834213773063,27013.77
SHIP_243,Petroleiro,42014.07,23.04,64.2,12802.55,Salvador,Rio Grande,857.19,37.21,2.55,1.54,41.3,1552570.4,29867.82,2111165.59,2562342.02,451176.43,False,0.8883223315354078,7027.66
SHIP_244,Container,37477.47,17.72,52.2,6541.22,Santos,Recife,972.6,54.9,2.57,2.43,59.9,1862641.97,33739.43,2288182.46,3336835.18,1048652.72,False,0.8937684723246008,20090.78
SHIP_245,Petroleiro,5171.9,17.47,79.27,9744.05,Rio de Janeiro,Salvador,754.73,43.21,1.72,1.54,46.47,2226270.87,43708.48,2722757.72,3336301.68,613543.96,False,0.9175199375462177,7739.7
SHIP_246,Granelheiro,47434.27,19.22,50.19,19044.82,Rio de Janeiro,Rio Grande,2187.85,113.81,1.23,1.08,116.13,3712490.93,32585.16,5956671.0,8768627.07,2811956.07,False,0.8463499820720158,56031.7
SHIP_247,Petroleiro,5196.35,16.67,77.04,14995.78,Fortaleza,Santos,2915.12,174.88,2.52,2.9,180.3,8757563.05,38101.62,11499414.42,14020326.21,2520911.79,False,0.7663923127475257,32720.55
SHIP_248,Granelheiro,33545.29,24.99,28.38,12478.56,Belém,Recife,1462.8,58.52,2.73,1.95,63.21,1079778.29,14439.1,1882963.37,2549098.68,666135.31,False,0.7294346395955118,23468.16
SHIP_249,Petroleiro,7355.98,22.68,53.32,17332.7,Manaus,Belém,2625.87,115.8,1.42,2.31,119.54,4013463.88,28891.27,6114303.69,8878352.29,2764048.6,False,0.878684208446999,51838.53
SHIP_250,Granelheiro,38931.04,15.36,51.58,18962.11,Salvador,Itajaí,814.31,53.02,2.47,2.95,58.44,1777462.33,12087.95,2897705.65,3978195.04,1080489.39,False,0.6697253462129186,20948.34
SHIP_251,Granelheiro,45059.68,17.87,49.42,5871.38,Paranaguá,Itajaí,778.78,43.57,2.03,1.54,47.14,1399691.73,43419.21,1719871.64,1901967.1,182095.46,False,0.9188740459685842,3684.44
SHIP_252,Petroleiro,42721.94,22.09,95.91,5471.33,Belém,Santos,2340.5,105.93,1.66,2.81,110.41,6603962.03,20667.01,7228703.07,10047482.34,2818779.27,False,0.9372247343106559,29390.55
SHIP_253,Granelheiro,28356.45,21.78,44.95,16609.87,Itajaí,Santos,2432.3,111.7,2.04,2.95,116.69,3263515.26,15022.01,5216811.42,5773857.67,557046.25,False,0.7339031132497223,12392.82
SHIP_254,Container,21548.01,16.82,54.84,9981.49,Itajaí,Rio Grande,1354.51,80.54,2.48,1.45,84.47,2871038.18,35674.4,3749816.66,4980730.91,1230914.25,False,0.7049301846478325,22445.31
SHIP_255,Granelheiro,34090.64,24.74,87.76,5353.92,Salvador,Recife,2746.4,111.0,2.57,2.56,116.13,6332340.41,28319.83,6982406.11,8792260.56,1809854.45,True,0.9148093243911355,20621.63
SHIP_256,Granelheiro,36956.09,24.37,68.26,12101.01,Belém,Rio Grande,649.29,26.64,2.34,2.16,31.15,1182000.02,49608.36,1608514.03,1923241.53,314727.5,False,0.9469647655474771,4610.49
SHIP_257,Petroleiro,29501.7,24.63,26.05,10485.21,Belém,Rio de Janeiro,1063.45,43.18,1.39,1.28,45.85,731121.02,34896.55,1246811.49,1761157.07,514345.58,False,0.6966830637413035,19745.76
SHIP_258,Container,49174.4,20.27,92.51,7458.22,Itajaí,Fortaleza,2107.05,103.94,2.62,2.89,109.45,6250043.22,23493.61,7089838.24,9854821.76,2764983.51,False,0.9115493980886051,29887.29
SHIP_259,Petroleiro,36847.46,15.62,31.78,5117.62,Salvador,Paranaguá,2077.3,132.97,1.9,1.27,136.14,2747184.72,48317.36,3492198.2,4581288.72,1089090.51,False,0.7239937176943663,34265.11
SHIP_260,Granelheiro,47708.2,24.62,69.67,18929.9,Itajaí,Rio de Janeiro,2402.14,97.56,2.09,1.36,101.01,4418050.95,28343.92,6358514.32,8420897.08,2062382.76,True,0.7559395735596618,29601.02
SHIP_261,Container,14413.35,15.5,87.49,19717.89,Manaus,Paranaguá,2482.86,160.19,2.71,1.48,164.38,9109771.52,48425.08,12399384.1,14616025.49,2216641.39,False,0.7743826001747455,25335.37
SHIP_262,Gaseiro,23300.33,24.53,61.8,8286.76,Rio de Janeiro,Rio Grande,1647.41,67.16,2.84,1.35,71.35,2697891.14,18558.28,3307704.54,3655714.18,348009.64,True,0.6665376774243046,5630.93
SHIP_263,Graneleiro,40666.78,24.08,95.5,19402.03,Belém,Manaus,1803.65,74.91,2.95,2.51,80.37,4649571.56,16466.86,6225472.17,8035590.72,1810118.55,False,0.7084999780101262,18954.89
SHIP_264,Graneleiro,15441.79,19.58,82.51,19402.52,Salvador,Belém,2408.95,123.02,2.71,2.21,127.93,6597380.97,43416.31,9123016.27,12897831.6,3774815.33,False,0.9241679239511236,45750.95
SHIP_265,Graneleiro,15290.46,21.34,37.77,9825.05,Santos,Paranaguá,2620.11,122.76,2.46,1.19,126.41,3013460.17,27148.08,4282560.03,4760784.54,478224.51,False,0.9131249791521721,12662.81
SHIP_266,Container,5019.93,24.01,32.3,19851.3,Paranaguá,Fortaleza,2887.12,120.23,1.99,2.03,124.24,2524528.17,29261.97,5020156.14,6798182.28,1778026.14,False,0.8639927406714579,55039.48
SHIP_267,Petroleiro,46329.19,24.51,66.17,10356.82,Salvador,Rio de Janeiro,2468.87,100.73,1.5,2.13,104.36,4332526.87,24343.14,5437731.15,7409737.57,1972006.41,True,0.667057531007189,29802.21
SHIP_268,Graneleiro,46320.76,16.02,60.48,8312.79,Belém,Paranaguá,597.32,37.29,1.07,1.35,39.71,1465893.08,44670.81,1840691.87,2232743.59,392051.72,False,0.7509832270709261,6482.7
SHIP_269,Container,37362.2,20.63,54.2,9895.08,Belém,Manaus,2599.15,125.97,1.29,1.86,129.12,4437899.39,46150.3,5761670.51,8287240.12,2525569.61,True,0.7468067978850597,46597.1
SHIP_270,Petroleiro,40116.45,19.76,59.8,8070.2,Itajaí,Salvador,1977.83,100.08,1.37,1.66,103.11,3890137.93,44201.21,4766464.04,5637918.2,871454.16,False,0.6241526574144857,14572.04
SHIP_271,Graneleiro,47335.3,20.07,52.75,17163.18,Rio Grande,Santos,2589.56,129.03,1.66,2.39,133.08,4424425.31,40844.91,6749404.07,9191745.28,2442341.21,False,0.7804807920497587,46297.7
SHIP_272,Graneleiro,25848.21,15.45,43.2,18965.15,Recife,Belém,1479.56,95.74,2.09,2.06,99.9,2688507.83,33617.24,4616683.77,5191610.4,574926.63,False,0.6191220470003402,13307.77
SHIP_273,Granelheiro,48788.52,17.26,44.34,9559.14,Recife,Paranaguá,1076.04,62.34,1.0,2.46,65.8,1796493.37,48673.82,2474160.33,2943551.58,469391.25,False,0.8596637144355502,10587.16
SHIP_274,Petroleiro,43179.14,19.23,44.23,9879.43,Salvador,Rio de Janeiro,2281.55,118.67,2.63,1.36,122.67,3412002.19,24837.64,4648701.6,6790712.09,2142010.49,False,0.9447004409668665,48424.01
SHIP_275,Petroleiro,38941.17,18.93,67.25,14915.21,Santos,Rio de Janeiro,696.14,36.77,2.09,2.42,41.28,1607360.1,16692.85,2239726.9,3163060.34,923333.43,True,0.6940963598584952,13729.66
SHIP_276,Petroleiro,33279.53,19.82,48.94,19238.13,Santos,Salvador,2080.4,104.97,1.26,2.12,108.35,3339035.81,41229.27,5464749.19,7559911.5,2095162.32,False,0.7292482695754393,42813.62
SHIP_277,Graneleiro,46981.62,23.28,75.78,15714.9,Santos,Belém,1654.29,71.08,2.84,2.39,76.31,3500823.41,39159.24,4739136.9,6846519.05,2107382.15,False,0.6108002665078254,27810.41
SHIP_278,Granelheiro,7335.29,16.42,37.07,14977.19,Rio Grande,Recife,893.32,54.4,1.24,2.53,58.17,1310810.39,36842.21,2218810.96,2827052.91,608241.96,False,0.7736905635088265,16407.28
SHIP_279,Petroleiro,22123.3,16.63,82.9,16016.66,Manaus,Salvador,1460.89,87.84,1.05,2.68,91.57,4733306.47,10456.72,6210457.23,8579621.91,2369164.68,False,0.8951473318277408,28579.81
SHIP_280,Petroleiro,9388.14,20.59,60.09,15592.9,Itajaí,Santos,1835.73,89.16,2.08,1.86,93.1,3482168.52,22353.38,4956184.97,6407880.02,1451695.05,False,0.9365296686440796,24159.87
SHIP_281,Container,37148.48,24.52,38.14,18190.12,Paranaguá,Fortaleza,2521.97,102.83,2.35,2.25,107.44,2549241.73,22661.99,4526223.58,6456949.04,1930725.46,False,0.8788384890169803,50624.46
SHIP_282,Graneleiro,16271.06,21.25,65.74,17492.46,Rio Grande,Paranaguá,2765.22,130.14,1.02,2.35,133.51,5560797.13,12073.43,7908252.51,10435282.92,2527030.42,False,0.7073718098327494,38439.96
SHIP_283,Container,20883.13,21.21,46.72,15990.49,Rio Grande,Belém,1511.32,71.25,1.14,2.57,74.95,2163758.51,21430.33,3383666.13,4307768.2,924102.07,False,0.8371393309262369,19777.89
SHIP_284,Container,8245.0,17.05,50.52,19730.74,Rio de Janeiro,Recife,2462.15,144.37,2.47,1.23,148.07,4740507.56,41239.84,7703342.79,10893355.01,3190012.22,False,0.6354805141436057,63149.45
SHIP_285,Graneleiro,17503.37,17.76,54.56,19705.53,Rio de Janeiro,Recife,668.76,37.65,2.04,1.36,41.04,1335201.2,48827.06,2192833.26,2511498.87,318665.6,False,0.794423398437051,5840.48
SHIP_286,Gaseiro,13541.69,20.82,36.36,12795.56,Fortaleza,Paranaguá,685.11,32.9,2.21,2.03,37.15,777533.27,39606.45,1292466.46,1747776.79,455310.33,False,0.8298646222160949,12523.92
SHIP_287,Graneleiro,48584.18,21.04,26.16,6133.75,Fortaleza,Rio de Janeiro,2878.56,136.84,1.59,1.18,139.62,2326633.49,33961.78,3216964.93,4341163.92,1124198.99,False,0.6935907097501395,42976.67
SHIP_288,Graneleiro,5679.98,24.65,40.07,15140.39,Fortaleza,Salvador,2266.57,91.95,2.22,1.63,95.8,2394962.66,20843.85,3866188.87,5177087.14,1310898.27,False,0.6609285863590002,32714.03
SHIP_289,Gaseiro,10267.97,19.49,68.98,8196.28,Rio de Janeiro,Manaus,2847.64,146.1,1.01,2.54,149.66,6550816.47,35008.19,7812475.11,9761077.66,1948602.55,False,0.8196203001244977,28248.54
SHIP_290,Granelheiro,22352.61,24.36,63.36,19094.77,Paranaguá,Recife,1051.21,43.15,2.45,2.23,47.83,1776999.65,39576.33,2729961.19,3237371.28,507410.09,False,0.6356625853055279,8008.47
SHIP_291,Gaseiro,5374.4,19.34,27.41,16225.77,Salvador,Itajaí,2786.37,144.1,1.87,1.52,147.49,2567433.93,27376.13,4987940.77,6930140.79,1942200.02,False,0.9486918002837068,70857.25
SHIP_292,Granelheiro,15312.74,20.47,73.65,15513.01,Belém,Manaus,1010.06,49.35,2.31,2.64,54.29,2362470.01,12000.74,3216691.36,4711193.57,1494502.2,False,0.724589861370938,20290.84
SHIP_293,Granelheiro,5711.59,15.77,92.89,10322.91,Itajaí,Manaus,1561.93,99.04,1.43,2.19,102.66,5979819.56,33792.13,7073362.68,8833782.29,1760419.61,True,0.9097375078632057,18950.95
SHIP_294,Petroleiro,22247.79,19.94,42.66,16801.54,Recife,Salvador,1493.62,74.92,2.03,1.51,78.46,2077794.46,49506.38,3445523.38,4191817.88,746294.49,False,0.922268312962175,17492.21
SHIP_295,Granelheiro,31300.2,20.38,41.51,10526.73,Belém,Manaus,2738.37,134.34,2.33,2.57,139.25,3624637.39,28173.82,5118670.88,6920949.2,1802278.32,False,0.8917750969503855,43419.73
SHIP_296,Graneleiro,27474.43,20.35,31.55,16759.81,Paranaguá,Recife,1548.47,76.09,2.0,2.57,80.66,1560488.96,33953.82,2946314.08,3477945.5,531631.41,False,0.7759209349205456,16849.9
SHIP_297,Petroleiro,7527.92,19.91,94.17,6580.9,Rio de Janeiro,Salvador,2411.1,121.09,1.82,2.31,125.22,7412147.19,20409.46,8256642.46,9609054.94,1352412.48,False,0.6246721809751006,14361.57
SHIP_298,Gaseiro,13354.1,21.64,90.54,17211.89,Recife,Fortaleza,2212.84,102.25,1.22,1.58,105.05,6016985.41,22392.28,7847410.66,9416757.64,1569346.99,False,0.7936830657530116,17334.1
SHIP_299,Petroleiro,16469.7,22.43,26.13,18089.54,Rio Grande,Paranaguá,2570.29,114.62,1.43,2.62,118.67,1946754.51,41454.31,4134830.03,5593956.3,1459126.27,False,0.7769719536976856,55839.19
SHIP_300,Container,47350.44,23.76,28.21,10890.96,Rio Grande,Recife,1883.43,79.26,2.01,1.39,82.65,1453082.88,44352.67,2397597.34,3286569.64,888972.3,False,0.7206734970254264,31517.76
SHIP_301,Container,25782.96,19.15,21.06,9439.14,Rio Grande,Salvador,1647.97,86.08,1.82,2.44,90.34,1178323.47,25392.14,2056484.01,2664690.35,608206.34,False,0.6578495715500351,28879.58
SHIP_302,Granelheiro,5089.65,22.19,78.59,12724.0,Rio Grande,Salvador,903.41,40.72,1.17,1.04,42.92,2080028.45,16629.93,2642804.18,3848827.3,1206023.11,False,0.6425233868807179,15345.35
SHIP_303,Granelheiro,33558.77,20.82,29.47,8178.41,Recife,Fortaleza,1277.51,61.36,1.33,1.49,64.18,1175419.8,20704.03,1720987.13,2124161.98,403174.85,False,0.8001692713477102,13679.37
SHIP_304,Granelheiro,49381.1,19.15,80.31,18072.03,Paranaguá,Manaus,2197.45,114.76,1.82,2.51,119.1,5990844.99,18146.69,8161295.93,10046725.58,1885429.65,False,0.9046844381942845,23477.13
SHIP_305,Container,33413.85,20.33,29.23,14084.57,Salvador,Recife,793.01,39.02,1.67,1.29,41.98,741331.8,37682.95,1370235.48,1620304.62,250069.13,False,0.8676803403607469,8554.76
SHIP_306,Container,35550.4,22.73,96.12,16647.34,Belém,Itajaí,2028.34,89.24,2.71,2.35,94.3,5575070.23,26324.76,7171204.99,10428709.83,3257504.85,False,0.8501244462180535,33891.61
SHIP_307,Petroleiro,44670.36,22.31,75.78,16289.57,Recife,Santos,1662.64,74.51,2.75,1.41,78.67,3670423.4,15095.46,4967003.17,6030952.69,1063949.52,False,0.7579529395602391,14039.6
SHIP_308,Petroleiro,13254.9,23.55,90.6,11994.65,Recife,Itajaí,689.25,29.27,1.78,2.61,33.65,1723672.45,46070.96,2173369.71,2567595.28,394225.57,False,0.6146949001183558,4351.05
SHIP_309,Gaseiro,26566.7,16.82,79.45,17718.92,Manaus,Salvador,1863.96,110.84,2.96,1.9,115.7,5723622.6,30534.73,7804251.33,11672718.05,3868466.72,False,0.9490138238660326,48692.71
SHIP_310,Graneleiro,30157.67,18.21,37.61,10257.81,Rio Grande,Rio de Janeiro,1431.33,78.59,1.14,1.74,81.47,1921304.42,28569.54,2785588.56,3869447.42,1083858.86,False,0.848067979330204,28819.21
SHIP_311,Graneleiro,5376.37,17.18,72.93,12259.84,Salvador,Rio Grande,513.28,29.88,2.61,2.55,35.04,1416661.87,31936.77,1878149.23,2115895.37,237746.14,True,0.7491248421691339,3259.71
SHIP_312,Gaseiro,29661.46,20.21,48.02,15162.1,Belém,Rio de Janeiro,2396.25,118.56,1.03,1.41,121.01,3700432.07,38529.43,5573685.23,6993013.42,1419328.18,False,0.6682413199651012,29559.34
SHIP_313,Gaseiro,45068.43,22.5,92.66,16380.73,Recife,Santos,1992.89,88.57,2.31,2.78,93.66,5334605.44,33152.27,6901980.26,9338079.26,2436099.0,False,0.7074165796180995,26291.22
SHIP_314,Granelheiro,23673.7,22.13,50.9,13827.57,Salvador,Belém,963.43,43.54,2.2,2.72,48.46,1440417.73,44745.59,2155275.93,2995268.35,839992.42,False,0.665772133285363,16503.78
SHIP_315,Container,8463.73,21.96,50.62,17327.46,Salvador,Manaus,2148.78,97.84,2.59,1.54,101.98,3219564.14,37694.36,5024296.05,6057415.89,1033119.84,False,0.8618814909661635,20407.75
SHIP_316,Gaseiro,15126.88,20.29,86.07,11946.72,Manaus,Salvador,1196.14,58.96,2.31,2.65,63.92,3298699.54,12525.61,4074827.81,5748425.58,1673597.77,False,0.8723088351006285,19443.84
SHIP_317,Granelheiro,39238.31,16.88,27.07,15484.23,Santos,Recife,1420.87,84.19,1.86,1.06,87.12,1481382.15,20383.06,2850681.58,3174150.02,323468.44,False,0.9109624384730222,11948.98
SHIP_318,Gaseiro,42094.71,21.3,88.65,16756.59,Belém,Paranaguá,1572.46,73.82,1.4,2.03,77.25,4253856.23,39449.16,5587813.18,7122046.97,1534233.79,False,0.8888954824433818,17306.71
SHIP_319,Container,43019.21,17.49,66.14,6008.84,Belém,Rio de Janeiro,737.29,42.16,3.0,1.65,46.81,1812181.77,39927.36,2133359.29,3035057.77,901698.48,False,0.6020015034762762,13633.96
SHIP_320,Graneleiro,25962.16,20.71,44.32,9771.57,Manaus,Recife,2902.9,140.16,2.78,2.7,145.64,4037890.74,26240.47,5487259.51,6066052.46,578792.95,False,0.7092687288761612,13058.69
SHIP_321,Petroleiro,5708.43,15.17,93.33,15592.38,Rio de Janeiro,Itajaí,1272.39,83.87,1.27,2.02,87.16,5087662.86,10213.85,6456841.13,9526200.63,3069359.5,False,0.9025516364039274,32887.78
SHIP_322,Gaseiro,31412.14,20.81,99.25,16350.95,Recife,Manaus,1605.73,77.16,2.41,1.78,81.36,4978228.74,19155.02,6327644.48,8471075.52,2143431.04,False,0.7326946804314765,21595.34
SHIP_323,Granelheiro,21716.87,21.19,70.65,12039.28,Manaus,Fortaleza,1607.65,75.89,1.99,2.72,80.6,3484631.34,28446.68,4483390.66,6617362.3,2133971.63,False,0.6186717989461141,30206.63
SHIP_324,Granelheiro,25464.4,21.75,74.2,10596.84,Recife,Fortaleza,2854.23,131.24,1.33,2.0,134.58,6330010.6,37635.36,7793739.89,10746431.93,2952692.04,False,0.696350874708151,39792.34
SHIP_325,Graneleiro,12029.3,21.36,67.94,7690.34,Recife,Manaus,2262.85,105.94,1.91,2.34,110.19,4678771.02,43494.68,5569644.25,6504739.46,935095.21,False,0.839888370206102,13762.7
SHIP_326,Container,6123.48,16.71,56.29,11823.09,Fortaleza,Salvador,2214.25,132.48,2.82,2.28,137.57,4846786.1,48141.4,6521484.19,9473409.59,2951925.4,False,0.8004125315087078,52444.81
SHIP_327,Petroleiro,17465.56,24.21,66.66,13892.6,Fortaleza,Salvador,1387.31,57.3,1.1,1.06,59.46,2482400.76,26933.41,3335436.08,3781804.65,446368.57,False,0.9083405519738801,6696.67
SHIP_328,Graneleiro,44731.17,21.59,36.9,17944.95,Salvador,Belém,2715.23,125.76,1.39,2.47,129.63,3016254.87,21460.78,5363901.84,7622405.56,2258503.72,False,0.6701935422458433,61208.47
SHIP_329,Petroleiro,14730.22,21.91,68.24,14284.87,Recife,Manaus,2851.93,130.15,2.55,1.26,133.96,5773344.99,23900.28,7710860.36,9824850.24,2113989.88,False,0.8859408675451428,30977.31
SHIP_330,Gaseiro,43364.63,24.38,26.81,10783.96,Salvador,Itajaí,677.59,27.79,1.42,1.46,30.67,484306.16,28764.29,843851.96,1018887.85,175035.88,True,0.6261874218182405,6529.17
SHIP_331,Gaseiro,24730.55,20.3,98.82,7490.33,Fortaleza,Belém,786.08,38.73,1.02,1.31,41.05,2487554.36,18290.92,2813352.53,3804306.38,990953.85,False,0.6813770972727409,10027.43
SHIP_332,Gaseiro,10835.55,17.56,48.43,15109.91,Belém,Fortaleza,656.41,37.37,1.42,2.62,41.41,1176320.72,15876.88,1817903.72,2248852.45,430948.73,False,0.654223858900205,8899.2
SHIP_333,Container,8723.16,19.85,44.19,13451.13,Rio Grande,Rio de Janeiro,2509.51,126.45,1.27,2.16,129.89,3632471.79,30220.35,5409844.26,6262606.2,852761.94,False,0.6010993171168427,19296.07
SHIP_334,Container,12840.95,23.75,55.34,19763.52,Recife,Salvador,1489.27,62.7,2.43,1.56,66.69,2255204.57,24552.39,3597778.12,4232031.85,634253.73,False,0.8010006512815738,11461.09
SHIP_335,Gaseiro,35024.56,22.77,88.98,9708.13,Itajaí,Rio de Janeiro,1845.06,81.03,2.68,2.98,86.69,4686241.83,45580.77,5573396.58,6958869.99,1385473.41,False,0.7829660495466544,15571.27
SHIP_336,Graneleiro,26189.03,21.56,64.77,15305.59,Santos,Salvador,2145.21,99.5,1.23,2.6,103.33,4188627.66,14929.3,5785087.77,7980020.94,2194933.17,False,0.8668564355362038,33890.05
SHIP_337,Gaseiro,10670.09,16.96,96.12,7632.37,Rio Grande,Itajaí,1919.32,113.14,2.16,1.98,117.28,7068397.99,35789.81,7999291.79,9534601.39,1535309.6,False,0.9263129653801071,15973.58
SHIP_338,Graneleiro,38372.12,17.79,30.53,17820.55,Salvador,Paranaguá,913.26,51.32,2.71,1.98,56.01,1018562.38,26262.27,2043014.24,2985408.32,942394.07,False,0.9244933236525572,30865.49
SHIP_339,Container,48646.69,20.71,31.44,10618.22,Santos,Rio Grande,2494.33,120.43,1.73,1.17,123.33,2461027.36,32271.4,3802892.61,5468743.41,1665850.8,False,0.6612930990456236,52984.92
SHIP_340,Graneleiro,35274.41,17.21,37.46,18111.08,Salvador,Itajaí,1124.17,65.34,1.53,1.0,67.87,1590812.15,44826.76,2864792.49,4059519.61,1194727.12,False,0.7317856007262544,31896.3
SHIP_341,Gaseiro,15442.51,17.65,64.35,7992.58,Itajaí,Rio Grande,1234.87,69.95,1.47,2.9,74.32,2925688.5,47786.63,3567491.4,4794625.05,1227133.65,False,0.6833513287829937,19070.57
SHIP_342,Gaseiro,45879.55,19.68,57.3,16408.63,Manaus,Fortaleza,886.23,45.03,1.97,1.86,48.86,1677275.11,33876.43,2512958.8,3768993.62,1256034.81,False,0.7315317555461301,21918.82
SHIP_343,Container,36865.48,19.76,73.95,16443.4,Rio Grande,Paranaguá,613.63,31.06,2.29,1.45,34.81,1492974.07,36801.3,2102101.12,2706102.19,604001.07,False,0.6431902853219588,8167.48
SHIP_344,Graneleiro,33184.51,17.78,88.24,18925.75,Paranaguá,Belém,2991.0,168.18,2.59,2.51,173.28,9645857.43,18620.03,12943883.42,15977966.24,3034082.82,False,0.8536094003966701,34385.0
SHIP_345,Graneleiro,10021.68,21.08,42.48,7602.44,Paranaguá,Belém,1449.38,68.75,2.6,1.78,73.13,1898383.86,40030.79,2494402.2,2869047.74,374645.54,False,0.6737735072741409,8818.51
SHIP_346,Granelheiro,30040.53,23.56,86.81,18910.33,Manaus,Recife,1414.71,60.03,1.64,2.5,64.17,3387365.51,27244.5,4628079.76,5252960.62,624880.86,False,0.6820489600040301,7198.65
SHIP_347,Petroleiro,20528.77,15.3,96.92,15018.02,Belém,Salvador,2833.01,185.15,1.53,2.22,188.91,11664110.38,37140.0,14538237.89,17838706.92,3300469.02,False,0.8168655744307227,34053.75
SHIP_348,Gaseiro,31983.24,20.06,48.03,18693.97,Salvador,Rio de Janeiro,1349.43,67.26,1.91,2.36,71.53,2099907.3,31720.86,3468730.15,4296904.7,828174.55,False,0.946538096130403,17241.76
SHIP_349,Container,19034.57,18.4,26.32,11641.97,Manaus,Recife,1152.62,62.64,1.69,2.67,67.0,1071506.25,47419.38,1898930.05,2229900.7,330970.65,False,0.7584847999738209,12577.19
SHIP_350,Petroleiro,13932.1,16.65,39.2,15651.99,Recife,Santos,1182.37,71.02,1.68,1.9,74.6,1809510.25,46529.31,3023659.76,3555090.24,531430.48,False,0.7648360883521567,13557.19
SHIP_351,Gaseiro,34786.11,22.51,80.31,13668.37,Rio Grande,Paranaguá,2760.9,122.64,2.63,2.51,127.79,6402077.23,12224.22,8161001.04,8999553.56,838552.53,False,0.9027369117903206,10441.52
SHIP_352,Granelheiro,16225.62,22.17,88.49,10351.53,Salvador,Recife,2393.66,107.96,1.59,1.6,111.15,6209889.17,14282.29,7374748.9,9410350.82,2035601.93,False,0.6646213600715792,23003.6
SHIP_353,Petroleiro,20394.84,19.3,86.48,6798.37,Rio de Janeiro,Salvador,2337.31,121.11,2.06,1.58,124.75,6807349.04,29712.78,7685129.78,9375680.25,1690550.47,False,0.8568590957808895,19549.38
SHIP_354,Gaseiro,33450.72,20.84,51.21,10326.97,Santos,Manaus,613.12,29.43,1.44,1.03,31.89,979483.42,33256.68,1342090.42,1533125.31,191034.89,False,0.7983118406169121,3730.45
SHIP_355,Granelheiro,34566.37,23.98,51.96,9901.92,Fortaleza,Belém,527.03,21.97,2.65,2.6,27.23,742180.17,14178.18,1025980.96,1365316.93,339335.97,False,0.7265394895639135,6530.53
SHIP_356,Gaseiro,9147.56,20.85,38.1,18435.47,Salvador,Recife,2458.75,117.92,2.4,2.23,122.55,2920474.16,44538.63,5224363.11,6212942.3,988579.19,False,0.6603833569312267,25945.58
SHIP_357,Granelheiro,30558.84,17.96,95.07,17281.1,Itajaí,Rio Grande,2958.92,164.72,1.52,2.94,169.18,10178301.76,27249.35,13129106.63,16267061.82,3137955.19,False,0.6184678402508609,33008.43
SHIP_358,Petroleiro,36140.51,19.58,38.12,14209.55,Manaus,Rio de Janeiro,1132.15,57.82,2.16,1.72,61.7,1432818.52,42942.09,2352451.69,3359956.08,1007504.4,False,0.9135594634174309,26428.61
SHIP_359,Graneleiro,40726.82,16.58,24.14,13359.66,Salvador,Paranaguá,890.09,53.67,2.67,1.72,58.06,842309.78,46515.7,1664494.53,2207577.93,543083.4,False,0.7333469457839399,22494.57
SHIP_360,Container,41378.26,23.24,50.77,11886.86,Santos,Paranaguá,1258.21,54.15,2.87,1.24,58.25,1786898.87,47349.98,2526672.91,3470502.94,943830.03,False,0.8105887574064036,18590.72
SHIP_361,Graneleiro,47169.9,18.12,39.98,14812.4,Manaus,Itajaí,2048.1,113.04,1.66,2.86,117.56,2937753.03,43794.49,4722929.6,5618364.08,895434.48,False,0.6407254698075735,22396.07
SHIP_362,Petroleiro,32575.81,24.38,72.94,6152.05,Rio de Janeiro,Manaus,1386.67,56.87,2.1,1.81,60.77,2696152.53,43345.76,3113380.69,4439271.14,1325890.46,False,0.7533618508332243,18177.27
SHIP_363,Graneleiro,45466.72,24.62,55.53,16250.43,Manaus,Itajaí,1829.15,74.29,2.08,1.56,77.92,2681332.62,18678.25,3966232.19,4819773.84,853541.65,False,0.654884446860882,15371.04
SHIP_364,Container,42228.6,15.42,53.53,7523.05,Itajaí,Salvador,2698.33,175.0,2.11,1.46,178.58,6089505.29,30097.09,7463033.03,10392979.08,2929946.05,False,0.7095675507721013,54729.92
SHIP_365,Graneleiro,42642.43,15.5,57.17,10694.25,Itajaí,Paranaguá,1291.47,83.31,1.57,1.18,86.06,3095749.87,22593.03,4038722.98,4512145.97,473422.99,False,0.739379727885304,8281.11
SHIP_366,Graneleiro,24975.67,23.94,72.64,5120.89,Itajaí,Fortaleza,2857.94,119.4,1.47,1.22,122.09,5637902.43,40725.13,6303830.94,8196183.79,1892352.85,False,0.6873260778889596,26049.54
SHIP_367,Container,29636.22,17.74,92.13,8228.07,Manaus,Belém,2710.89,152.78,2.12,2.66,157.55,9148763.17,38513.84,10483648.76,14453576.37,3969927.61,False,0.7383043541153067,43092.07
SHIP_368,Granelheiro,37776.69,18.46,73.69,17081.45,Fortaleza,Paranaguá,2866.89,155.32,1.8,2.57,159.69,7439297.82,20637.14,10187606.65,15242013.7,5054407.05,True,0.9491679877879848,68592.51
SHIP_369,Graneleiro,13600.94,19.6,54.48,9567.39,Fortaleza,Rio Grande,995.24,50.79,1.13,2.77,54.69,1798410.34,26793.95,2348465.4,3050088.72,701623.31,False,0.7460176964976017,12878.85
SHIP_370,Graneleiro,12210.15,16.71,53.45,16359.24,Paranaguá,Manaus,2744.91,164.27,1.17,1.79,167.23,5707453.39,14009.82,8457192.16,9359041.69,901849.53,False,0.6558687155012585,16872.27
SHIP_371,Granelheiro,20103.05,15.77,38.8,17452.26,Paranaguá,Itajaí,2870.63,182.05,1.61,1.53,185.19,4591328.23,21195.71,7844534.4,9500418.62,1655884.21,False,0.9244207212158878,42677.93
SHIP_372,Petroleiro,14616.42,19.2,20.77,17869.33,Manaus,Belém,2327.89,121.24,2.89,2.56,126.7,1637247.32,22548.26,3923855.88,4705289.2,781433.32,False,0.8059232773441036,37614.21
SHIP_373,Container,22895.8,24.74,63.54,9128.59,Rio de Janeiro,Rio Grande,2273.6,91.91,1.54,2.81,96.26,3795608.02,24988.88,4699301.31,6202830.67,1503529.36,False,0.7436735279211941,23664.25
SHIP_374,Gaseiro,12350.15,17.22,45.4,8890.83,Recife,Fortaleza,718.98,41.76,1.18,1.39,44.32,1232391.14,12022.37,1638491.63,2212918.63,574427.0,False,0.6979110887191748,12651.36
SHIP_375,Container,19939.92,21.63,89.65,16386.3,Rio de Janeiro,Recife,2318.82,107.21,1.97,2.39,111.57,6247684.55,32110.49,8108023.45,9620171.54,1512148.09,False,0.8819013152549952,16867.11
SHIP_376,Granelheiro,39207.24,16.54,31.94,9022.62,Rio Grande,Itajaí,1402.69,84.81,1.82,2.36,88.99,1760756.03,12267.22,2575920.27,2869237.95,293317.68,False,0.7181363630593366,9183.41
SHIP_377,Petroleiro,41128.3,17.47,98.08,10172.26,Belém,Santos,1343.28,76.91,1.62,1.24,79.78,4903402.68,14445.49,5729388.38,7787625.4,2058237.02,False,0.8891226395918999,20984.73
SHIP_378,Granelheiro,35289.15,23.24,51.76,7344.75,Paranaguá,Santos,2344.88,100.88,1.72,2.34,104.95,3394070.74,20825.76,4185703.64,4740275.27,554571.63,False,0.7555848885675558,10714.42
SHIP_379,Container,27707.86,16.17,33.52,10277.08,Itajaí,Recife,2404.19,148.66,2.01,2.28,152.95,3239402.18,49406.98,4860650.0,6839917.25,1979267.25,False,0.7439166665543219,59038.65
SHIP_380,Gaseiro,24236.89,18.3,65.14,17758.62,Fortaleza,Santos,1003.82,54.85,2.87,2.38,60.09,2322143.34,42930.93,3432227.15,4539038.98,1106811.83,True,0.8111172579651336,16991.66
SHIP_381,Container,28562.02,17.54,57.68,12383.48,Itajaí,Fortaleza,987.52,56.31,2.3,2.56,61.18,2111197.68,41658.54,2910484.55,3902924.65,992440.11,True,0.6359949072551169,17207.16
SHIP_382,Granelheiro,10667.98,24.79,73.91,17703.31,Recife,Fortaleza,1310.82,52.87,2.35,2.19,57.42,2540040.91,34126.0,3590608.1,4929951.54,1339343.44,False,0.6004711948347973,18121.98
SHIP_383,Container,22014.53,16.43,21.47,11961.0,Recife,Itajaí,2857.65,173.89,1.65,2.32,177.86,2426784.04,36089.41,4590222.93,5510250.68,920027.75,False,0.6743168910004119,42850.0
SHIP_384,Graneleiro,10490.33,22.01,29.08,19953.64,Recife,Paranaguá,958.63,43.55,2.19,1.82,47.56,822986.76,15055.46,1786993.13,1985595.19,198602.06,True,0.6285595520016934,6830.62
SHIP_385,Petroleiro,16636.62,15.28,70.51,11395.98,Recife,Salvador,1870.36,122.42,1.35,1.59,125.36,5610593.2,36552.98,7075733.7,10515397.08,3439663.38,False,0.8820926153036542,48782.61
SHIP_386,Petroleiro,31640.76,16.66,21.97,10441.3,Manaus,Rio de Janeiro,1866.74,112.06,2.68,1.25,115.99,1600559.36,42008.25,2853660.08,4124119.87,1270459.79,False,0.6501485105459244,57814.57
SHIP_387,Granelheiro,37162.35,17.93,62.04,15467.49,Itajaí,Rio Grande,2750.66,153.38,2.58,2.35,158.32,6184998.34,37185.33,8670964.94,12818893.21,4147928.27,False,0.6887724444299134,66861.49
SHIP_388,Petroleiro,39035.04,15.82,93.94,9887.35,Itajaí,Rio de Janeiro,819.44,51.81,1.88,1.08,54.78,3163573.06,37385.05,3742568.27,5468199.89,1725631.63,False,0.7948024499757537,18368.93
SHIP_389,Container,20422.89,16.35,27.55,17472.77,Santos,Itajaí,2795.99,171.05,2.3,1.21,174.56,3063524.37,26081.09,6139645.61,8543781.52,2404135.91,False,0.641376517801881,87253.34
SHIP_390,Container,5001.38,22.12,48.53,8817.22,Manaus,Belém,532.24,24.06,2.08,2.7,28.84,758929.6,48305.27,1061550.46,1407932.23,346381.77,False,0.79358918987043,7137.82
SHIP_391,Granelheiro,41551.62,18.84,73.3,19832.53,Rio Grande,Paranaguá,1064.32,56.49,1.78,1.96,60.23,2691578.26,15520.62,3901635.11,4418271.85,516636.75,False,0.945567655502841,7048.11
SHIP_392,Container,24984.66,20.32,89.89,19933.53,Itajaí,Rio Grande,1956.79,96.3,2.62,1.65,100.58,5626901.33,22229.76,7654114.4,9652461.98,1998347.58,False,0.9008447389212779,22231.16
SHIP_393,Petroleiro,31653.56,21.95,49.17,16077.59,Rio de Janeiro,Belém,2166.54,98.72,1.24,2.15,102.1,3155346.65,20269.74,4817194.76,6848308.41,2031113.65,False,0.85558721633535,41304.92
SHIP_394,Petroleiro,32862.77,16.87,22.06,9268.12,Paranaguá,Rio de Janeiro,1607.58,95.31,2.23,2.7,100.25,1366391.54,17849.83,2313342.31,2660852.4,347510.09,False,0.7832472528354495,15756.4
SHIP_395,Graneleiro,17701.81,17.98,42.23,16572.68,Paranaguá,Rio Grande,2129.75,118.45,2.66,2.95,124.06,3251105.02,28966.57,5336111.1,6012076.59,675965.49,False,0.823220949645957,16007.67
SHIP_396,Graneleiro,41903.04,15.42,59.85,15339.66,Itajaí,Paranaguá,1130.78,73.35,1.62,2.23,77.19,2853597.1,45917.41,4083657.29,5815004.53,1731347.23,False,0.6474909112272977,28927.92
SHIP_397,Graneleiro,45213.59,15.75,92.62,19948.48,Rio Grande,Fortaleza,2251.08,142.96,2.54,1.67,147.17,8606422.35,47663.07,11589983.76,15204732.64,3614748.88,False,0.7105206029373236,39028.23
SHIP_398,Graneleiro,7559.66,22.67,76.17,9970.28,Santos,Manaus,2189.16,96.59,1.79,2.51,100.89,4781953.09,28167.35,5816030.16,7356765.71,1540735.55,False,0.7926651219860291,20227.96
SHIP_399,Granelheiro,40550.67,18.18,66.38,10184.37,Rio Grande,Itajaí,2539.42,139.68,1.93,1.15,142.77,6026791.58,16642.1,7497462.01,8430460.18,932998.17,False,0.9492122861535701,14055.73
SHIP_400,Container,25328.28,18.55,52.06,6727.19,Santos,Rio Grande,2708.18,146.02,1.83,1.77,149.62,4940657.42,36387.61,5983562.98,7639893.2,1656330.22,False,0.7593840974182127,31818.03
SHIP_401,Gaseiro,23673.22,22.3,30.83,7964.59,Fortaleza,Salvador,951.3,42.65,1.52,2.05,46.23,854632.78,14448.35,1237244.49,1790624.0,553379.52,False,0.6443884078926465,17950.3
SHIP_402,Container,22628.41,16.63,78.75,8132.46,Recife,Belém,646.41,38.88,2.1,2.19,43.17,1990061.06,44876.52,2386043.97,3175329.76,789285.8,False,0.8810541585342122,10022.77
SHIP_403,Container,29312.55,15.79,65.27,18620.28,Recife,Santos,1490.78,94.4,1.59,1.29,97.28,4004688.67,16057.82,5832049.94,7424832.89,1592782.96,True,0.8150400026009633,24403.72
SHIP_404,Graneleiro,28564.85,18.19,57.59,12537.36,Itajaí,Santos,1001.93,55.08,1.63,2.58,59.29,2061858.6,46631.53,2851834.45,3547447.17,695612.72,False,0.6969742373996899,12078.03
SHIP_405,Graneleiro,47339.61,16.24,90.01,19564.1,Recife,Itajaí,942.88,58.05,2.44,1.08,61.57,3396152.02,26216.91,4626963.85,6045189.9,1418226.05,False,0.9484732417581829,15756.2
SHIP_406,Graneleiro,5472.21,23.95,31.93,16788.88,Itajaí,Paranaguá,2044.83,85.38,1.68,2.75,89.81,1772022.01,10516.29,3290317.22,3917702.61,627385.39,False,0.7230397910173942,19648.0
SHIP_407,Granelheiro,32466.99,15.24,29.32,6906.44,Manaus,Recife,973.21,63.85,1.92,2.5,68.28,1216797.91,46221.55,1734571.88,2487634.54,753062.67,False,0.8871706545680962,25687.14
SHIP_408,Petroleiro,42185.34,20.88,48.25,16996.75,Belém,Itajaí,1886.72,90.36,2.65,2.26,95.27,2833812.12,41376.22,4494550.32,6020113.95,1525563.63,False,0.686589911470421,31619.06
SHIP_409,Gaseiro,43983.16,16.65,53.21,5214.96,Fortaleza,Belém,1695.84,101.87,1.04,2.64,105.56,3523496.24,42994.15,4116961.97,5825900.02,1708938.05,False,0.7831904798227028,32116.86
SHIP_410,Gaseiro,15204.77,21.67,26.41,11627.51,Salvador,Paranaguá,908.42,41.93,1.37,1.4,44.7,719744.75,25468.28,1265000.2,1417382.23,152382.03,False,0.7790976064901453,5770.2
SHIP_411,Container,26748.24,18.83,87.13,7179.9,Rio Grande,Belém,1764.24,93.7,1.12,1.14,95.97,5306978.0,32954.63,6028989.68,7996896.34,1967906.66,True,0.7952557864810256,22585.42
SHIP_412,Container,48190.6,15.49,27.84,5660.99,Manaus,Belém,963.19,62.19,2.08,2.29,66.57,1125483.8,11823.41,1514144.91,2238494.21,724349.3,False,0.7038143687549826,26017.72
SHIP_413,Petroleiro,8473.44,16.7,30.16,6849.26,Rio de Janeiro,Recife,1796.4,107.58,1.49,1.72,110.78,2108616.59,49580.21,2916987.35,4007140.49,1090153.14,False,0.6164405468843489,36150.99
SHIP_414,Graneleiro,46762.33,15.91,42.87,15085.85,Rio de Janeiro,Manaus,924.68,58.11,1.11,1.66,60.89,1619463.36,40638.86,2578641.79,3263197.62,684555.83,False,0.608401765695711,15967.42
SHIP_415,Gaseiro,20091.72,16.77,27.87,19350.81,Rio Grande,Salvador,1998.4,119.16,2.46,1.63,123.25,2158934.91,25725.89,4569596.04,5459614.42,890018.38,False,0.6178412069578548,31930.13
SHIP_416,Granelheiro,32788.81,17.08,67.02,6685.47,Paranaguá,Belém,1329.97,77.88,2.56,1.87,82.31,3392330.19,35109.82,3977748.32,5405693.05,1427944.73,False,0.94738011705669,21307.6
SHIP_417,Graneleiro,15830.17,23.74,86.45,8369.86,Salvador,Manaus,1498.33,63.11,1.82,2.96,67.88,3546079.07,17235.68,4131476.25,5865304.74,1733828.49,False,0.8836638760254131,20055.89
SHIP_418,Graneleiro,17269.28,22.32,49.77,12828.26,Fortaleza,Belém,669.93,30.02,1.36,2.91,34.3,971181.07,45605.52,1456766.13,1982527.66,525761.53,False,0.7920059452691409,10563.91
SHIP_419,Petroleiro,23123.28,20.2,99.72,7028.26,Manaus,Salvador,2188.64,108.37,1.79,1.27,111.43,7024433.0,16349.47,7823923.0,11577131.18,3753208.18,False,0.7519182616283349,37636.67
SHIP_420,Container,10740.66,19.09,48.35,9542.45,Santos,Fortaleza,2327.2,121.9,2.4,2.18,126.48,3831066.03,47546.59,5085548.76,6305784.25,1220235.49,False,0.656510241922484,25237.46
SHIP_421,Granelheiro,26228.29,20.53,65.62,8151.61,Rio Grande,Paranaguá,2355.68,114.72,1.05,1.71,117.48,4893238.87,41208.51,5892073.23,7810279.91,1918206.68,True,0.7156963508072017,29230.73
SHIP_422,Gaseiro,38513.15,19.12,35.66,12697.63,Paranaguá,Rio de Janeiro,826.26,43.21,1.88,1.63,46.72,1001470.57,46478.38,1641195.89,1845313.86,204117.98,False,0.7797977493253566,5723.93
SHIP_423,Granelheiro,17968.3,15.06,59.7,9284.39,Rio Grande,Santos,2336.52,155.1,1.05,2.17,158.32,6018554.49,47658.97,7536091.92,8815446.82,1279354.9,False,0.6213156765848227,21430.04
SHIP_424,Petroleiro,6391.89,22.14,48.93,6880.63,Belém,Fortaleza,1134.03,51.21,2.28,1.55,55.05,1628811.04,29780.85,2037347.34,2340256.31,302908.98,False,0.9117304594116449,6190.44
SHIP_425,Gaseiro,31862.54,23.1,54.37,16247.9,Rio de Janeiro,Itajaí,2782.6,120.45,2.14,1.36,123.96,4257088.53,20751.9,6291872.31,7420998.07,1129125.76,False,0.7346564017776057,20765.96
SHIP_426,Petroleiro,24619.78,20.94,67.17,6010.65,Manaus,Fortaleza,2578.85,123.15,1.35,2.45,126.95,5377035.71,40906.84,6181008.36,8566629.2,2385620.84,False,0.699149541222402,35514.96
SHIP_427,Granelheiro,23014.08,23.12,21.11,14740.68,Paranaguá,Rio Grande,2172.19,93.96,2.6,2.87,99.42,1289186.69,10805.51,2765528.08,3212198.15,446670.07,False,0.8474553529954068,21160.2
SHIP_428,Gaseiro,34815.56,23.08,90.87,17241.19,Recife,Fortaleza,547.36,23.72,2.47,1.42,27.61,1401012.24,15317.12,1892314.68,2564834.83,672520.15,False,0.6808782985060736,7400.65
SHIP_429,Gaseiro,45382.36,17.56,37.65,7071.88,Recife,Manaus,2647.78,150.77,2.0,2.35,155.12,3689880.56,19562.66,4806420.15,6744446.47,1938026.32,False,0.779275147686968,51471.95
SHIP_430,Container,35621.58,24.32,69.63,17056.33,Rio Grande,Rio de Janeiro,709.31,29.17,1.77,1.75,32.69,1320187.96,45451.53,1923197.21,2231963.58,308766.37,False,0.9379736413433801,4434.41
SHIP_431,Petroleiro,22709.99,16.31,73.74,15939.65,Recife,Paranaguá,1937.65,118.82,1.41,2.01,122.24,5695004.54,22487.59,7666027.55,9743418.38,2077390.83,False,0.860825159941792,28173.09
SHIP_432,Petroleiro,15450.11,19.05,41.53,7979.47,Salvador,Rio de Janeiro,2458.47,129.03,2.82,1.74,133.59,3483383.59,40051.16,4589415.69,6695030.96,2105615.27,False,0.6501064752339175,50697.49
SHIP_433,Petroleiro,34597.23,21.42,22.05,16819.55,Rio Grande,Itajaí,2758.12,128.79,1.53,2.62,132.95,1845509.05,13296.24,4094953.57,5487185.13,1392231.57,False,0.9064210276385638,63152.4
SHIP_434,Container,18610.98,23.59,88.58,16469.76,Recife,Itajaí,866.74,36.75,2.38,2.89,42.02,2115713.83,37301.62,2845027.87,3506914.33,661886.46,False,0.8342749444842619,7472.32
SHIP_435,Container,15407.6,17.44,44.48,5955.27,Salvador,Manaus,942.82,54.07,1.01,1.89,56.98,1563518.8,13370.22,1916190.93,2631047.11,714856.18,False,0.930250950412312,16070.04
SHIP_436,Gaseiro,44206.32,17.89,82.66,17048.67,Santos,Manaus,2966.41,165.77,2.2,1.16,169.13,8906513.52,35873.49,11825871.72,15964831.02,4138959.3,True,0.6591004621796382,50073.77
SHIP_437,Gaseiro,7413.57,22.17,58.04,17736.47,Rio Grande,Recife,1458.49,65.77,1.34,2.67,69.78,2481268.47,31956.39,3750918.74,4409873.83,658955.09,False,0.8022397900290025,11353.84
SHIP_438,Graneleiro,18854.34,19.77,83.45,19718.62,Itajaí,Salvador,2831.22,143.19,2.87,1.8,147.87,7766712.84,28751.6,10711172.47,14805562.7,4094390.22,False,0.727043994141355,49066.91
SHIP_439,Graneleiro,44567.58,22.25,29.01,11116.67,Rio Grande,Rio de Janeiro,2715.95,122.04,1.09,2.92,126.06,2301119.11,37166.5,3739675.92,5058100.12,1318424.21,True,0.8433156131735229,45451.56
SHIP_440,Graneleiro,33333.28,23.63,30.58,19663.85,Rio de Janeiro,Rio Grande,1956.57,82.78,2.99,2.82,88.6,1645647.9,18860.69,3406673.0,3823870.54,417197.54,False,0.7250173168975657,13641.47
SHIP_441,Container,20484.12,20.21,55.25,18198.72,Paranaguá,Salvador,1763.8,87.29,2.02,1.28,90.59,3135106.27,49309.58,4832959.35,5799498.81,966539.46,False,0.75794331492559,17492.92
SHIP_442,Gaseiro,44112.87,20.3,57.44,11160.64,Itajaí,Rio Grande,2544.06,125.32,2.79,2.71,130.82,4678791.1,36941.86,6175721.05,7132616.29,956895.24,False,0.6898265225151335,16659.49
SHIP_443,Granelheiro,38845.14,20.13,45.67,13940.75,Manaus,Santos,2989.34,148.51,1.87,2.84,153.22,4408459.0,23800.67,6568299.22,7368929.46,800630.24,False,0.7465433001646895,17531.4
SHIP_444,Granelheiro,14883.57,15.0,93.2,17658.19,Recife,Fortaleza,2355.73,157.02,1.34,1.24,159.6,9512583.31,12704.19,12343557.67,17152751.85,4809194.18,False,0.6811444521001542,51600.73
SHIP_445,Container,36750.32,18.08,39.37,6095.05,Fortaleza,Rio de Janeiro,2360.07,130.56,2.42,1.47,134.45,3341340.25,39975.16,4200779.48,6163116.28,1962336.81,False,0.6814549221204431,49838.43
SHIP_446,Gaseiro,7422.37,16.9,23.12,10877.16,Itajaí,Recife,2506.0,148.3,1.68,1.89,151.87,2228255.61,37023.47,3917151.29,5106232.44,1189081.15,False,0.8706142254405653,51438.35
SHIP_447,Container,35221.45,15.32,62.8,5565.47,Santos,Fortaleza,2520.17,164.53,1.64,2.12,168.3,6715900.16,21177.81,7673734.97,10842987.96,3169252.99,False,0.9472474738175038,50467.95
SHIP_448,Container,43588.88,15.97,76.51,10183.69,Fortaleza,Manaus,517.46,32.39,1.81,1.47,35.67,1611011.55,42754.77,2017026.42,2490890.96,473864.54,False,0.6240270331517552,6193.52
SHIP_449,Graneleiro,49635.01,24.51,30.96,13063.77,Salvador,Paranaguá,962.3,39.26,1.86,1.12,42.23,790014.33,18956.98,1360711.26,1694506.14,333794.88,False,0.906566723749963,10780.91
SHIP_450,Petroleiro,45738.45,19.93,46.41,6602.01,Manaus,Itajaí,2883.51,144.68,1.12,1.6,147.4,4364868.98,21922.65,5359932.11,6582856.97,1222924.87,False,0.8955102024533338,26349.05
SHIP_451,Graneleiro,46211.34,22.18,42.69,9894.23,Rio de Janeiro,Manaus,551.9,24.88,2.52,1.09,28.49,690452.45,44586.09,1016930.78,1166891.71,149960.93,False,0.9344068670033236,3512.9
SHIP_452,Granelheiro,16113.25,23.6,33.5,17809.14,Rio de Janeiro,Itajaí,533.07,22.59,2.02,2.54,27.15,491993.72,47391.82,1022968.58,1497299.53,474330.95,False,0.9108669723814564,14157.1
SHIP_453,Container,13964.89,17.84,43.12,10655.81,Santos,Belém,1483.3,83.14,2.09,1.32,86.54,2330003.23,37649.87,3289860.02,3839354.21,549494.19,False,0.7761707957121539,12744.12
SHIP_454,Gaseiro,40839.83,22.39,71.64,7336.6,Rio de Janeiro,Belém,1867.61,83.4,1.17,1.75,86.32,3883537.19,26540.66,4543409.58,5070102.4,526692.83,False,0.6734641703551807,7351.66
SHIP_455,Granelheiro,16741.34,24.7,78.78,15493.95,Paranaguá,Manaus,2632.32,106.59,1.23,2.41,110.23,5457825.66,30147.54,7195896.32,10302078.77,3106182.45,False,0.9434401520869469,39430.23
SHIP_456,Container,22172.74,22.75,47.41,14415.03,Manaus,Rio Grande,980.04,43.07,1.29,2.88,47.24,1327321.65,46705.89,2055028.6,2990041.08,935012.48,False,0.8437964907504161,19722.97
SHIP_457,Granelheiro,46583.28,23.2,64.95,15071.09,Santos,Recife,2815.77,121.35,2.24,2.65,126.24,5123127.34,37552.42,7063260.7,9328974.93,2265714.23,False,0.6462940502844685,34884.46
SHIP_458,Container,13850.97,17.37,43.99,14641.93,Belém,Santos,2002.36,115.25,2.39,1.73,119.36,3295395.07,42959.91,5086047.86,6009852.49,923804.63,False,0.8803285525395006,20999.47
SHIP_459,Gaseiro,13107.14,16.1,90.69,10143.94,Paranaguá,Rio Grande,2209.68,137.26,1.05,2.38,140.69,8091608.51,22644.05,9541397.84,10708275.88,1166878.05,False,0.6842813356256106,12866.0
SHIP_460,Gaseiro,22406.33,15.81,31.77,9469.66,Rio de Janeiro,Fortaleza,724.4,45.83,2.82,1.01,49.66,946527.83,29354.41,1446192.08,1662107.09,215915.01,True,0.7199936376819077,6795.54
SHIP_461,Container,10016.95,20.7,66.53,15720.44,Belém,Fortaleza,1100.55,53.16,1.89,1.56,56.61,2298540.18,13238.15,3201686.4,4644512.06,1442825.67,False,0.6581802767180805,21688.43
SHIP_462,Granelheiro,46242.01,18.28,49.77,16397.35,Itajaí,Salvador,1347.06,73.7,2.9,2.48,79.08,2383965.31,33897.17,3714512.91,5394802.77,1680289.87,True,0.7099153324214513,33763.42
SHIP_463,Petroleiro,27463.95,17.17,89.81,6306.64,Manaus,Paranaguá,1718.46,100.11,2.38,1.52,104.02,5844054.54,34969.63,6535015.35,9356534.76,2821519.41,True,0.7230774553196668,31416.51
SHIP_464,Petroleiro,45929.68,20.69,80.97,17177.1,Rio Grande,Belém,1354.62,65.47,1.87,2.7,70.04,3446084.68,24530.21,4673665.98,6625267.62,1951601.65,True,0.7187271044371243,24101.59
SHIP_465,Gaseiro,29506.8,15.41,79.59,11689.33,Recife,Belém,550.06,35.69,1.13,1.77,38.59,1846446.63,33336.86,2330912.81,2996811.66,665898.85,True,0.8221604493864103,8367.03
SHIP_466,Petroleiro,13388.89,22.49,63.66,8060.97,Itajaí,Rio de Janeiro,1229.78,54.67,2.5,1.97,59.13,2262124.0,18641.26,2757446.76,4100070.95,1342624.2,False,0.9349971913889286,21091.98
SHIP_467,Container,24219.73,19.75,91.84,12875.74,Recife,Salvador,2268.2,114.84,1.5,1.89,118.24,6855197.17,14937.99,8392529.15,9923259.45,1530730.3,False,0.6188236874620823,16668.01
SHIP_468,Container,5993.86,18.58,46.69,10815.43,Salvador,Fortaleza,845.92,45.53,2.48,2.71,50.72,1381837.1,47548.59,1977941.66,2565281.39,587339.73,False,0.8694113179999805,12578.79
SHIP_469,Granelheiro,48893.47,20.74,47.33,14726.97,Itajaí,Santos,671.1,32.36,2.79,1.24,36.4,995709.8,23113.71,1554858.95,2217692.44,662833.5,False,0.714038604406807,14004.13
SHIP_470,Petroleiro,13628.13,20.55,66.71,8104.9,Manaus,Santos,2628.51,127.88,1.17,1.71,130.76,5545245.94,37215.38,6642242.45,8034776.27,1392533.81,True,0.6579249211322794,20873.33
SHIP_471,Granelheiro,36797.19,20.35,70.83,7947.3,Belém,Santos,1029.36,50.57,1.08,1.64,53.3,2328283.64,32389.79,2784276.81,4018195.81,1233919.0,False,0.8585602283655756,17421.87
SHIP_472,Petroleiro,18782.05,17.65,75.7,7893.06,Recife,Salvador,731.79,41.46,2.06,2.64,46.17,2039871.54,14055.19,2418324.31,3426176.75,1007852.45,False,0.7863648177593641,13314.58
SHIP_473,Granelheiro,30398.75,21.01,33.3,10696.06,Salvador,Rio de Janeiro,2042.99,97.26,2.94,2.46,102.65,2105176.74,46904.15,3250062.76,4565963.85,1315901.09,False,0.6643246327877654,39516.04
SHIP_474,Graneleiro,19777.35,19.87,21.98,8732.29,Recife,Rio de Janeiro,1519.72,76.48,1.56,1.27,79.31,1092660.11,39120.49,1824313.67,2600119.59,775805.92,True,0.8710468231122062,35294.08
SHIP_475,Petroleiro,22349.91,20.07,88.48,16249.31,Belém,Paranaguá,2512.79,125.22,1.27,1.14,127.63,7201717.48,45736.19,9321419.68,11699628.05,2378208.37,True,0.7147593979063904,26878.46
SHIP_476,Granelheiro,38170.96,15.37,57.98,10044.85,Salvador,Manaus,2801.34,182.29,1.02,2.11,185.42,6870304.49,39626.54,8772486.57,11351660.74,2579174.17,True,0.8354645951864234,44482.69
SHIP_477,Container,20177.01,16.8,42.51,11863.63,Santos,Salvador,1688.46,100.53,2.57,2.5,105.59,2777606.35,28272.71,4058608.43,5837362.32,1778753.9,False,0.6682353950245207,41845.11
SHIP_478,Graneleiro,27721.02,22.69,24.96,13652.12,Recife,Rio de Janeiro,798.03,35.17,1.07,1.11,37.35,570577.3,43366.56,1123893.63,1289318.4,165424.77,False,0.791631259420998,6628.73
SHIP_479,Container,47470.02,17.51,28.05,10898.92,Itajaí,Recife,2041.78,116.61,2.72,1.69,121.03,2125785.64,36151.47,3481010.87,4316730.13,835719.25,False,0.6373182666278092,29799.2
SHIP_480,Graneleiro,21505.92,15.99,81.33,19494.11,Rio Grande,Rio de Janeiro,2925.19,182.88,2.73,2.2,187.81,9667683.56,38034.63,13366978.4,16228612.17,2861633.76,False,0.8398110796472231,35186.47
SHIP_481,Gaseiro,18051.98,17.01,41.22,7546.39,Itajaí,Salvador,739.1,43.44,1.84,1.23,46.5,1163771.92,16876.5,1531585.94,2020054.45,488468.51,False,0.7912424759742462,11851.23
SHIP_482,Graneleiro,16238.49,18.43,88.16,13388.27,Rio de Janeiro,Salvador,1786.86,96.94,1.2,1.03,99.17,5555244.78,48547.41,6931511.93,8669896.77,1738384.84,False,0.8432214329235276,19717.66
SHIP_483,Petroleiro,5474.8,18.94,88.08,10187.88,Salvador,Manaus,588.04,31.05,2.49,2.6,36.14,1777364.02,16423.75,2162001.98,2842894.66,680892.68,False,0.9147371214012208,7730.73
SHIP_484,Graneleiro,33057.74,16.31,44.78,8026.92,Paranaguá,Fortaleza,2772.07,169.93,2.52,2.35,174.8,4945670.62,22038.65,6370853.65,7476947.94,1106094.29,False,0.730549942448402,24703.2
SHIP_485,Graneleiro,14406.67,21.96,95.54,19932.66,Santos,Belém,1625.69,74.04,1.51,1.89,77.43,4597588.68,43890.78,6184812.32,7312936.14,1128123.82,False,0.7196530190793529,11808.28
SHIP_486,Gaseiro,49361.16,23.39,84.69,9768.57,Itajaí,Salvador,521.94,22.32,1.76,1.6,25.69,1228538.16,11495.88,1490953.54,1941439.34,450485.8,False,0.9196303901977446,5319.51
SHIP_487,Container,22458.77,23.3,30.7,19030.92,Recife,Paranaguá,2378.56,102.1,2.88,2.35,107.34,2037178.27,24536.16,4104473.61,6055216.92,1950743.31,False,0.8199757595826713,63551.13
SHIP_488,Graneleiro,14682.0,21.27,93.89,19962.77,Fortaleza,Rio Grande,581.13,27.32,1.47,1.62,30.41,1667078.28,25965.04,2300056.38,2752944.06,452887.69,True,0.7065716485239106,4823.44
SHIP_489,Container,49232.61,21.43,77.41,19649.26,Rio Grande,Rio de Janeiro,1443.0,67.34,2.6,1.87,71.82,3388628.79,44781.35,4844531.03,5679064.56,834533.53,False,0.7899006644380844,10780.12
SHIP_490,Container,34411.4,17.74,67.44,12338.41,Belém,Itajaí,833.36,46.98,1.49,1.58,50.05,2059407.34,46972.38,2723857.4,3247259.28,523401.88,False,0.7660080327039506,7760.48
SHIP_491,Container,12560.9,18.55,52.0,5860.88,Paranaguá,Belém,1958.27,105.58,2.77,1.3,109.65,3568461.83,33912.32,4245023.63,5798259.44,1553235.82,False,0.627119040827335,29870.7
SHIP_492,Graneleiro,17704.12,20.85,40.51,19009.67,Manaus,Paranaguá,827.65,39.69,2.59,2.02,44.3,1045165.95,40013.23,1927313.54,2359583.24,432269.7,False,0.7756808917961446,10669.89
SHIP_493,Container,45946.86,22.17,66.57,16967.07,Santos,Fortaleza,2660.92,120.01,1.91,1.95,123.87,5192510.66,25442.04,7319715.89,10882093.2,3562377.31,False,0.8411923816735154,53516.78
SHIP_494,Gaseiro,43863.85,24.97,54.15,6667.26,Salvador,Itajaí,576.04,23.07,2.45,2.75,28.27,812022.73,18828.5,1019353.53,1185894.71,166541.18,False,0.6191136061247141,3075.63
SHIP_495,Graneleiro,48733.04,20.13,43.27,12041.1,Manaus,Rio de Janeiro,2644.64,131.4,1.61,1.39,134.4,3695798.44,15162.85,5329267.89,6497143.69,1167875.8,False,0.940641309060672,26990.34
SHIP_496,Gaseiro,14063.28,15.1,26.02,10637.79,Belém,Fortaleza,2551.36,169.02,1.01,1.91,171.94,2859010.49,23169.22,4711274.89,5281304.68,570029.79,True,0.6891620475678516,21903.91
SHIP_497,Graneleiro,20834.82,22.06,61.72,6869.71,Recife,Rio Grande,2903.54,131.64,2.27,2.53,136.45,5281599.6,13168.53,6232116.04,6972636.96,740520.92,False,0.6470516995793425,11997.28
SHIP_498,Graneleiro,26047.43,21.06,54.27,5406.6,Belém,Paranaguá,2458.75,116.76,1.02,2.52,120.3,4118473.49,45732.18,4814622.15,6129668.63,1315046.48,False,0.9453406640659584,24232.38
SHIP_499,Granelheiro,16289.31,20.1,92.71,16777.85,Rio de Janeiro,Itajaí,1718.52,85.51,2.89,1.11,89.52,5153093.7,47239.94,6702255.23,7507886.13,805630.9,False,0.91165433180038,8689.87
SHIP_500,Granelheiro,16822.44,19.72,45.95,19282.16,Fortaleza,Itajaí,2559.11,129.76,2.42,2.18,134.35,3875181.02,42823.67,6508551.55,8180642.81,1672091.26,False,0.6540822904966817,36392.29
SHIP_501,Container,24780.33,20.1,40.7,9746.86,Paranaguá,Salvador,717.42,35.68,1.61,2.93,40.22,944105.44,47788.3,1383949.39,1707726.17,323776.78,False,0.7215172586467742,7954.54
SHIP_502,Graneleiro,40738.21,21.25,95.01,15195.57,Paranaguá,Manaus,1925.45,90.6,2.22,2.88,95.71,5595232.56,41528.04,7091060.75,7868357.98,777297.23,True,0.7574802859941008,8181.11
SHIP_503,Container,36180.9,22.33,99.63,9312.67,Salvador,Fortaleza,1845.55,82.64,2.07,1.81,86.52,5352117.86,16766.48,6174624.91,9206258.45,3031633.55,False,0.6202093778134625,30427.79
SHIP_504,Gaseiro,43025.55,15.59,41.73,6556.35,Santos,Itajaí,1238.56,79.44,1.18,2.34,82.96,2155011.61,15333.07,2714259.43,3910537.71,1196278.28,False,0.6596618790535747,28664.95
SHIP_505,Graneleiro,22303.21,18.47,54.54,16726.7,Santos,Itajaí,1710.43,92.61,2.59,2.15,97.35,3283322.76,23682.78,4935333.67,7027873.18,2092539.51,False,0.6656265599916431,38363.85
SHIP_506,Petroleiro,38776.93,17.36,31.48,7781.13,Paranaguá,Fortaleza,955.16,55.02,2.03,2.69,59.74,1125962.01,13184.2,1603960.28,2217928.24,613967.97,False,0.9053819831402767,19501.21
SHIP_507,Graneleiro,15986.64,19.5,94.07,14899.9,Salvador,Santos,1471.92,75.48,1.26,1.52,78.27,4615006.78,33248.62,5814421.13,8066155.6,2251734.47,False,0.9383569796372877,23937.77
SHIP_508,Petroleiro,48116.22,17.48,47.84,18433.34,Santos,Fortaleza,2916.56,166.89,1.89,1.64,170.42,5189943.28,31043.76,8362304.84,11499069.62,3136764.79,False,0.6418358043414772,65562.13
SHIP_509,Granelheiro,15364.37,16.06,85.74,7084.53,Paranaguá,Belém,2368.24,147.42,1.1,2.9,151.42,8216131.2,38446.4,9327298.96,10285386.24,958087.27,False,0.7799286722681649,11174.31
SHIP_510,Granelheiro,40071.43,20.22,71.28,16794.97,Salvador,Fortaleza,1512.77,74.8,1.01,2.7,78.5,3465598.61,25235.61,4809281.19,6244452.89,1435171.7,False,0.6224331488626614,20133.72
SHIP_511,Petroleiro,31826.42,22.4,36.88,17624.33,Manaus,Rio de Janeiro,575.88,25.71,2.69,1.92,30.32,616374.26,18703.52,1169486.62,1349015.99,179529.36,False,0.6416574565725993,4868.25
SHIP_512,Graneleiro,8101.75,19.84,37.61,8809.77,Recife,Manaus,2694.23,135.83,1.18,2.43,139.44,3320290.15,20845.69,4569557.88,6416259.19,1846701.31,False,0.8464110084070798,49104.99
SHIP_513,Petroleiro,14785.38,18.67,51.27,19646.85,Rio Grande,Itajaí,2886.67,154.64,2.6,1.48,158.73,5153856.61,12721.49,8285031.83,10163759.37,1878727.53,False,0.6937273660829217,36641.37
SHIP_514,Graneleiro,24450.4,15.91,79.73,5188.95,Itajaí,Recife,2111.21,132.66,1.37,1.46,135.49,6874709.74,35425.28,7613170.27,11398266.37,3785096.1,False,0.743213905610471,47474.96
SHIP_515,Granelheiro,19822.07,21.93,81.3,9561.42,Santos,Rio Grande,2529.07,115.3,1.59,1.89,118.79,6093250.08,39080.74,7268085.88,10009375.97,2741290.08,False,0.618401039233851,33718.36
SHIP_516,Gaseiro,9698.69,20.69,62.52,11869.45,Rio Grande,Manaus,1491.97,72.11,1.86,2.14,76.11,2930386.36,10083.06,3843882.14,4629123.87,785241.73,False,0.8027596909759613,12560.18
SHIP_517,Gaseiro,45005.03,20.69,70.54,12781.22,Rio de Janeiro,Fortaleza,627.91,30.34,1.47,1.98,33.79,1391267.78,22409.41,1845604.48,2164350.41,318745.93,False,0.8283665844275312,4518.8
SHIP_518,Petroleiro,7372.39,19.46,64.32,9469.32,Itajaí,Fortaleza,1637.69,84.15,1.33,1.61,87.08,3518024.8,34844.25,4377502.0,5343704.34,966202.34,False,0.8199424351743464,15022.19
SHIP_519,Granelheiro,24739.21,15.39,59.96,16471.64,Itajaí,Rio de Janeiro,1163.89,75.64,2.61,1.5,79.76,2948128.38,42949.86,4304786.48,4882089.93,577303.45,False,0.7522551080190781,9627.52
SHIP_520,Container,18169.48,20.45,30.67,15374.65,Fortaleza,Santos,2487.53,121.61,1.33,1.21,124.15,2424699.34,15820.62,4349274.24,6310148.99,1960874.75,False,0.8334273961450259,63927.73
SHIP_521,Gaseiro,17021.48,24.11,54.85,6936.29,Rio Grande,Itajaí,2355.75,97.72,2.29,1.63,101.64,3484268.11,34860.75,4224130.65,5018033.97,793903.32,True,0.6474815135061321,14473.09
SHIP_522,Graneleiro,16702.16,18.85,95.44,14155.64,Fortaleza,Salvador,2587.43,137.26,2.42,1.23,140.91,8514950.91,39436.82,10549001.18,12764708.67,2215707.49,False,0.7528652362464763,23216.05
SHIP_523,Gaseiro,25880.02,22.89,68.23,14813.31,Paranaguá,Belém,2995.5,130.86,1.15,1.45,133.46,5803675.16,26315.84,7806907.42,9673640.17,1866732.75,False,0.6228468651482624,27358.84
SHIP_524,Graneleiro,41982.77,21.46,71.79,6925.25,Salvador,Rio Grande,2125.47,99.03,2.96,2.82,104.82,4620867.57,27565.23,5374320.35,5997629.66,623309.32,False,0.6339563763829813,8682.72
SHIP_525,Gaseiro,7890.74,20.93,86.0,17874.96,Santos,Belém,1659.06,79.28,2.57,2.89,84.74,4431806.1,21006.8,5967548.62,7514242.57,1546693.95,False,0.623119357737756,17984.22
SHIP_526,Granelheiro,48765.57,18.6,58.23,10329.26,Itajaí,Recife,2206.28,118.61,2.32,2.43,123.37,4489408.76,20725.73,5784439.31,7093269.31,1308830.0,False,0.8294284901461394,22477.14
SHIP_527,Container,6790.87,20.98,89.58,18362.48,Itajaí,Rio de Janeiro,1622.59,77.35,1.92,1.15,80.42,4503743.8,36830.6,6017364.46,8595827.81,2578463.35,False,0.8004661865342804,28785.31
SHIP_528,Granelheiro,11175.22,24.38,48.15,11692.24,Paranaguá,Santos,2179.15,89.4,1.67,1.51,92.57,2798098.62,35241.98,3915708.11,4346411.07,430702.96,False,0.7799081794567784,8944.21
SHIP_529,Granelheiro,32258.92,21.32,62.16,13738.01,Recife,Rio de Janeiro,2209.47,103.64,2.51,2.45,108.6,4187721.73,44784.66,5724463.11,6730694.19,1006231.09,False,0.6199508356431769,16186.71
SHIP_530,Container,31450.93,23.4,21.4,5735.07,Itajaí,Manaus,1931.93,82.55,2.64,1.65,86.84,1148243.98,23984.58,1670268.39,2235718.71,565450.32,False,0.9382956214943001,26423.09
SHIP_531,Gaseiro,24833.26,17.6,87.07,15734.31,Manaus,Santos,2217.35,125.96,2.79,2.38,131.12,7128769.27,21351.92,9213238.81,12691653.5,3478414.69,False,0.8366685112247887,39948.73
SHIP_532,Gaseiro,43637.0,24.63,70.27,7761.52,Recife,Fortaleza,764.13,31.03,2.63,2.16,35.81,1417154.39,34731.4,1729831.84,2443534.23,713702.39,False,0.8920603884996338,10156.9
SHIP_533,Container,7529.63,22.48,88.07,9292.03,Belém,Manaus,2101.12,93.49,1.63,2.92,98.03,5351547.34,11336.94,6273784.46,8356161.04,2082376.58,True,0.8492770718120055,23645.04
SHIP_534,Graneleiro,12915.06,17.35,59.55,18722.52,Santos,Itajaí,1029.29,59.31,1.29,2.52,63.12,2295796.08,30024.78,3507552.32,5137561.14,1630008.83,False,0.8638020617967453,27372.26
SHIP_535,Petroleiro,16402.07,23.95,65.91,10261.66,Fortaleza,Salvador,2581.73,107.79,1.99,2.82,112.6,4618334.23,47120.57,5820953.87,6788210.49,967256.62,False,0.7022871348587857,14674.45
SHIP_536,Petroleiro,18266.78,18.55,65.17,8784.84,Paranaguá,Salvador,2788.22,150.35,1.53,2.79,154.67,6368457.58,14139.0,7741332.48,10548533.79,2807201.32,False,0.6780802170851412,43076.69
SHIP_537,Graneleiro,29555.09,21.84,35.22,12813.29,Salvador,Paranaguá,1672.65,76.59,1.14,2.64,80.37,1753227.03,23427.3,2806407.85,3732053.43,925645.58,False,0.7480302403095451,26283.13
SHIP_538,Graneleiro,40801.03,16.41,30.43,14651.43,Fortaleza,Santos,992.96,60.5,1.2,1.33,63.02,1196392.18,46949.26,2166734.42,3095371.88,928637.46,False,0.6436152721161936,30521.55
SHIP_539,Granelheiro,21465.47,17.29,37.46,5820.4,Manaus,Salvador,544.18,31.47,1.21,1.34,34.02,766258.38,27239.35,991485.38,1293103.27,301617.89,False,0.7486741695334651,8050.82
SHIP_540,Gaseiro,20378.7,16.83,20.55,12005.27,Rio de Janeiro,Recife,2214.13,131.53,1.45,1.26,134.24,1756616.03,45481.71,3413703.52,4130615.09,716911.57,False,0.87324475646007,34890.86
SHIP_541,Granelheiro,45958.83,18.83,70.45,11452.14,Paranaguá,Rio Grande,1594.41,84.68,1.62,2.52,88.83,3877825.54,47447.06,4942526.87,7296654.12,2354127.25,False,0.9334920362097046,33415.18
SHIP_542,Graneleiro,15769.95,21.24,57.93,18135.28,Recife,Santos,1178.58,55.49,1.01,1.33,57.82,2089142.06,23980.91,3161670.79,3877120.38,715449.59,False,0.6098425271972733,12351.07
SHIP_543,Graneleiro,21889.46,21.27,31.69,17345.05,Recife,Fortaleza,1087.58,51.14,2.3,1.81,55.25,1053289.63,33841.74,2045496.15,2337961.64,292465.49,False,0.8028588545944358,9229.61
SHIP_544,Granelheiro,46067.23,16.77,20.56,17082.44,Recife,Paranaguá,691.99,41.25,1.83,2.36,45.44,551422.21,19471.9,1347121.28,1527076.51,179955.23,False,0.8782885988843536,8751.23
SHIP_545,Graneleiro,11108.56,24.77,97.15,7455.93,Rio Grande,Itajaí,1248.56,50.4,1.2,1.54,53.14,3182395.9,42638.23,3621249.03,4531363.95,910114.91,False,0.6323849940283517,9368.31
SHIP_546,Container,22974.45,19.19,61.16,15634.46,Salvador,Fortaleza,2765.25,144.1,1.28,1.11,146.49,5729170.44,10741.25,8030174.44,9294513.77,1264339.33,False,0.6421323523269368,20670.98
SHIP_547,Graneleiro,31134.59,24.29,59.74,17644.18,Salvador,Belém,1614.72,66.48,2.42,2.46,71.36,2581581.47,16958.55,3857699.18,4800854.26,943155.08,False,0.6247438128645282,15787.8
SHIP_548,Petroleiro,21269.31,20.35,99.7,12118.0,Itajaí,Fortaleza,2540.14,124.83,1.86,2.59,129.29,8089766.53,33816.59,9690342.99,14095942.86,4405599.87,False,0.8115065469375176,44189.47
SHIP_549,Petroleiro,33350.84,19.17,31.54,6403.39,Rio Grande,Paranaguá,541.68,28.25,2.75,1.47,32.47,579263.85,18460.27,805648.42,1123407.57,317759.15,False,0.7771156423441428,10073.21
SHIP_550,Gaseiro,12313.0,24.6,88.13,17956.84,Salvador,Paranaguá,1516.93,61.67,2.52,1.29,65.48,3532616.69,10344.76,4718826.76,5228408.96,509582.2,False,0.7523524534656719,5782.39
SHIP_551,Container,28631.93,17.0,80.04,16196.3,Belém,Itajaí,863.79,50.82,2.76,1.54,55.12,2644206.26,49290.24,3586184.61,4494067.43,907882.82,False,0.6737670848004671,11342.36
SHIP_552,Container,15652.42,21.28,86.4,11234.42,Manaus,Santos,1145.75,53.84,2.73,2.34,58.91,3023536.66,27923.42,3713318.61,4809342.02,1096023.41,False,0.9191047469195714,12686.17
SHIP_553,Gaseiro,36593.72,20.07,55.32,6960.09,Paranaguá,Belém,1227.5,61.15,2.74,2.81,66.7,2198807.69,10029.91,2673046.4,3575612.69,902566.3,False,0.7723284670454371,16315.28
SHIP_554,Petroleiro,13654.21,19.64,39.67,18722.63,Rio Grande,Paranaguá,1338.52,68.15,2.9,2.07,73.13,1757205.93,35261.78,3161568.59,4164342.83,1002774.24,False,0.7597780993695364,25280.77
SHIP_555,Graneleiro,11724.63,24.3,56.7,7724.47,Manaus,Rio de Janeiro,1255.99,51.69,1.1,1.94,54.73,1904847.03,44125.13,2371704.52,3494545.77,1122841.25,False,0.7466232686775215,19804.45
SHIP_556,Petroleiro,28277.25,15.84,98.77,14996.11,Itajaí,Belém,1213.51,76.6,2.17,1.22,79.99,4917574.89,48633.47,6165758.72,7213407.42,1047648.7,True,0.937570878758349,10607.37
SHIP_557,Petroleiro,18024.64,19.8,97.83,5073.03,Rio Grande,Paranaguá,1531.7,77.37,1.2,2.02,80.59,4919987.24,10986.8,5339820.61,6742908.52,1403087.91,False,0.7362864228834056,14342.46
SHIP_558,Gaseiro,37967.57,21.85,36.97,8584.97,Rio Grande,Paranaguá,1203.21,55.07,1.82,1.47,58.36,1323325.89,10786.06,1835171.0,2664222.76,829051.75,False,0.8458418780531707,22427.11
SHIP_559,Graneleiro,18475.6,17.69,99.84,17872.08,Paranaguá,Rio de Janeiro,1519.84,85.92,2.96,2.3,91.18,5575920.2,39680.9,7245234.22,8061085.39,815851.17,False,0.8178914466617986,8171.73
SHIP_560,Graneleiro,18901.3,18.69,81.58,17164.03,Fortaleza,Salvador,1500.89,80.32,2.89,1.81,85.02,4258856.72,40873.44,5759077.04,7449659.32,1690582.28,False,0.8353218936750026,20723.38
SHIP_561,Petroleiro,36013.16,18.41,37.25,17205.65,Itajaí,Recife,1042.76,56.63,2.08,2.94,61.65,1371022.17,15914.1,2447611.24,3613532.1,1165920.86,False,0.6174510512397074,31300.91
SHIP_562,Granelheiro,11745.92,20.38,66.06,14677.25,Salvador,Santos,542.42,26.62,2.92,1.09,30.63,1143134.43,15722.48,1608433.28,1778293.17,169859.89,False,0.9262934093723403,2571.16
SHIP_563,Petroleiro,34967.62,23.23,21.06,13130.23,Manaus,Salvador,1648.91,70.99,2.0,1.14,74.13,971928.48,37377.41,1982710.73,2580078.01,597367.28,False,0.6735671890515962,28361.66
SHIP_564,Gaseiro,19554.93,23.19,62.92,17899.11,Itajaí,Paranaguá,1032.59,44.52,2.22,1.17,47.91,1820953.27,35722.44,2714149.64,3813417.2,1099267.56,False,0.8193915165452734,17470.31
SHIP_565,Gaseiro,16393.95,23.04,85.43,19684.21,Manaus,Rio Grande,1754.67,76.17,1.91,2.51,80.58,4229353.13,15298.83,5830898.48,7689591.87,1858693.38,False,0.6313155929836355,21757.99
SHIP_566,Petroleiro,23809.28,23.53,88.49,6488.56,Fortaleza,Santos,726.8,30.88,1.53,2.75,35.16,1776480.88,15156.1,2019771.72,2803440.57,783668.85,False,0.8180982488117389,8855.79
SHIP_567,Gaseiro,21023.03,22.89,38.7,14588.03,Rio Grande,Salvador,1089.21,47.59,2.43,2.75,52.76,1196882.58,15072.07,1981631.23,2866703.59,885072.36,False,0.61557816374666,22872.9
SHIP_568,Petroleiro,18011.15,19.51,29.36,11799.01,Recife,Salvador,2632.94,134.93,2.16,1.16,138.25,2574954.06,17666.85,4223882.82,5448038.99,1224156.17,False,0.7255544568411345,41696.62
SHIP_569,Granelheiro,28817.04,20.84,83.75,10114.5,Santos,Paranaguá,2513.67,120.59,1.68,1.11,123.38,6564775.92,32167.51,7844895.88,10474198.47,2629302.6,False,0.7721748084136952,31395.06
SHIP_570,Granelheiro,30774.76,17.38,83.52,12297.24,Belém,Santos,1335.11,76.8,1.21,1.48,79.5,4169360.42,47971.25,5194905.92,6348382.18,1153476.26,False,0.659688317114379,13811.37
SHIP_571,Container,25130.77,17.1,75.17,18159.65,Salvador,Fortaleza,1225.9,71.67,1.16,1.6,74.43,3501727.93,36894.47,4890282.55,6022402.77,1132120.22,False,0.6645523167044927,15061.47
SHIP_572,Graneleiro,27388.24,17.76,78.48,6149.34,Paranaguá,Fortaleza,2160.08,121.63,1.48,1.98,125.08,6204643.59,21443.6,6995267.38,9717178.18,2721910.8,False,0.9209768728144345,34682.49
SHIP_573,Gaseiro,31254.18,19.63,85.46,15249.9,Rio de Janeiro,Belém,958.91,48.86,2.64,1.86,53.36,2714192.72,17559.43,3545464.18,4299651.56,754187.38,False,0.6624819262454095,8824.62
SHIP_574,Container,27186.36,15.82,35.68,19156.5,Fortaleza,Itajaí,2941.22,185.93,1.75,2.85,190.52,4311788.52,31792.99,7993361.62,9655157.41,1661795.79,False,0.7727402808563085,46577.06
SHIP_575,Container,25410.78,15.38,78.29,12921.02,Salvador,Fortaleza,1005.2,65.36,1.22,1.77,68.34,3325892.85,43486.48,4252435.42,6149522.66,1897087.24,False,0.8546377495305499,24231.24
SHIP_576,Granelheiro,10182.01,20.88,73.36,8010.69,Rio de Janeiro,Paranaguá,2700.39,129.32,1.39,1.63,132.34,6166314.95,34822.27,7261256.36,9841471.39,2580215.02,False,0.9266175209671563,35173.28
SHIP_577,Petroleiro,33683.11,23.02,57.31,10424.99,Rio de Janeiro,Rio Grande,771.0,33.5,2.75,2.57,38.81,1247745.32,16724.72,1669099.14,2178014.52,508915.38,False,0.8187820434402849,8880.05
SHIP_578,Container,47578.41,20.8,63.22,5754.84,Itajaí,Recife,657.27,31.6,1.37,1.06,34.04,1298605.37,39734.12,1534249.13,2131581.59,597332.47,False,0.8329776752190858,9448.86
SHIP_579,Granelheiro,27206.6,24.23,21.27,15948.85,Paranaguá,Salvador,2721.87,112.33,1.12,1.9,115.35,1552834.63,18188.78,3410723.06,4524689.99,1113966.93,False,0.6497634817355731,52377.24
SHIP_580,Petroleiro,7377.17,21.26,24.36,17546.6,Recife,Manaus,1779.85,83.72,2.05,2.12,87.9,1325731.64,16832.55,2884937.13,3401560.49,516623.35,True,0.8530699939111154,21207.21
SHIP_581,Granelheiro,27848.85,19.99,28.81,10842.74,Salvador,Itajaí,1102.66,55.16,1.03,1.72,57.91,1032958.84,13592.89,1674446.33,2013910.21,339463.88,False,0.8441010660330173,11782.28
SHIP_582,Petroleiro,33926.3,22.83,95.0,15378.91,Belém,Manaus,889.63,38.97,1.49,2.68,43.14,2406475.26,18372.24,3088342.15,3486765.85,398423.71,False,0.7408842244215497,4194.0
SHIP_583,Petroleiro,46401.8,21.5,27.23,19217.85,Rio de Janeiro,Belém,1146.39,53.31,1.67,1.8,56.79,943758.14,12048.97,2047250.86,2658572.6,611321.74,False,0.7403396143409231,22447.4
SHIP_584,Petroleiro,20781.94,22.73,84.25,7301.19,Manaus,Recife,1416.38,62.32,1.75,1.3,65.37,3412811.62,41938.14,3932007.33,5437538.85,1505531.52,False,0.8832793405529309,17869.04
SHIP_585,Graneleiro,22067.75,15.47,34.12,19338.55,Itajaí,Paranaguá,676.01,43.69,1.71,2.01,47.41,968864.21,29731.23,1915401.47,2109975.57,194574.1,False,0.7343203602920931,5703.45
SHIP_586,Granelheiro,48743.57,16.59,48.33,11292.22,Manaus,Itajaí,1476.73,89.0,2.33,1.43,92.77,2796181.38,18842.86,3862577.11,5375488.23,1512911.12,True,0.8649243957944548,31302.26
SHIP_587,Granelheiro,32302.23,16.67,83.79,15801.67,Rio de Janeiro,Manaus,715.34,42.92,1.93,1.35,46.19,2337525.77,23499.08,3090948.75,3422398.72,331449.97,False,0.7360208309624859,3955.55
SHIP_588,Graneleiro,6674.98,24.18,73.85,19861.23,Belém,Santos,2707.06,111.97,1.95,2.04,115.96,5374900.23,17623.04,7695597.26,9887424.47,2191827.21,False,0.7753068120613597,29679.89
SHIP_589,Granelheiro,49163.96,15.97,44.25,14573.37,Santos,Fortaleza,1375.02,86.08,2.86,1.13,90.07,2475602.34,31976.47,3820168.42,5105068.73,1284900.31,False,0.8712786301186917,29040.41
SHIP_590,Gaseiro,32987.15,21.07,87.96,13118.06,Recife,Belém,2509.65,119.12,2.02,1.12,122.26,6810483.61,25357.88,8439713.63,10784066.76,2344353.13,False,0.9037031034817823,26653.22
SHIP_591,Graneleiro,24445.23,24.67,56.18,7141.78,Belém,Fortaleza,1473.59,59.74,2.9,1.64,64.28,2181484.34,44723.93,2685315.64,3900421.7,1215106.06,False,0.6291401803177212,21629.88
SHIP_592,Gaseiro,37605.11,18.12,82.63,11639.82,Belém,Santos,1713.17,94.57,2.56,1.76,98.89,5079604.82,27725.09,6258410.97,7825993.89,1567582.92,False,0.7270030359482862,18970.22
SHIP_593,Container,32049.1,23.49,91.09,12257.75,Santos,Rio Grande,2321.06,98.83,1.63,1.68,102.14,5851483.41,17778.54,7121320.36,9434177.4,2312857.04,False,0.8267020190472142,25390.52
SHIP_594,Container,6318.47,21.18,60.76,13186.25,Fortaleza,Rio de Janeiro,1398.56,66.03,1.16,1.39,68.58,2607774.87,48029.79,3560097.6,4498111.49,938013.89,False,0.9050209896150858,15437.84
SHIP_595,Container,15686.87,24.79,50.91,9008.88,Itajaí,Rio Grande,1553.78,62.68,1.19,1.25,65.12,2074141.08,26577.36,2687375.38,3775702.77,1088327.39,False,0.8326862967506947,21377.71
SHIP_596,Petroleiro,9734.88,21.72,70.83,17086.46,Santos,Fortaleza,2563.12,118.01,2.74,1.83,122.57,5433278.99,37914.58,7565498.56,9133827.5,1568328.94,False,0.6025752403688951,22140.83
SHIP_597,Graneleiro,28319.26,15.38,65.54,18811.56,Manaus,Belém,2921.05,189.98,2.08,1.92,193.98,8093283.48,47800.68,11790166.61,16145972.13,4355805.52,False,0.8969687734768088,66461.87
SHIP_598,Container,45770.86,20.42,70.35,8853.71,Rio de Janeiro,Manaus,2502.01,122.55,2.26,2.01,126.82,5604282.05,12404.34,6739538.57,9882684.03,3143145.46,False,0.6674418831425387,44676.21
SHIP_599,Petroleiro,32287.38,21.77,62.06,15771.53,Salvador,Fortaleza,1953.63,89.72,2.9,1.11,93.72,3619337.28,14249.83,5111751.48,5978033.13,866281.65,False,0.6097443679419052,13958.41
SHIP_600,Granelheiro,16099.54,19.6,70.28,13358.78,Paranaguá,Recife,2356.59,120.26,1.56,2.13,123.95,5493642.11,13525.69,7162951.65,9064473.27,1901521.62,False,0.8218139305166177,27056.25
SHIP_601,Gaseiro,11322.83,19.43,64.92,17735.66,Santos,Belém,1609.11,82.82,2.84,1.88,87.54,3494491.2,31951.19,5078956.22,7204571.89,2125615.67,False,0.9360763253339885,32744.56
SHIP_602,Container,34715.11,20.23,21.89,11205.99,Santos,Rio Grande,1248.12,61.71,2.5,1.42,65.62,877869.36,18208.8,1631394.96,1918206.62,286811.66,False,0.6697049141589735,13103.99
SHIP_603,Petroleiro,24115.74,18.86,93.23,16429.02,Belém,Fortaleza,1762.79,93.49,2.98,1.93,98.4,5665602.1,12329.51,7294490.0,8789201.97,1494711.97,False,0.6360167809197002,16031.95
SHIP_604,Container,37855.86,18.87,82.75,12393.44,Rio de Janeiro,Salvador,952.19,50.45,2.47,1.5,54.43,2713861.27,29632.41,3418038.57,3863112.68,445074.11,False,0.7967506638396546,5378.38
SHIP_605,Gaseiro,29871.68,16.15,30.09,12943.0,Salvador,Itajaí,1172.15,72.59,1.04,2.45,76.08,1419814.65,11299.46,2415798.94,3232606.5,816807.56,False,0.949813762970903,27144.57
SHIP_606,Gaseiro,33006.92,19.31,43.05,14058.81,Belém,Manaus,623.98,32.31,1.19,1.07,34.57,904299.22,29966.79,1420269.13,1903505.26,483236.13,False,0.8524285636246207,11224.17
SHIP_607,Granelheiro,15367.78,21.85,98.55,15366.59,Salvador,Paranaguá,2707.98,123.92,2.9,1.97,128.79,7938385.49,38093.0,9955596.77,14343901.38,4388304.62,False,0.6246925222984631,44527.91
SHIP_608,Graneleiro,47031.48,22.66,72.64,17358.45,Rio de Janeiro,Fortaleza,2118.8,93.49,2.94,2.43,98.86,4413954.66,46986.34,6176914.69,8072317.99,1895403.3,False,0.8623649995357207,26094.55
SHIP_609,Gaseiro,37740.34,21.3,48.78,11087.18,Salvador,Santos,2926.1,137.38,1.22,1.54,140.15,4356304.85,29696.07,5939818.71,8521809.63,2581990.93,False,0.6969341163436135,52927.92
SHIP_610,Gaseiro,7960.92,22.06,39.06,10830.12,Manaus,Santos,1609.25,72.95,2.78,1.82,77.55,1851959.13,15809.0,2707695.11,3546338.62,838643.51,False,0.6704113313011077,21472.43
SHIP_611,Petroleiro,8602.85,19.74,20.8,6271.49,Fortaleza,Paranaguá,2519.06,127.58,2.54,2.83,132.96,1724716.73,44180.62,2602730.68,3574252.55,971521.87,False,0.6723251147120968,46713.31
SHIP_612,Granelheiro,44334.91,15.3,27.27,17820.13,Manaus,Fortaleza,2076.39,135.67,2.49,1.42,139.58,2404850.25,31483.34,4923746.59,6868073.5,1944326.91,False,0.6741293524585259,71298.79
SHIP_613,Container,40664.29,16.87,25.33,19978.41,Belém,Salvador,562.04,33.32,2.67,1.73,37.72,548623.83,43664.62,1345857.72,1779019.6,433161.88,False,0.9241675452451192,17098.86
SHIP_614,Graneleiro,5409.42,15.75,40.03,15039.73,Recife,Fortaleza,2720.68,172.7,1.92,2.21,176.83,4493328.49,17539.99,7170347.98,10196139.71,3025791.72,False,0.7177378031910182,75590.56
SHIP_615,Gaseiro,28355.98,24.79,75.71,15079.64,Santos,Manaus,1101.7,44.44,2.49,2.5,49.42,2186769.97,22691.56,2954765.25,3821946.1,867180.85,False,0.6029734525125233,11454.13
SHIP_616,Graneleiro,39245.27,22.13,49.3,5794.04,Salvador,Itajaí,2387.33,107.88,2.91,1.48,112.27,3457119.57,22940.98,4130543.17,4847296.32,716753.15,False,0.6541944881266092,14537.75
SHIP_617,Container,21028.73,21.97,64.81,10796.94,Paranaguá,Fortaleza,1550.62,70.58,2.12,1.01,73.71,2973202.01,13140.39,3782235.34,5493709.04,1711473.7,False,0.9411694451971445,26407.85
SHIP_618,Granelheiro,42152.15,15.6,50.1,18883.75,Itajaí,Rio Grande,1757.61,112.67,2.32,2.83,117.82,3668869.47,44951.79,5938630.43,7724543.77,1785913.34,False,0.7436063026554317,35648.15
SHIP_619,Petroleiro,26181.54,15.49,35.28,16857.7,Santos,Belém,1634.9,105.54,1.6,1.77,108.91,2420474.56,44175.98,4300565.4,6019069.64,1718504.24,False,0.918171890013856,48703.58
SHIP_620,Petroleiro,6310.57,22.69,92.15,11695.32,Fortaleza,Rio de Janeiro,1876.73,82.71,2.89,1.42,87.02,4954131.57,30805.39,6002677.12,7742783.89,1740106.77,False,0.645172793690172,18882.85
SHIP_621,Container,29158.66,24.37,44.67,18043.12,Salvador,Rio Grande,2410.24,98.92,1.5,1.07,101.49,2872054.56,14073.89,4717281.83,6563614.49,1846332.66,False,0.8065597707774104,41334.41
SHIP_622,Container,24021.62,17.01,44.46,12867.51,Manaus,Recife,2129.67,125.21,2.56,2.53,130.3,3618135.41,48907.55,5343723.34,6489078.72,1145355.38,False,0.8425074496938283,25763.7
SHIP_623,Graneleiro,30014.19,22.0,52.96,7075.96,Santos,Paranaguá,2164.41,98.4,2.05,2.28,102.73,3387533.94,23519.95,4137979.15,6052815.06,1914835.91,False,0.6895553892842744,36155.3
SHIP_624,Gaseiro,23318.46,21.78,38.14,14029.72,Rio de Janeiro,Itajaí,2243.62,103.03,1.18,2.0,106.2,2554080.18,20523.2,4064615.11,5648817.32,1584202.2,False,0.8399994690886383,41537.88
SHIP_625,Graneleiro,43654.12,15.89,89.2,9809.3,Belém,Santos,945.83,59.53,1.48,1.84,62.85,3451650.83,20047.68,4088180.5,5021213.81,933033.31,False,0.8552954070542891,10460.06
SHIP_626,Granelheiro,30187.28,18.59,84.67,10820.88,Santos,Rio de Janeiro,2489.91,133.94,1.61,1.15,136.7,7371237.82,47305.59,8897707.89,11191718.95,2294011.07,True,0.6456112958319518,27093.99
SHIP_627,Graneleiro,20553.22,23.08,39.71,5948.8,Recife,Itajaí,829.27,35.94,2.72,2.27,40.92,927487.37,20128.05,1191040.95,1574697.07,383656.12,False,0.6913599370375468,9661.97
SHIP_628,Graneleiro,44409.31,22.52,21.41,12755.09,Rio Grande,Belém,1823.93,80.98,1.8,1.59,84.38,1127032.04,37268.99,2240521.78,2650797.58,410275.8,True,0.8765459808041378,19161.37
SHIP_629,Granelheiro,14800.14,21.77,84.26,13428.15,Fortaleza,Rio de Janeiro,2352.21,108.05,2.32,1.71,112.08,5917373.01,42354.34,7464768.9,9091196.84,1626427.94,False,0.6087008305705279,19303.19
SHIP_630,Graneleiro,5176.13,17.27,52.51,17768.92,Fortaleza,Santos,2496.21,144.52,1.53,1.49,147.55,4933018.45,19092.88,7573849.55,9358967.54,1785117.99,True,0.6812275022531578,33994.15
SHIP_631,Petroleiro,36900.5,23.24,88.56,11226.61,Rio Grande,Paranaguá,723.35,31.13,1.88,1.46,34.47,1791935.3,21647.86,2200515.59,3100321.87,899806.28,False,0.9110992844376968,10160.15
SHIP_632,Granelheiro,38558.02,15.35,66.01,16798.75,Rio Grande,Belém,543.22,35.39,2.1,2.72,40.2,1518159.52,28964.08,2222436.97,2448330.98,225894.01,False,0.7206088085044401,3422.34
SHIP_633,Container,12244.3,20.63,95.5,5057.45,Paranaguá,Belém,1095.31,53.09,2.88,1.34,57.31,3295562.55,14529.74,3599924.92,4780969.88,1181044.96,True,0.9480974898395836,12366.71
SHIP_634,Container,35562.73,15.74,99.43,11118.41,Rio de Janeiro,Fortaleza,1218.51,77.41,2.12,1.61,81.14,5002858.41,13458.3,5918412.79,6513635.48,595222.69,False,0.6614529221721157,5986.56
SHIP_635,Graneleiro,12990.11,24.15,57.22,5947.82,Recife,Manaus,1995.47,82.62,2.2,1.13,85.96,3072782.98,48900.9,3632929.36,4786791.26,1153861.91,False,0.9412805093976884,20166.62
SHIP_636,Container,15453.03,23.81,46.26,6692.61,Manaus,Recife,2675.06,112.34,2.27,1.33,115.94,3377870.89,27193.25,4180991.78,5079499.78,898508.0,False,0.6052578896931982,19422.83
SHIP_637,Container,19072.1,20.88,31.06,11391.84,Salvador,Recife,1880.8,90.07,2.2,1.55,93.82,1818590.89,26001.19,2913342.17,4111703.78,1198361.62,False,0.8817826818798341,38578.85
SHIP_638,Gaseiro,43276.11,20.51,86.07,9552.56,Paranaguá,Recife,1496.2,72.97,1.63,1.93,76.53,4082158.68,21423.18,4834681.27,7177783.33,2343102.06,False,0.7843860081176447,27222.88
SHIP_639,Gaseiro,7569.46,16.11,37.55,11965.25,Belém,Manaus,1583.13,98.3,2.6,2.48,103.38,2399275.33,27052.73,3663248.86,4518550.37,855301.51,False,0.662879938042896,22776.97
SHIP_640,Gaseiro,9489.36,15.55,73.32,17113.04,Itajaí,Belém,1771.71,113.97,1.11,2.07,117.15,5431835.53,47429.97,7484100.88,10021549.93,2537449.05,False,0.7687788306180643,34606.89
SHIP_641,Granelheiro,28414.56,24.75,97.26,8229.04,Manaus,Recife,2527.76,102.12,1.39,1.43,104.94,6456139.34,37043.72,7356764.77,9284240.37,1927475.6,False,0.8985304711845026,19817.43
SHIP_642,Gaseiro,22443.11,18.23,94.81,10449.84,Itajaí,Rio Grande,1475.72,80.94,1.21,2.34,84.49,4988279.27,21553.58,5892786.96,7862401.9,1969614.94,False,0.6584325626620642,20773.75
SHIP_643,Petroleiro,10452.0,15.85,92.76,7904.36,Itajaí,Fortaleza,1540.71,97.18,1.9,2.2,101.28,5859133.23,12869.41,6672528.3,7945002.45,1272474.15,False,0.841438292514173,13718.59
SHIP_644,Petroleiro,32109.85,16.07,60.65,16032.18,Belém,Fortaleza,2980.19,185.42,2.26,1.74,189.42,7310215.5,19046.06,10366088.11,15021830.97,4655742.86,False,0.627199346437104,76759.67
SHIP_645,Granelheiro,28956.21,18.03,51.43,7694.77,Fortaleza,Rio Grande,1945.18,107.86,2.92,2.01,112.79,3605636.99,13316.58,4486816.26,6048230.71,1561414.45,False,0.7150115188179449,30361.69
SHIP_646,Container,17821.1,19.78,34.45,12284.46,Recife,Fortaleza,2260.44,114.26,1.06,1.02,116.34,2558695.38,13004.92,4000896.2,5258233.94,1257337.74,True,0.6017095631070881,36496.48
SHIP_647,Petroleiro,47149.76,16.06,87.36,12242.82,Santos,Belém,2148.39,133.75,2.02,1.95,137.73,7594731.15,43395.98,9324272.3,13075935.7,3751663.4,False,0.9136826872011465,42945.51
SHIP_648,Petroleiro,41301.85,15.04,45.6,11326.61,Recife,Manaus,1074.29,71.45,1.4,1.08,73.92,2117857.91,35734.79,2990855.32,3603992.97,613137.65,False,0.6808427586848222,13444.6
SHIP_649,Container,41086.13,23.51,58.65,11241.06,Rio de Janeiro,Itajaí,2944.63,125.22,1.4,1.43,128.06,4773478.14,21674.69,6234638.89,7288934.58,1054295.69,True,0.8353143834977744,17977.5
SHIP_650,Petroleiro,28904.05,15.99,84.97,17990.35,Paranaguá,Manaus,930.42,58.19,2.7,2.76,63.65,3214156.9,31977.14,4391202.64,5982888.95,1591686.31,True,0.8272038876908054,18731.37
SHIP_651,Gaseiro,36413.17,21.38,45.65,6402.8,Santos,Manaus,1567.78,73.32,1.26,2.9,77.48,2175486.69,29006.83,2700565.26,3313333.43,612768.17,False,0.7742820074037924,13424.63
SHIP_652,Gaseiro,18951.53,23.12,89.37,15095.12,Santos,Salvador,617.41,26.71,2.13,2.53,31.36,1551344.68,15460.12,2040251.83,2430895.38,390643.55,False,0.6070426026485759,4370.98
SHIP_653,Petroleiro,38872.72,19.74,55.74,5106.45,Belém,Paranaguá,2548.5,129.12,1.72,2.08,132.92,4678221.16,37092.03,5394057.81,7449473.41,2055415.6,False,0.7859689836328132,36873.88
SHIP_654,Granelheiro,22987.38,24.54,71.37,9472.26,Santos,Manaus,816.16,33.26,2.69,1.72,37.67,1543033.64,36418.79,1936289.98,2494573.82,558283.84,False,0.8019724158289959,7822.52
SHIP_655,Container,33918.26,23.5,43.4,7512.06,Paranaguá,Manaus,1447.51,61.6,1.71,1.26,64.57,1737797.97,36891.31,2259762.19,2945547.54,685785.34,False,0.9271877141553304,15801.07
SHIP_656,Granelheiro,42573.05,23.43,44.26,11441.72,Manaus,Belém,1676.76,71.58,1.31,1.06,73.96,2059103.21,47876.12,2953162.7,3532824.34,579661.64,False,0.8428567873625655,13097.73
SHIP_657,Gaseiro,12183.47,23.96,52.36,11834.38,Rio Grande,Rio de Janeiro,2264.4,94.5,2.64,1.47,98.61,3216043.48,36454.01,4419494.11,5554416.74,1134922.63,True,0.8683689247184174,21675.67
SHIP_658,Petroleiro,20778.92,18.77,62.68,5003.62,Salvador,Rio Grande,1103.11,58.78,1.42,1.5,61.69,2394810.83,42236.23,2745736.34,3327474.24,581737.9,True,0.8481945170200781,9280.43
SHIP_659,Petroleiro,5947.6,15.36,92.2,6099.59,Itajaí,Paranaguá,2735.46,178.04,1.46,2.48,181.98,10670340.9,22389.33,11802712.37,17037224.87,5234512.5,False,0.8113310775953136,56771.38
SHIP_660,Gaseiro,27200.37,15.4,98.75,10752.22,Salvador,Paranaguá,880.57,57.18,2.33,1.57,61.08,3669912.86,33431.13,4360082.23,5819432.99,1459350.75,False,0.8926415154407649,14778.87
SHIP_661,Petroleiro,16923.52,19.49,63.02,14954.37,Salvador,Rio de Janeiro,2459.93,126.24,1.79,2.29,130.32,5170738.45,16024.44,7135623.5,10511196.13,3375572.63,False,0.8408766217927075,53567.45
SHIP_662,Container,40325.31,22.95,30.84,11713.55,Recife,Belém,2573.57,112.12,1.61,1.94,115.67,2247608.92,20911.76,3623368.51,4657552.4,1034183.89,False,0.8809296854532769,33534.33
SHIP_663,Container,16113.44,24.0,92.87,19149.65,Rio Grande,Manaus,1800.58,75.04,2.35,2.56,79.95,4529395.06,15240.58,6075599.43,8143629.46,2068030.02,False,0.735834557370455,22268.98
SHIP_664,Gaseiro,15903.2,24.24,61.74,5201.14,Rio Grande,Rio de Janeiro,548.62,22.63,2.95,1.44,27.02,908078.08,42224.33,1090820.99,1225330.25,134509.27,False,0.8230916142914142,2178.66
SHIP_665,Petroleiro,30051.92,22.38,46.85,16476.6,Recife,Santos,1581.92,70.68,1.97,2.3,74.94,2152175.73,10734.34,3397661.09,4626247.49,1228586.4,False,0.6990502224001771,26224.53
SHIP_666,Container,6708.92,24.95,58.56,16340.06,Itajaí,Rio Grande,1630.79,65.37,1.09,1.62,68.08,2488301.81,22804.41,3623510.01,5200973.07,1577463.06,False,0.6828215960145031,26938.06
SHIP_667,Granelheiro,45038.7,15.09,36.11,19385.36,Rio de Janeiro,Paranaguá,2033.5,134.74,1.52,1.13,137.4,3162804.26,11127.65,5837499.47,6992729.13,1155229.66,False,0.853396207482492,31990.25
SHIP_668,Gaseiro,14542.02,16.05,75.07,7376.79,Rio Grande,Rio de Janeiro,2469.19,153.83,1.62,1.65,157.11,7506636.52,10431.94,8676037.27,11976440.95,3300403.68,False,0.9176121117212489,43963.12
SHIP_669,Granelheiro,10511.66,20.34,90.36,11150.36,Fortaleza,Rio de Janeiro,1704.99,83.82,1.14,1.56,86.52,4923089.39,22980.27,5910799.32,8736450.91,2825651.59,False,0.9190569297321443,31272.08
SHIP_670,Petroleiro,29935.68,20.27,81.12,5076.18,Rio de Janeiro,Recife,2794.4,137.85,1.39,2.97,142.21,7268223.52,39450.16,8029566.97,11319284.24,3289717.27,False,0.6464009271195688,40555.19
SHIP_671,Granelheiro,39860.28,17.65,94.69,15799.39,Itajaí,Paranaguá,2384.53,135.12,1.44,1.89,138.44,8315911.2,34712.53,10537881.47,14837225.91,4299344.44,False,0.6837406019630123,45405.64
SHIP_672,Graneleiro,17623.75,23.2,66.75,12627.91,Rio Grande,Santos,1296.13,55.86,2.46,1.58,59.89,2423308.02,39482.54,3219122.52,3631300.87,412178.35,False,0.8202267175529022,6175.37
SHIP_673,Container,36469.08,22.11,24.16,17896.22,Fortaleza,Belém,1645.63,74.43,1.52,1.48,77.43,1168643.17,29320.56,2583732.73,3758640.27,1174907.54,False,0.88270875262025,48635.74
SHIP_674,Graneleiro,21037.57,16.01,96.95,14789.03,Recife,Rio de Janeiro,1640.25,102.45,1.8,1.65,105.9,6456520.11,49257.9,8071933.71,9314195.48,1242261.77,False,0.7699241740989322,12813.29
SHIP_675,Petroleiro,26509.98,19.71,34.06,7173.99,Manaus,Santos,1136.92,57.67,2.83,1.23,61.73,1276893.38,40297.0,1760017.54,2469338.68,709321.14,True,0.7896161119793553,20823.98
SHIP_676,Container,10898.59,22.66,94.6,19209.6,Belém,Salvador,1422.54,62.77,1.27,2.04,66.08,3859754.77,14504.37,5143653.82,7579662.39,2436008.56,False,0.7717430210744444,25751.84
SHIP_677,Petroleiro,24737.51,22.6,53.63,19153.3,Belém,Salvador,2756.33,121.94,2.74,1.14,125.83,4250673.76,44170.32,6704936.71,9471756.86,2766820.15,False,0.7980115572929011,51594.11
SHIP_678,Gaseiro,37161.6,24.38,92.98,19191.13,Belém,Salvador,1111.79,45.61,1.26,1.6,48.48,2756423.18,45803.41,3732530.47,5557071.21,1824540.73,False,0.7912366635241076,19622.86
SHIP_679,Gaseiro,30626.44,18.43,64.93,6097.14,Rio Grande,Belém,2411.61,130.84,1.57,2.78,135.18,5521760.87,24714.03,6370714.05,7371742.08,1001028.03,False,0.6576023506497259,15417.81
SHIP_680,Container,38915.62,24.68,82.36,5336.74,Manaus,Paranaguá,1999.71,81.02,2.39,2.65,86.06,4337655.74,12240.09,4809195.64,6213688.19,1404492.55,False,0.6570159290670878,17052.22
SHIP_681,Gaseiro,41558.61,23.53,93.15,8979.28,Fortaleza,Rio de Janeiro,2759.88,117.27,1.64,2.1,121.02,7100337.34,12020.3,8199014.93,9162829.1,963814.17,False,0.7555679922922268,10347.21
SHIP_682,Container,16533.16,16.9,73.6,5006.02,Rio Grande,Santos,2514.73,148.76,1.16,1.38,151.31,7116513.34,25449.46,7899401.88,10221379.69,2321977.8,False,0.9134754535723422,31550.21
SHIP_683,Gaseiro,10676.89,16.23,31.8,5446.04,Recife,Salvador,679.33,41.85,2.32,1.86,46.03,864917.28,40544.12,1156153.62,1730807.15,574653.54,False,0.7996093777392763,18073.02
SHIP_684,Gaseiro,7410.95,16.4,69.8,8117.36,Recife,Rio Grande,1760.18,107.3,2.09,1.57,110.95,4868254.69,47937.01,5816827.84,8358698.09,2541870.25,False,0.9366527060217995,36414.42
SHIP_685,Container,29633.29,15.64,71.42,13815.27,Salvador,Rio Grande,2739.48,175.13,2.31,1.7,179.13,8130320.74,48649.03,10653766.83,15135250.35,4481483.52,False,0.7506107498148368,62746.43
SHIP_686,Graneleiro,17361.73,23.88,23.25,18705.91,Santos,Itajaí,2582.49,108.16,1.6,2.58,112.33,1634279.51,11248.54,3746749.24,5570465.26,1823716.03,False,0.8697421897660818,78450.0
SHIP_687,Granelheiro,16880.58,15.05,73.48,19589.4,Rio de Janeiro,Paranaguá,2017.07,133.99,1.24,1.64,136.87,6399610.28,44705.66,9125520.41,10886994.33,1761473.92,False,0.7409349228888992,23972.03
SHIP_688,Petroleiro,14352.97,23.13,79.43,14923.87,Itajaí,Fortaleza,1090.84,47.15,1.2,2.15,50.5,2434380.22,32147.11,3220198.44,3784873.13,564674.69,False,0.7814725412297842,7109.4
SHIP_689,Graneleiro,20853.9,17.34,23.98,9027.5,Salvador,Rio de Janeiro,2135.59,123.16,2.07,2.89,128.11,1919825.05,25851.09,3102197.68,4273417.95,1171220.27,False,0.7794016755734741,48836.49
SHIP_690,Petroleiro,17049.84,19.55,57.66,15599.64,Itajaí,Belém,2851.6,145.87,1.66,1.08,148.61,5467160.97,29851.81,7815253.24,10298819.84,2483566.6,False,0.6265977272105411,43070.52
SHIP_691,Graneleiro,35545.47,16.76,77.34,15589.86,Manaus,Salvador,1085.5,64.76,1.54,2.31,68.61,3255643.73,25603.44,4350910.53,5124585.91,773675.38,False,0.7306225791867944,10003.89
SHIP_692,Container,27196.14,20.79,35.13,18513.62,Belém,Rio de Janeiro,2185.47,105.11,2.27,1.2,108.58,2399978.78,34166.96,4444355.14,5103827.51,659472.37,False,0.7845588134748376,18774.37
SHIP_693,Granelheiro,23125.35,20.89,27.14,11464.75,Belém,Recife,936.97,44.86,2.97,2.12,49.95,791248.27,37497.47,1401443.99,1724010.58,322566.6,False,0.9132042202469319,11886.26
SHIP_694,Container,6089.27,18.49,77.74,6201.34,Rio de Janeiro,Fortaleza,957.92,51.82,2.18,2.12,56.12,2618592.2,39557.13,3006152.37,4283902.57,1277750.2,False,0.9132618505987029,16435.35
SHIP_695,Gaseiro,35871.09,17.5,25.25,15359.23,Rio de Janeiro,Belém,1931.02,110.35,1.81,1.73,113.89,1810982.9,18672.57,3578863.16,4895328.29,1316465.14,False,0.7164569538943494,52141.24
SHIP_696,Granelheiro,8203.11,15.9,54.7,10336.9,Salvador,Rio Grande,1790.34,112.63,1.61,2.38,116.62,4004860.39,44558.19,5254900.24,6408588.76,1153688.52,False,0.6406632009889311,21090.33
SHIP_697,Container,32731.43,19.44,35.04,14797.05,Recife,Santos,871.21,44.82,2.11,2.05,48.98,1020823.79,39369.11,1784973.81,2002818.89,217845.09,False,0.8460471041513868,6216.82
SHIP_698,Graneleiro,14725.67,16.83,54.53,17263.48,Fortaleza,Manaus,2607.37,154.89,2.04,2.72,159.65,5490173.66,10217.75,8256496.85,9198314.23,941817.38,False,0.823742009113477,17270.65
SHIP_699,Granelheiro,8381.43,16.34,71.58,10094.91,Recife,Fortaleza,2269.87,138.9,2.11,1.51,142.52,6462541.82,36033.12,7937347.76,9100244.39,1162896.63,False,0.9124139648154515,16245.99
SHIP_700,Container,25639.25,21.77,59.78,6409.86,Manaus,Rio Grande,1226.81,56.35,2.97,2.92,62.24,2189706.8,22819.48,2611492.48,3913370.37,1301877.89,False,0.7285471954482482,21778.08
SHIP_701,Gaseiro,46121.65,18.68,49.88,10753.02,Santos,Manaus,2591.55,138.71,2.3,2.23,143.24,4496921.7,23365.72,6060570.55,8649413.99,2588843.44,False,0.7079642244039401,51906.05
SHIP_702,Granelheiro,5902.07,20.83,75.91,17807.99,Salvador,Manaus,850.41,40.83,2.09,1.02,43.94,2014764.26,13803.75,2811037.16,3153097.37,342060.21,False,0.7538128810254547,4506.32
SHIP_703,Gaseiro,27334.52,19.04,74.29,11313.45,Rio de Janeiro,Belém,2903.54,152.53,2.2,2.61,157.34,7365499.11,14374.24,9159918.45,11531572.64,2371654.18,False,0.6595907032439026,31923.07
SHIP_704,Gaseiro,17226.84,17.13,68.29,12554.3,Recife,Paranaguá,2667.7,155.76,2.91,1.81,160.47,6913522.35,30254.02,8958396.43,13335527.54,4377131.11,False,0.8773367713755847,64099.17
SHIP_705,Graneleiro,15135.8,21.81,40.29,18256.0,Rio de Janeiro,Belém,1903.69,87.27,1.37,1.45,90.09,2285349.37,29753.97,3959742.79,5878795.75,1919052.96,False,0.8133137171783177,47631.89
SHIP_706,Container,41925.94,17.85,39.14,16804.64,Salvador,Recife,640.95,35.9,1.74,2.01,39.65,913333.24,32413.95,1612106.36,2243159.04,631052.69,False,0.8762827639612519,16124.24
SHIP_707,Graneleiro,37552.76,17.74,87.68,11412.59,Itajaí,Salvador,1180.6,66.55,1.77,2.67,70.99,3792622.45,15945.33,4618734.42,5923358.29,1304623.87,False,0.8454526697309344,14879.85
SHIP_708,Petroleiro,40506.83,18.51,52.37,10905.23,Santos,Fortaleza,979.68,52.93,1.12,2.18,56.23,1801772.08,49568.67,2464565.61,2875487.27,410921.66,False,0.7606394013228721,7846.16
SHIP_709,Graneleiro,15729.22,24.42,68.3,6578.98,Recife,Paranaguá,1931.71,79.11,2.0,2.71,83.82,3512039.51,31227.81,4094728.83,4922244.76,827515.93,False,0.789901408387453,12115.98
SHIP_710,Petroleiro,15487.01,20.74,85.72,5428.56,Santos,Paranaguá,2077.13,100.17,1.7,1.59,103.45,5581389.05,25703.51,6168695.33,7629498.3,1460802.98,False,0.6193048067106249,17041.0
SHIP_711,Graneleiro,41928.87,15.38,49.37,13134.5,Paranaguá,Manaus,870.25,56.59,2.49,1.02,60.1,1816276.81,16743.96,2622454.47,3493945.21,871490.74,False,0.9208250859428706,17650.96
SHIP_712,Petroleiro,36747.35,21.72,51.55,5019.27,Rio Grande,Fortaleza,800.4,36.85,2.07,2.35,41.27,1234836.9,26697.93,1468699.32,2044828.36,576129.04,False,0.6259616684580093,11176.71
SHIP_713,Granelheiro,13640.73,23.4,77.99,18421.43,Rio Grande,Salvador,793.89,33.93,2.98,1.42,38.33,1719949.14,10471.2,2436446.33,3652157.95,1215711.62,False,0.7066013782009989,15587.44
SHIP_714,Container,12921.79,22.87,45.0,18716.63,Rio Grande,Santos,2601.58,113.78,2.7,2.54,119.02,3328288.04,45235.26,5601124.0,7966471.7,2365347.7,False,0.7096137177462722,52559.2
SHIP_715,Gaseiro,13047.85,24.02,51.77,8679.19,Paranaguá,Recife,1621.02,67.49,1.64,2.49,71.62,2271242.39,48848.8,2941681.83,3751272.28,809590.44,False,0.8367362823192185,15636.72
SHIP_716,Container,9152.11,22.3,47.78,15215.75,Belém,Paranaguá,1432.19,64.24,1.29,1.81,67.34,1995157.29,14506.94,3034309.6,4037917.54,1003607.94,False,0.8111277474802873,21003.45
SHIP_717,Granelheiro,19651.15,24.84,73.39,5657.7,Fortaleza,Salvador,1316.55,53.01,2.25,1.11,56.37,2528696.51,10955.37,2858572.56,3659000.6,800428.03,False,0.616191671069,10906.78
SHIP_718,Container,21009.83,17.13,80.48,14602.91,Rio de Janeiro,Recife,799.72,46.69,1.97,2.37,51.03,2442271.99,41160.22,3228562.51,3577315.34,348752.82,False,0.7992484840326836,4333.56
SHIP_719,Container,41535.91,23.08,35.19,6652.58,Manaus,Itajaí,2303.22,99.8,1.31,2.7,103.81,2282556.32,39047.58,3012196.59,4327713.65,1315517.06,False,0.7751254261345365,37385.16
SHIP_720,Container,21088.1,17.77,71.42,15392.02,Rio Grande,Manaus,2677.42,150.63,1.68,2.54,154.86,6993316.04,32454.23,9409359.34,13673065.58,4263706.25,False,0.9452148607460442,59695.57
SHIP_721,Petroleiro,28067.23,24.34,61.82,9373.82,Fortaleza,Paranaguá,1167.25,47.95,2.86,1.34,52.15,1926752.84,33185.3,2448825.66,3237861.84,789036.18,False,0.632780108412616,12763.76
SHIP_722,Container,39564.02,22.47,44.94,9593.59,Rio Grande,Fortaleza,2594.6,115.46,1.14,2.76,119.37,3372367.06,20266.47,4537772.72,6067882.0,1530109.28,False,0.644395374412409,34050.65
SHIP_723,Petroleiro,25786.63,23.45,91.8,8969.74,Recife,Paranaguá,2278.16,97.16,1.2,1.07,99.43,5797762.12,32415.96,6721999.81,9262452.13,2540452.32,False,0.7939634394070796,27672.27
SHIP_724,Gaseiro,39291.47,20.37,87.26,5501.4,Fortaleza,Manaus,1416.88,69.54,1.47,1.89,72.91,3944607.46,12895.06,4358625.63,6457969.25,2099343.62,False,0.8433404402644017,24057.71
SHIP_725,Petroleiro,11396.34,21.4,24.37,11110.73,Paranaguá,Belém,943.52,44.09,1.22,2.13,47.45,698616.0,47133.43,1272930.01,1428119.04,155189.03,False,0.7486004125150845,6366.79
SHIP_726,Container,47015.55,20.42,62.2,7116.89,Rio de Janeiro,Rio Grande,501.97,24.58,2.62,1.18,28.37,993625.0,35353.99,1230908.23,1804322.62,573414.39,False,0.8544422718349508,9219.4
SHIP_727,Container,31092.54,16.63,73.94,7002.03,Fortaleza,Santos,2514.64,151.26,2.98,1.75,155.99,7269072.59,27790.24,8389107.34,9383832.84,994725.5,False,0.7059241192228851,13453.91
SHIP_728,Container,34806.73,16.58,75.05,6922.82,Salvador,Fortaleza,1563.39,94.28,1.49,2.5,98.27,4599066.27,20481.4,5299845.47,7699016.21,2399170.74,False,0.7958163408097212,31967.88
SHIP_729,Container,5654.04,15.81,66.17,19043.61,Santos,Itajaí,2666.73,168.68,2.97,2.06,173.7,7255372.27,41517.24,10604758.38,15230131.21,4625372.82,False,0.8516579871517603,69897.42
SHIP_730,Graneleiro,27675.0,22.09,39.92,9866.57,Itajaí,Recife,1335.54,60.47,1.05,1.68,63.2,1568777.89,42132.18,2234467.17,3259907.5,1025440.33,False,0.9264243718938946,25690.29
SHIP_731,Container,33461.25,17.88,71.08,9302.24,Salvador,Rio de Janeiro,1234.08,69.01,1.8,2.7,73.51,3188182.07,30011.91,3902027.69,5351866.42,1449838.72,False,0.6922619039324085,20398.31
SHIP_732,Container,47958.81,21.04,94.72,8051.2,Salvador,Itajaí,867.24,41.23,2.71,2.36,46.3,2538136.11,17463.14,2928370.37,3536721.4,608351.02,False,0.7588540169985776,6422.89
SHIP_733,Graneleiro,35174.32,18.18,50.5,19860.69,Rio Grande,Manaus,1119.04,61.54,2.01,2.69,66.24,2020038.49,19568.93,3355245.07,4248027.14,892782.07,False,0.7684158530162859,17679.41
SHIP_734,Gaseiro,25677.6,18.63,66.93,14365.59,Itajaí,Belém,2133.22,114.53,1.14,2.26,117.94,4982911.03,48129.49,6725285.44,8853128.72,2127843.28,False,0.8546527627472305,31791.26
SHIP_735,Graneleiro,25323.75,23.57,95.53,10039.19,Recife,Itajaí,1901.74,80.69,1.19,1.4,83.28,5010517.69,26538.63,5873169.49,6944911.84,1071742.35,False,0.7848793127045048,11219.19
SHIP_736,Gaseiro,34784.53,17.07,92.47,17578.24,Belém,Itajaí,1677.71,98.26,1.82,1.47,101.55,5905663.16,39199.73,7729976.85,8910325.15,1180348.29,False,0.8872575442855055,12764.94
SHIP_737,Petroleiro,32654.35,23.32,59.52,6776.93,Fortaleza,Manaus,534.1,22.9,1.61,2.4,26.9,886026.19,41610.4,1109962.28,1352268.3,242306.02,False,0.7473916165519285,4070.94
SHIP_738,Graneleiro,23473.53,17.31,30.91,7950.33,Paranaguá,Belém,638.33,36.87,1.4,1.02,39.28,740746.06,35090.34,1088154.42,1334675.98,246521.56,False,0.6640273624494744,7975.54
SHIP_739,Container,24352.49,24.84,43.82,13995.57,Rio de Janeiro,Rio Grande,2441.22,98.26,2.5,1.66,102.42,2798766.01,34434.4,4266570.98,6180153.12,1913582.15,False,0.8288222730346546,43668.82
SHIP_740,Container,22417.25,21.47,23.58,5810.71,Rio Grande,Recife,1643.08,76.52,2.1,2.78,81.4,1172910.6,14186.43,1660065.26,2372331.48,712266.22,False,0.7343269395673966,30204.49
SHIP_741,Container,47523.52,19.82,65.7,17382.96,Fortaleza,Paranaguá,1188.09,59.95,1.15,2.42,63.52,2560050.3,29320.47,3693465.74,5387295.41,1693829.67,True,0.7396882727011551,25782.41
SHIP_742,Petroleiro,23694.76,19.08,45.96,16725.31,Manaus,Itajaí,2397.49,125.66,1.96,1.09,128.7,3754232.09,22382.37,5929222.56,7215396.74,1286174.18,False,0.6306514506956611,27982.01
SHIP_743,Granelheiro,41255.39,21.69,78.6,11483.2,Manaus,Salvador,2199.31,101.39,2.22,2.54,106.15,5179657.43,27870.79,6426412.93,8284483.31,1858070.38,False,0.7438362128125662,23640.98
SHIP_744,Graneleiro,34152.67,22.12,34.28,6193.82,Rio Grande,Rio de Janeiro,2850.99,128.88,1.52,2.71,133.11,2871448.32,44539.66,3740456.2,5270336.59,1529880.39,False,0.6332337765964158,44634.09
SHIP_745,Container,37768.25,18.24,98.19,5560.29,Fortaleza,Rio de Janeiro,1612.77,88.41,1.23,1.7,91.34,5643026.65,49928.9,6200842.27,9025555.38,2824713.11,False,0.7272300600792433,28766.71
SHIP_746,Container,33845.27,24.01,33.11,10721.13,Manaus,Paranaguá,852.17,35.49,2.25,2.46,40.2,763849.85,47276.51,1242074.65,1504834.01,262759.36,False,0.6599894093136633,7935.08
SHIP_747,Graneleiro,8554.13,21.93,82.78,17396.8,Belém,Itajaí,2784.41,126.95,2.76,3.0,132.71,6830675.58,19762.56,9159173.6,12871597.75,3712424.15,False,0.7102266296106263,44848.03
SHIP_748,Granelheiro,10804.05,19.68,67.86,5464.56,Manaus,Rio Grande,1187.24,60.31,1.07,1.84,63.22,2660524.5,45804.0,3051794.24,4556514.86,1504720.61,False,0.6565731928246071,22172.43
SHIP_749,Gaseiro,45763.22,20.16,32.3,18825.9,Itajaí,Salvador,2393.67,118.72,2.46,2.42,123.6,2492504.67,18013.59,4837417.19,5729449.87,892032.68,False,0.7565248092778247,27617.16
SHIP_750,Granelheiro,18937.81,19.83,45.85,17584.57,Belém,Recife,1244.18,62.75,2.32,1.27,66.34,1869887.25,37474.66,3073957.69,4504331.32,1430373.64,False,0.7101944043930574,31199.74
SHIP_751,Graneleiro,10256.18,17.73,36.76,11829.93,Santos,Fortaleza,2771.09,156.28,1.21,2.44,159.93,3734310.57,37491.32,5663756.85,6447063.93,783307.08,False,0.6356833923530971,21307.79
SHIP_752,Petroleiro,23209.03,15.62,85.69,6385.19,Salvador,Recife,2185.02,139.85,1.11,2.35,143.3,7788866.21,43721.48,8747614.12,11017870.26,2270256.14,False,0.7656246154095395,26494.98
SHIP_753,Gaseiro,32797.71,19.56,91.53,12468.04,Fortaleza,Paranaguá,2604.52,133.13,2.6,1.82,137.56,7920467.85,19203.38,9654737.59,12188457.92,2533720.33,False,0.6796713875367872,27682.67
SHIP_754,Granelheiro,28599.64,23.06,48.28,14633.14,Itajaí,Rio Grande,1114.08,48.31,1.22,2.59,52.12,1516012.73,13958.74,2292614.14,2770744.68,478130.54,True,0.7867174665672024,9903.65
SHIP_755,Petroleiro,7374.05,19.57,95.37,18317.89,Itajaí,Santos,755.66,38.61,2.49,2.61,43.71,2393793.67,20855.53,3215402.3,4143507.05,928104.74,False,0.6485283851896563,9731.35
SHIP_756,Gaseiro,10729.03,16.76,96.82,15397.54,Salvador,Itajaí,2503.43,149.4,1.8,1.67,152.87,9402221.23,19379.36,11775366.69,15216826.07,3441459.38,False,0.9010257316464274,35544.44
SHIP_757,Granelheiro,10518.26,19.33,51.74,19070.81,Salvador,Fortaleza,882.84,45.66,1.02,1.48,48.16,1535568.67,42811.07,2496768.21,2955496.26,458728.04,False,0.7524562053044481,8866.33
SHIP_758,Gaseiro,23668.11,22.33,74.87,17499.07,Itajaí,Fortaleza,1124.9,50.38,2.22,2.17,54.77,2451883.26,24789.51,3435127.39,4446507.96,1011380.57,False,0.7265128649744803,13508.47
SHIP_759,Granelheiro,39995.62,22.39,91.44,11719.15,Fortaleza,Santos,1826.18,81.57,1.83,2.7,86.1,4848024.9,19188.09,5876255.35,7027317.59,1151062.24,False,0.7551621122704445,12588.56
SHIP_760,Gaseiro,31363.84,24.76,62.58,18579.83,Itajaí,Rio de Janeiro,707.6,28.58,1.38,1.88,31.84,1162520.54,33390.27,1787509.91,2549867.06,762357.14,False,0.7360980237659407,12181.27
SHIP_761,Petroleiro,7133.7,23.01,68.35,7978.14,Rio de Janeiro,Itajaí,1737.07,75.49,2.48,2.54,80.51,3353693.74,29984.74,4026013.34,4920133.79,894120.44,False,0.6063210769159861,13081.41
SHIP_762,Container,26722.78,18.31,79.22,9691.41,Belém,Itajaí,2567.02,140.2,2.19,2.59,144.97,7219516.96,49573.63,8674093.52,11897936.07,3223842.55,False,0.8292293865985625,40692.63
SHIP_763,Granelheiro,17748.34,15.0,30.15,19004.23,Salvador,Recife,2668.39,177.86,1.47,2.56,181.89,3486247.28,34342.86,6977223.96,10384634.21,3407410.24,False,0.8767110376694143,112996.96
SHIP_764,Container,11009.44,18.11,69.26,15364.27,Santos,Belém,1510.37,83.42,2.75,1.83,88.0,3755350.6,26111.05,5133533.61,5721235.45,587701.84,False,0.932829473153042,8485.68
SHIP_765,Granelheiro,5999.13,18.04,93.69,9814.03,Belém,Fortaleza,1130.63,62.68,2.07,2.65,67.4,3817132.77,14125.87,4492717.09,6636678.9,2143961.81,False,0.6634375894430431,22884.66
SHIP_766,Petroleiro,37040.36,18.85,52.18,16749.35,Salvador,Rio de Janeiro,2906.96,154.22,1.25,1.84,157.31,5230999.66,29237.66,7895135.43,9873062.08,1977926.65,False,0.6182940336465588,37903.24
SHIP_767,Gaseiro,35849.24,19.36,35.58,17240.5,Rio de Janeiro,Fortaleza,2506.4,129.45,1.97,1.6,133.02,2994051.92,35523.71,5322877.18,6468684.27,1145807.09,True,0.6693108313208828,32200.51
SHIP_768,Container,11035.38,15.56,89.46,9420.72,Manaus,Santos,504.53,32.42,1.45,1.68,35.54,1885063.47,49639.45,2269562.22,2971802.53,702240.31,False,0.9276439500390471,7849.44
SHIP_769,Petroleiro,28407.21,18.65,89.87,10924.85,Fortaleza,Belém,1337.52,71.72,1.41,1.76,74.89,4189852.49,22667.37,5030727.2,6896732.51,1866005.3,False,0.8411499947459988,20763.08
SHIP_770,Container,30515.55,21.84,20.23,18963.47,Santos,Recife,777.3,35.6,1.81,2.54,39.95,468026.28,27409.23,1253062.32,1852949.64,599887.32,False,0.7068947244899629,29657.2
SHIP_771,Container,12094.75,16.74,80.86,5237.57,Belém,Rio Grande,1894.53,113.17,1.76,2.01,116.94,5948306.54,32513.21,6593326.83,8079113.76,1485786.93,False,0.854311553066154,18374.64
SHIP_772,Gaseiro,46792.82,23.04,33.05,8738.06,Rio de Janeiro,Salvador,1354.66,58.79,1.34,2.16,62.29,1262890.36,49018.02,1856186.46,2607168.93,750982.47,True,0.601576568343101,22723.18
SHIP_773,Granelheiro,19097.42,20.27,45.94,6665.52,Itajaí,Salvador,1606.91,79.28,1.51,2.82,83.61,2367527.52,14070.18,2938900.74,3290572.69,351671.95,False,0.8485606433065562,7655.02
SHIP_774,Gaseiro,35480.38,15.24,52.94,9994.25,Rio de Janeiro,Salvador,2173.53,142.58,1.43,2.18,146.19,4906308.3,46528.24,6413938.14,9102153.98,2688215.84,False,0.9424770884264415,50778.72
SHIP_775,Gaseiro,5480.16,21.23,53.03,17897.82,Itajaí,Rio Grande,1129.54,53.21,2.96,2.23,58.4,1834066.0,41741.5,2921052.66,3313174.24,392121.59,False,0.7666072474080419,7394.73
SHIP_776,Graneleiro,45567.75,15.35,45.59,13949.87,Belém,Santos,2012.0,131.1,1.96,2.63,135.69,3884906.46,12508.89,5790259.02,8258039.08,2467780.06,False,0.624376053711893,54129.42
SHIP_777,Granelheiro,31502.12,20.21,79.38,12646.03,Fortaleza,Salvador,1556.11,77.01,1.8,1.05,79.86,3973308.67,23422.29,5006636.21,7461930.98,2455294.77,False,0.8530257352835112,30932.43
SHIP_778,Gaseiro,41466.4,22.97,30.21,18549.52,Itajaí,Salvador,2180.7,94.94,2.8,1.89,99.63,1864067.99,27478.19,3739679.08,5287212.91,1547533.83,False,0.666276306527152,51233.59
SHIP_779,Petroleiro,39709.54,23.41,69.42,14666.35,Salvador,Recife,570.84,24.38,2.66,2.58,29.61,1100029.67,20361.41,1554714.97,2150902.59,596187.62,False,0.6436441064932611,8588.67
SHIP_780,Graneleiro,31379.37,22.64,99.45,16374.54,Recife,Fortaleza,2484.08,109.71,2.23,2.97,114.91,7091998.03,35598.26,9009248.16,13010267.11,4001018.95,False,0.738510690446574,40230.52
SHIP_781,Petroleiro,18440.25,23.67,79.74,17866.48,Belém,Manaus,1737.46,73.41,1.26,2.39,77.06,3804637.58,18242.95,5199662.27,6637326.61,1437664.33,False,0.6738245676372792,18029.52
SHIP_782,Granelheiro,35263.51,22.04,64.69,18554.27,Santos,Rio Grande,777.49,35.27,1.35,1.86,38.48,1483131.28,15068.51,2212234.97,2934570.51,722335.55,False,0.7618598859728017,11166.15
SHIP_783,Petroleiro,47343.46,19.86,57.01,16776.08,Rio Grande,Salvador,2553.94,128.57,2.11,1.36,132.04,4764438.32,28710.33,7008293.48,10422937.31,3414643.83,False,0.6157810996018864,59896.01
SHIP_784,Granelheiro,37904.95,23.72,27.84,11544.52,Belém,Recife,2905.76,122.5,2.67,1.98,127.15,2217186.27,40502.84,3725585.13,5340071.36,1614486.23,False,0.6986753431130462,57981.96
SHIP_785,Graneleiro,28888.66,15.52,32.68,17190.4,Manaus,Itajaí,831.51,53.59,1.47,1.91,56.96,1138407.0,30684.84,2148275.0,3019280.62,871005.62,False,0.9387518229071246,26650.2
SHIP_786,Container,43833.7,19.49,25.03,12140.88,Rio Grande,Paranaguá,2223.11,114.07,2.22,2.08,118.37,1855822.88,28752.76,3321639.37,4044111.71,722472.34,False,0.6793929858139233,28865.87
SHIP_787,Granelheiro,30897.55,19.23,61.19,7560.16,Paranaguá,Recife,2157.27,112.16,2.71,1.52,116.38,4461171.04,29660.57,5370665.54,8003424.5,2632758.96,False,0.7020194478948878,43023.01
SHIP_788,Graneleiro,26166.72,24.56,81.34,19543.35,Recife,Itajaí,2365.64,96.31,1.35,1.13,98.79,5091836.47,33106.46,7055656.3,8771064.93,1715408.64,False,0.9004306829163717,21090.29
SHIP_789,Container,48057.61,19.99,94.52,13749.99,Belém,Paranaguá,1845.96,92.34,1.91,1.42,95.67,5673508.32,10148.79,6999119.9,8375164.3,1376044.4,False,0.600554625563219,14557.8
SHIP_790,Petroleiro,28548.16,18.44,99.77,16586.16,Santos,Paranaguá,2403.19,130.32,2.91,2.78,136.01,8451326.81,22727.5,10729861.69,12515255.83,1785394.14,False,0.652451979610293,17895.0
SHIP_791,Graneleiro,30732.29,17.54,38.24,5172.89,Rio de Janeiro,Itajaí,825.85,47.09,1.62,1.23,49.95,1170707.69,49434.34,1478506.19,1808882.92,330376.73,True,0.6106328529840619,8638.44
SHIP_792,Gaseiro,37073.92,15.46,41.3,12458.04,Rio de Janeiro,Rio Grande,1549.85,100.23,1.38,1.67,103.28,2690707.72,39108.25,4016524.04,5493411.33,1476887.29,False,0.6945204631355445,35760.28
SHIP_793,Petroleiro,14307.67,21.54,53.3,7694.89,Itajaí,Santos,2222.77,103.19,2.13,2.72,108.04,3574899.01,14699.04,4420947.53,6252398.61,1831451.08,True,0.9137655000407534,34362.88
SHIP_794,Petroleiro,33629.85,22.31,93.44,18678.09,Recife,Rio de Janeiro,2347.36,105.23,1.4,2.69,109.31,6391349.65,18151.04,8451260.33,11807758.88,3356498.55,False,0.9155200478852621,35921.11
SHIP_795,Petroleiro,17167.25,23.04,99.65,8789.95,Recife,Belém,1591.94,69.11,2.04,1.59,72.74,4476254.88,10610.59,5126234.77,6090231.92,963997.15,False,0.6195123594646148,9673.99
SHIP_796,Gaseiro,7358.26,24.08,77.7,15156.6,Santos,Paranaguá,1806.43,75.02,2.56,1.31,78.9,3789101.78,25677.65,5010617.85,6493769.25,1483151.4,True,0.7468297982681309,19088.02
SHIP_797,Container,19242.58,15.36,30.94,16460.55,Fortaleza,Rio Grande,545.09,35.5,2.87,1.17,39.54,713865.24,41969.52,1406667.78,2052956.54,646288.75,False,0.9036169582235903,20889.24
SHIP_798,Gaseiro,17939.75,18.33,54.12,7089.45,Fortaleza,Recife,555.68,30.31,2.74,2.11,35.16,1066456.21,34348.92,1350073.4,1985681.74,635608.33,False,0.8417987265189346,11743.63
SHIP_799,Granelheiro,40413.59,16.16,48.81,19523.12,Salvador,Belém,2807.33,173.68,2.77,1.9,178.36,5510694.58,44287.72,9037037.85,10115683.81,1078645.95,False,0.7448886944694189,22097.53
SHIP_800,Container,26752.64,17.64,48.52,7441.64,Paranaguá,Rio Grande,1722.84,97.69,2.59,2.32,102.6,3080944.84,14311.69,3858799.39,4997271.17,1138471.78,True,0.7554395518113922,23464.87
SHIP_801,Container,40161.03,21.8,70.81,18643.33,Fortaleza,Santos,545.08,25.0,2.11,2.57,29.69,1150848.73,31653.42,1736058.74,2134585.3,398526.56,False,0.6998764850992492,5627.91
SHIP_802,Granelheiro,48014.15,22.34,72.94,17254.37,Rio de Janeiro,Belém,818.94,36.66,2.72,2.19,41.56,1737802.98,23413.16,2478387.18,3535027.98,1056640.8,False,0.7307776037305445,14487.34
SHIP_803,Petroleiro,22465.47,15.96,93.17,6365.54,Rio Grande,Fortaleza,2120.52,132.89,1.83,1.81,136.53,8047643.8,37182.07,8953902.73,10089593.3,1135690.57,False,0.7008709428475135,12189.87
SHIP_804,Granelheiro,16564.63,21.64,53.55,19481.16,Rio de Janeiro,Itajaí,2209.61,102.1,2.58,1.59,106.27,3553926.1,13167.46,5637355.0,7301102.7,1663747.7,True,0.7568563056791506,31068.46
SHIP_805,Container,17348.57,18.93,51.02,9303.0,Salvador,Fortaleza,1171.45,61.88,2.72,1.14,65.74,2052093.97,37104.45,2700773.01,3157549.41,456776.39,False,0.7028864817436044,8952.69
SHIP_806,Gaseiro,14711.19,16.59,45.01,6588.74,Paranaguá,Rio de Janeiro,546.62,32.96,2.61,1.28,36.84,964268.97,41039.07,1248042.53,1770993.56,522951.03,False,0.8347615201651206,11617.36
SHIP_807,Gaseiro,43130.98,15.1,52.23,18608.65,Rio de Janeiro,Santos,2350.78,155.73,2.09,2.06,159.87,5287026.9,23910.8,8285967.04,10839770.14,2553803.1,True,0.6004744335742821,48894.2
SHIP_808,Gaseiro,27369.02,22.53,85.86,18190.95,Santos,Paranaguá,1719.3,76.32,2.26,1.16,79.74,4259301.33,29521.53,5739337.6,6668687.32,929349.71,False,0.7152568595026098,10823.82
SHIP_809,Container,24059.33,20.72,92.23,10917.27,Fortaleza,Santos,2952.83,142.54,2.52,2.02,147.08,8544974.2,35761.06,10186414.7,11621575.29,1435160.59,False,0.6629998658137404,15560.65
SHIP_810,Gaseiro,27614.64,23.48,21.63,14067.33,Salvador,Belém,1192.56,50.78,2.72,1.57,55.07,714033.89,37470.23,1526236.86,2090468.09,564231.23,False,0.9131092556728402,26083.02
SHIP_811,Granelheiro,29414.65,24.78,84.8,13335.57,Paranaguá,Itajaí,2867.6,115.7,2.01,2.77,120.49,6377581.11,24325.79,8008651.38,10022482.45,2013831.08,False,0.6964063379266782,23747.61
SHIP_812,Petroleiro,16926.57,20.36,55.93,11601.81,Paranaguá,Rio Grande,727.84,35.75,2.44,1.43,39.61,1299546.19,17878.15,1776972.04,2248053.25,471081.2,False,0.8043503935578054,8422.41
SHIP_813,Granelheiro,21715.85,19.49,62.97,8053.03,Manaus,Paranaguá,889.38,45.63,2.76,1.87,50.26,1867954.25,26483.74,2299207.11,2561879.71,262672.59,True,0.9363573275178246,4171.16
SHIP_814,Graneleiro,5588.44,16.72,72.3,5382.09,Santos,Fortaleza,659.02,39.42,1.44,2.02,42.89,1852679.51,31836.1,2115349.77,2355874.45,240524.68,False,0.7139261683441473,3326.71
SHIP_815,Granelheiro,11465.94,22.1,62.7,7157.52,Salvador,Itajaí,523.1,23.67,2.62,1.35,27.64,964664.22,34248.67,1196741.52,1477699.05,280957.53,False,0.7458072797244695,4481.12
SHIP_816,Petroleiro,34183.72,18.09,68.5,12856.38,Santos,Fortaleza,561.2,31.02,2.58,1.02,34.62,1380878.63,21726.24,1847698.92,2036847.17,189148.25,False,0.9370046729006334,2761.44
SHIP_817,Petroleiro,31526.19,19.71,65.87,18918.51,Itajaí,Rio de Janeiro,2570.95,130.43,1.65,1.47,133.55,5584486.77,20505.34,8131515.08,10585349.51,2453834.42,False,0.902241286085,37251.48
SHIP_818,Gaseiro,35332.63,17.15,71.02,12591.25,Itajaí,Santos,2293.05,133.73,2.67,2.49,138.88,6173219.0,43862.45,7965816.26,8965897.0,1000080.74,False,0.8420269410347581,14082.43
SHIP_819,Granelheiro,44750.74,19.96,45.06,16304.99,Salvador,Santos,1050.17,52.62,1.78,2.73,57.13,1541217.6,38976.89,2511690.31,3168558.62,656868.31,False,0.7245889367912828,14577.62
SHIP_820,Container,17784.69,16.76,79.47,8781.05,Fortaleza,Itajaí,1635.42,97.57,1.77,2.96,102.31,5039993.45,25643.69,5964020.53,6751229.45,787208.92,True,0.7491403475907727,9906.16
SHIP_821,Container,17939.91,16.6,42.57,8498.78,Rio Grande,Santos,2335.18,140.65,1.06,2.23,143.94,3891984.65,40426.45,5155750.73,6662721.93,1506971.2,False,0.8477582433327873,35397.81
SHIP_822,Graneleiro,38656.56,16.97,82.18,17481.42,Rio Grande,Rio de Janeiro,1403.17,82.69,1.43,1.77,85.89,4417158.52,39584.32,5958137.45,7549291.43,1591153.98,False,0.6068636863659888,19360.96
SHIP_823,Graneleiro,35211.56,20.23,91.89,7465.89,Paranaguá,Itajaí,2510.27,124.08,2.58,1.25,127.92,7411020.53,25942.37,8391964.07,9802326.42,1410362.35,False,0.8962523117075574,15348.19
SHIP_824,Container,27070.09,15.37,62.82,15571.93,Salvador,Belém,1347.91,87.69,1.22,1.56,90.47,3580845.36,40863.55,5030561.66,6240399.33,1209837.67,False,0.9002612148361839,19258.73
SHIP_825,Gaseiro,18898.74,21.59,65.32,12076.34,Rio de Janeiro,Rio Grande,1739.55,80.58,2.46,1.18,84.22,3420917.57,36727.23,4474682.92,6525541.25,2050858.34,False,0.7782278884144773,31399.26
SHIP_826,Petroleiro,33240.02,18.56,45.88,5347.2,Itajaí,Rio de Janeiro,1750.83,94.31,1.97,1.32,97.6,2812574.97,40572.96,3375018.64,4377634.52,1002615.88,True,0.7682751588629045,21853.47
SHIP_827,Petroleiro,49640.72,21.87,87.31,11222.71,Belém,Paranaguá,2419.65,110.66,1.08,1.25,112.98,6279769.41,18122.82,7565862.46,9538893.9,1973031.44,False,0.6127821327834808,22598.38
SHIP_828,Granelheiro,32912.99,17.94,26.92,16391.43,Rio Grande,Santos,1285.11,71.62,1.92,1.47,75.01,1253040.62,35092.68,2517734.44,3073134.99,555400.55,False,0.6253219343426201,20634.85
SHIP_829,Container,44533.88,18.02,72.02,9935.09,Belém,Santos,1478.64,82.06,1.52,1.69,85.27,3841805.54,26428.02,4715429.1,6545800.37,1830371.27,False,0.8729861611891375,25413.44
SHIP_830,Gaseiro,34998.62,18.09,43.4,16974.09,Paranaguá,Belém,2458.34,135.91,1.7,1.6,139.21,3833642.78,32392.99,6229061.81,6872812.08,643750.27,False,0.6066651932460021,14834.55
SHIP_831,Container,37960.46,24.33,72.58,11585.44,Paranaguá,Rio Grande,612.2,25.16,2.84,1.94,29.94,1186965.44,11159.87,1545017.73,2125833.82,580816.09,False,0.7542678366863791,8002.89
SHIP_832,Gaseiro,49755.16,19.2,68.64,6571.44,Rio de Janeiro,Fortaleza,1635.57,85.18,1.48,2.67,89.33,3800324.3,41356.78,4428716.64,6331612.18,1902895.54,False,0.8433303795117074,27724.2
SHIP_833,Gaseiro,23809.96,20.66,71.93,10253.55,Rio de Janeiro,Salvador,2792.75,135.21,1.27,2.34,138.82,6321151.0,10174.38,7754686.4,11398306.78,3643620.38,False,0.6538390735775939,50657.59
SHIP_834,Graneleiro,40704.65,24.15,33.57,17261.19,Rio Grande,Santos,2833.06,117.31,2.88,2.83,123.02,2559485.69,31856.84,4714805.5,5858072.88,1143267.38,True,0.8443409234292332,34061.21
SHIP_835,Granelheiro,18993.79,16.0,41.8,17476.78,Santos,Belém,2951.18,184.49,1.99,1.02,187.49,5012205.49,15601.79,8304605.72,10204967.16,1900361.45,False,0.9297818018219082,45466.05
SHIP_836,Petroleiro,28725.17,18.25,32.65,10077.9,Belém,Recife,551.28,30.21,1.73,2.06,34.0,641051.74,44874.65,1028536.71,1414186.3,385649.6,False,0.7938048809894264,11811.58
SHIP_837,Granelheiro,49388.63,22.32,82.16,18086.94,Recife,Manaus,1039.1,46.55,1.17,1.97,49.68,2485750.23,30563.23,3414908.38,4889031.15,1474122.76,False,0.7997985589405094,17943.03
SHIP_838,Petroleiro,28718.19,15.38,69.22,17420.65,Rio de Janeiro,Rio Grande,893.75,58.1,2.19,2.19,62.48,2614149.73,16567.4,3719150.52,4274737.42,555586.9,False,0.6379012747690209,8026.72
SHIP_839,Petroleiro,23939.48,22.27,28.58,8090.73,Recife,Fortaleza,868.88,39.01,2.59,1.13,42.73,724864.54,37463.46,1108073.55,1381305.39,273231.84,False,0.9375341965744131,9558.88
SHIP_840,Container,10154.54,18.14,84.81,8992.38,Salvador,Belém,1037.8,57.2,2.65,2.97,62.82,3153155.79,32275.22,3750363.06,4542512.86,792149.81,False,0.888433071669531,9340.28
SHIP_841,Granelheiro,5239.59,20.65,47.14,9840.26,Santos,Rio Grande,2112.27,102.3,2.7,2.22,107.22,3134261.0,44126.92,4233452.44,5104861.4,871408.96,False,0.8234196127033814,18487.01
SHIP_842,Gaseiro,34455.48,24.54,82.01,17054.53,Rio de Janeiro,Fortaleza,1829.0,74.53,1.37,1.85,77.75,3972998.13,31979.58,5331023.31,7310793.18,1979769.87,False,0.696242717190774,24139.74
SHIP_843,Petroleiro,8584.03,19.3,64.35,9931.19,Rio de Janeiro,Itajaí,2301.08,119.25,2.29,1.67,123.2,4987675.92,40194.9,6251441.95,8498697.9,2247255.96,False,0.7594657308883942,34924.67
SHIP_844,Gaseiro,32535.68,18.74,76.16,17535.82,Rio Grande,Rio de Janeiro,2220.58,118.52,2.03,1.92,122.47,5867120.36,35692.79,8050375.73,11044506.54,2994130.81,True,0.7667987802530065,39315.87
SHIP_845,Petroleiro,18322.95,20.15,33.23,19665.69,Santos,Rio de Janeiro,769.81,38.21,2.86,2.83,43.9,825207.93,31014.42,1719475.84,2390009.7,670533.86,False,0.8205121021398534,20178.79
SHIP_846,Graneleiro,20325.92,18.01,66.26,12471.95,Itajaí,Belém,1948.84,108.2,1.57,1.73,111.51,4659920.66,13355.92,6063979.62,6797178.72,733199.1,False,0.6315397715269506,11065.76
SHIP_847,Graneleiro,39671.67,21.17,67.89,9388.11,Paranaguá,Belém,2209.73,104.39,2.59,1.23,108.2,4606615.71,31340.86,5653794.34,6448186.77,794392.44,False,0.7336853066658441,11701.0
SHIP_848,Graneleiro,30393.55,16.15,99.76,11383.34,Rio Grande,Fortaleza,1370.58,84.89,2.42,1.73,89.04,5504563.82,43330.97,6561446.69,8409860.62,1848413.93,False,0.6376086257546603,18528.75
SHIP_849,Granelheiro,43075.36,22.36,36.94,7179.29,Recife,Rio de Janeiro,1290.73,57.73,2.95,1.51,62.2,1386109.94,28245.09,1860893.09,2069328.17,208435.08,False,0.7811013959345371,5642.94
SHIP_850,Graneleiro,24456.02,24.92,94.2,9615.86,Salvador,Rio Grande,778.98,31.26,2.68,2.99,36.94,1914345.04,21704.36,2291231.13,2848261.43,557030.3,False,0.6799244649625966,5912.96
SHIP_851,Gaseiro,14904.94,17.01,93.8,17789.99,Belém,Rio de Janeiro,2437.21,143.27,1.79,2.01,147.06,8734941.72,28573.27,11379721.78,13671133.94,2291412.16,False,0.9256283302655353,24428.72
SHIP_852,Container,21408.8,23.58,41.3,12717.9,Santos,Belém,767.21,32.54,2.32,2.67,37.53,873543.15,38737.89,1389630.93,1819448.51,429817.58,False,0.8529141036920573,10407.54
SHIP_853,Graneleiro,14202.7,18.38,57.59,9961.89,Manaus,Santos,2387.35,129.89,1.66,1.28,132.83,4862060.63,25961.62,6211218.76,9266925.8,3055707.04,False,0.6144810338635409,53061.86
SHIP_854,Gaseiro,22049.92,15.35,28.17,14021.16,Itajaí,Belém,2684.55,174.92,1.24,1.9,178.06,3202451.85,46435.16,5745547.08,8191543.65,2445996.57,False,0.7323687223348766,86842.19
SHIP_855,Petroleiro,30938.25,22.92,45.95,15742.47,Fortaleza,Santos,838.55,36.59,1.58,1.29,39.46,1092608.97,42449.22,1756221.1,2088251.73,332030.62,False,0.9301544390359784,7226.68
SHIP_856,Petroleiro,28749.75,20.4,56.88,9888.35,Itajaí,Salvador,1689.14,82.8,2.21,2.97,87.98,3061414.18,47510.58,3978875.04,5748922.1,1770047.06,True,0.7392051414679528,31117.5
SHIP_857,Gaseiro,24265.11,23.8,96.87,18395.02,Fortaleza,Paranaguá,2297.95,96.54,2.17,2.38,101.09,6078977.64,47564.37,7986108.65,9583326.34,1597217.69,False,0.8611458423835248,16487.86
SHIP_858,Graneleiro,28436.7,17.69,82.13,13283.33,Fortaleza,Rio de Janeiro,2152.43,121.71,1.65,1.96,125.31,6497082.12,34694.17,8196364.47,10343519.56,2147155.09,False,0.6109765490816059,26143.83
SHIP_859,Gaseiro,12662.11,21.33,53.59,12622.46,Rio Grande,Recife,657.43,30.82,2.67,2.57,36.06,1073656.26,17414.16,1546236.41,2093189.3,546952.9,False,0.7736264174751859,10206.32
SHIP_860,Container,12609.68,16.26,94.61,14074.25,Itajaí,Rio Grande,2148.73,132.14,1.8,2.82,136.76,8126098.19,35517.22,10086387.8,14198284.82,4111897.02,False,0.6766395444870305,43460.79
SHIP_861,Gaseiro,27344.74,17.77,62.79,10227.64,Recife,Santos,830.17,46.72,1.53,1.88,50.13,1906770.92,11211.73,2430653.82,3422985.28,992331.46,False,0.6958702047204662,15803.39
SHIP_862,Gaseiro,13994.28,17.32,83.84,13446.9,Paranaguá,Fortaleza,514.43,29.7,1.86,1.82,33.38,1618645.93,14557.81,2082036.1,2853340.35,771304.25,False,0.7608191553675578,9200.22
SHIP_863,Gaseiro,49630.05,17.27,44.87,19763.61,Belém,Manaus,2579.4,149.37,1.94,2.11,153.42,4356010.57,43727.12,7431785.01,9604780.23,2172995.22,True,0.632650584652689,48432.56
SHIP_864,Container,38245.01,24.6,74.28,13558.42,Rio Grande,Rio de Janeiro,2864.07,116.43,1.89,2.2,120.51,5621746.52,29053.53,7284782.11,10731492.91,3446710.8,False,0.8404333544849034,46399.23
SHIP_865,Container,40635.79,20.83,92.71,19129.87,Fortaleza,Recife,660.8,31.72,1.8,1.05,34.57,1911752.01,23176.67,2596339.36,3413530.13,817190.77,False,0.6864371284566373,8814.16
SHIP_866,Container,40544.86,21.35,62.62,10887.89,Santos,Fortaleza,1228.46,57.55,2.65,1.9,62.1,2342411.66,30057.9,3048607.49,3988589.19,939981.7,False,0.6896309491834482,15011.62
SHIP_867,Petroleiro,10415.32,15.99,80.6,8352.92,Recife,Manaus,639.18,39.99,2.6,1.31,43.89,2094758.88,35005.84,2496362.49,3084149.28,587786.79,False,0.8414875249942269,7292.91
SHIP_868,Graneleiro,20063.09,21.95,75.89,15559.04,Belém,Manaus,1731.3,78.86,2.83,1.98,83.67,3889959.6,28010.61,5219725.63,6157983.46,938257.83,False,0.891413154563435,12363.25
SHIP_869,Container,23082.79,22.17,90.13,8244.51,Paranaguá,Rio de Janeiro,2517.98,113.58,2.51,1.71,117.81,6654217.11,49580.8,7675050.7,9248658.27,1573607.57,False,0.8702907076286192,17458.39
SHIP_870,Container,24559.58,18.31,34.29,16479.99,Rio Grande,Paranaguá,2465.8,134.68,2.13,2.91,139.73,3002189.3,22726.53,5327708.19,6328505.49,1000797.29,False,0.7826595616746174,29183.7
SHIP_871,Granelheiro,34866.7,18.81,77.56,10042.48,Belém,Rio Grande,1225.71,65.16,2.08,1.05,68.29,3284832.76,13191.56,3983814.88,5048241.68,1064426.8,False,0.8888624496946418,13724.34
SHIP_872,Graneleiro,41711.92,24.35,87.27,14655.19,Manaus,Itajaí,2023.26,83.1,1.93,2.25,87.29,4713963.47,41808.66,6034954.33,8977688.89,2942734.56,False,0.800778621046065,33718.38
SHIP_873,Container,25016.25,21.68,70.39,5267.51,Rio de Janeiro,Itajaí,1852.9,85.45,1.18,1.05,87.68,3909691.85,41647.89,4413176.46,5311081.1,897904.64,False,0.7768079990329564,12755.48
SHIP_874,Petroleiro,38661.56,16.39,40.19,15976.64,Belém,Recife,911.84,55.63,1.7,1.53,58.87,1453492.7,23994.47,2417990.9,3344878.44,926887.53,False,0.9164669226433497,23060.86
SHIP_875,Granelheiro,32097.59,19.93,82.86,19213.01,Fortaleza,Recife,1389.61,69.72,1.5,2.23,73.46,3755282.26,29954.91,5196554.13,7772352.09,2575797.97,True,0.6638173142523768,31086.06
SHIP_876,Petroleiro,47403.54,22.55,36.64,10065.66,Salvador,Recife,2524.19,111.93,2.39,2.53,116.86,2665960.58,27648.04,3869849.81,5365897.0,1496047.19,False,0.7291696557696314,40828.79
SHIP_877,Graneleiro,37494.39,16.74,67.22,15429.11,Paranaguá,Fortaleza,1359.63,81.21,2.39,2.77,86.37,3548304.71,28884.67,4909769.47,6152745.03,1242975.56,False,0.9494474318733208,18491.57
SHIP_878,Container,38858.11,23.64,72.1,17844.28,Rio Grande,Fortaleza,780.96,33.04,1.7,2.75,37.49,1548178.67,18066.21,2235139.26,2528605.98,293466.72,False,0.7796255096228432,4070.51
SHIP_879,Graneleiro,31365.39,16.8,78.8,7829.31,Manaus,Rio Grande,783.68,46.66,2.09,2.42,51.17,2389916.4,12001.43,2802548.85,3160597.24,358048.39,False,0.7859657774356115,4543.65
SHIP_880,Granelheiro,41251.14,22.91,66.51,16711.78,Paranaguá,Belém,979.43,42.74,1.1,2.75,46.59,1847902.12,13022.18,2639562.59,3163978.67,524416.08,False,0.828875976005992,7884.85
SHIP_881,Petroleiro,46518.04,15.57,22.36,7673.93,Manaus,Recife,2966.12,190.54,2.43,2.23,195.2,2769022.82,11881.56,4278823.48,6211328.82,1932505.34,False,0.6930909226289392,86434.21
SHIP_882,Petroleiro,25796.32,20.49,95.93,19979.26,Manaus,Rio de Janeiro,1088.52,53.12,2.45,1.76,57.33,3312275.41,10324.33,4468023.64,4931362.2,463338.56,True,0.770917219551517,4830.02
SHIP_883,Gaseiro,6015.64,21.87,43.52,13398.4,Recife,Paranaguá,1252.3,57.26,1.33,1.81,60.41,1619862.52,19290.93,2448570.67,3217226.93,768656.26,False,0.8088206863249994,17662.03
SHIP_884,Container,8908.83,22.02,24.21,5889.63,Paranaguá,Rio de Janeiro,1263.31,57.38,2.79,2.28,62.45,902991.03,40805.25,1311631.18,1517059.96,205428.78,True,0.7811113532845019,8484.81
SHIP_885,Granelheiro,46595.95,20.49,66.64,11024.8,Rio de Janeiro,Santos,2872.7,140.19,2.55,1.57,144.32,6072647.6,43768.38,7707509.57,9811340.16,2103830.59,False,0.6956651068330617,31570.14
SHIP_886,Gaseiro,46609.82,18.54,72.93,19992.45,Itajaí,Salvador,1157.67,62.43,2.15,2.39,66.98,2959729.62,16585.09,4315383.34,5003553.32,688169.98,True,0.6365688383577421,9435.74
SHIP_887,Container,15688.23,18.8,58.07,5668.55,Itajaí,Santos,2926.43,155.67,2.43,1.65,159.75,5876079.89,22747.89,6804367.96,8705624.18,1901256.22,False,0.6990559380593193,32739.35
SHIP_888,Graneleiro,24708.38,18.55,25.8,15098.06,Rio Grande,Rio de Janeiro,2562.98,138.17,1.61,2.98,142.76,2317390.53,13034.06,4485773.49,6121808.13,1636034.64,False,0.8574749310039778,63402.95
SHIP_889,Petroleiro,26915.72,23.13,96.37,18886.83,Belém,Fortaleza,2773.16,119.89,2.02,1.72,123.63,7509746.57,28601.41,9873322.88,13585281.56,3711958.68,False,0.659045574981311,38517.38
SHIP_890,Gaseiro,19210.8,20.94,71.64,10945.34,Fortaleza,Manaus,694.6,33.17,1.75,2.38,37.3,1544747.37,36839.82,1989822.93,2316310.23,326487.29,False,0.8815121141340103,4557.27
SHIP_891,Graneleiro,45466.26,21.24,20.45,7794.75,Rio Grande,Manaus,749.32,35.28,1.73,2.0,39.01,469005.6,11735.89,784830.0,972711.38,187881.39,True,0.8911965185886215,9187.13
SHIP_892,Granelheiro,30733.17,20.84,36.78,6111.63,Belém,Manaus,1661.81,79.75,2.23,1.19,83.17,1906585.24,48021.38,2462892.6,3675043.98,1212151.37,False,0.7322889244744495,32954.99
SHIP_893,Container,25865.41,15.89,68.72,9323.18,Paranaguá,Santos,900.77,56.71,2.09,2.06,60.86,2532899.19,13034.87,3113331.08,4294174.54,1180843.46,False,0.6765591130864326,17183.42
SHIP_894,Gaseiro,15933.58,21.42,42.09,8261.71,Rio de Janeiro,Belém,1135.44,53.0,1.98,2.93,57.91,1449919.49,43289.52,1971681.69,2393314.19,421632.51,False,0.7612397407187468,10018.14
SHIP_895,Container,45087.09,15.94,99.11,19236.04,Salvador,Rio Grande,695.69,43.63,2.87,1.73,48.22,2810801.54,43788.37,3782238.11,4793432.08,1011193.97,False,0.8219850818421399,10202.74
SHIP_896,Petroleiro,39851.48,15.34,67.45,7800.99,Salvador,Paranaguá,1364.87,88.99,1.7,1.94,92.62,3901558.38,23365.46,4647460.67,5311789.37,664328.7,False,0.7457372595496721,9848.84
SHIP_897,Container,25290.83,23.27,27.84,15559.13,Itajaí,Manaus,1344.86,57.8,1.62,2.87,62.28,1045897.94,19938.74,2034880.18,2761358.31,726478.14,False,0.7766640132479395,26094.35
SHIP_898,Graneleiro,36369.1,20.87,86.62,6084.08,Fortaleza,Recife,2226.75,106.71,2.07,1.76,110.53,6008002.18,23611.0,6704097.59,9039356.38,2335258.78,False,0.8951417149876175,26959.09
SHIP_899,Container,27031.44,18.11,89.74,7338.21,Santos,Rio de Janeiro,1016.11,56.1,2.37,1.7,60.18,3272287.73,38520.67,3752391.32,4364336.74,611945.41,False,0.6177988890918089,6818.8
SHIP_900,Granelheiro,14950.55,17.74,63.81,7167.73,Manaus,Fortaleza,834.85,47.05,2.89,2.61,52.55,1951584.4,17226.2,2345471.32,2961455.7,615984.38,False,0.8685088491205232,9653.57
SHIP_901,Graneleiro,34691.12,19.46,37.97,15902.95,Manaus,Rio de Janeiro,2269.66,116.63,1.31,2.83,120.77,2878826.16,12576.2,4812019.17,5399158.09,587138.92,False,0.9183112793170699,15462.07
SHIP_902,Container,28399.92,22.88,38.23,12353.33,Rio de Janeiro,Rio Grande,1395.72,61.0,2.66,1.05,64.7,1515805.15,19753.71,2334873.01,2710856.89,375983.88,True,0.844899577004018,9835.44
SHIP_903,Granelheiro,16082.18,24.03,28.35,19740.32,Manaus,Fortaleza,2650.62,110.29,2.38,2.88,115.54,2032272.84,38892.45,4351946.14,5118684.2,766738.05,False,0.6975645298140202,27045.7
SHIP_904,Granelheiro,26191.44,24.18,50.97,13439.61,Fortaleza,Rio Grande,2507.42,103.7,1.85,1.47,107.03,3435469.72,49781.03,4923636.49,7299923.01,2376286.52,False,0.8433739877561544,46625.5
SHIP_905,Petroleiro,9757.61,21.65,42.89,7983.75,Manaus,Rio de Janeiro,2840.88,131.23,1.04,1.88,134.14,3658882.19,10865.08,4740710.12,6131810.91,1391100.79,False,0.8337735657586296,32430.77
SHIP_906,Gaseiro,9206.06,20.08,32.98,11245.24,Rio Grande,Recife,2582.46,128.62,2.97,1.64,133.23,2757085.8,31278.23,4286547.22,5591883.19,1305335.97,False,0.6872533725016139,39581.01
SHIP_907,Petroleiro,15119.91,20.19,65.02,19174.21,Rio Grande,Itajaí,988.93,48.97,2.28,2.63,53.89,2069468.49,32409.66,3135137.97,3768440.42,633302.45,True,0.61373856857485,9740.85
SHIP_908,Gaseiro,18744.99,22.45,23.8,8289.43,Rio de Janeiro,Rio Grande,2265.58,100.93,2.57,1.91,105.41,1561551.12,37922.97,2473267.12,3104397.57,631130.45,False,0.7484859961223029,26516.5
SHIP_909,Petroleiro,24124.79,16.41,61.06,13807.69,Santos,Rio de Janeiro,1691.22,103.07,1.65,2.44,107.17,4090861.18,12986.47,5583606.09,8184316.62,2600710.53,False,0.9368225467033973,42593.34
SHIP_910,Gaseiro,25806.0,19.13,40.52,5151.07,Fortaleza,Recife,1186.98,62.06,1.22,2.32,65.6,1634318.02,22763.0,1994975.63,2806674.82,811699.19,False,0.7932063603034779,20034.28
SHIP_911,Gaseiro,15392.37,22.44,62.56,17135.52,Recife,Belém,2451.83,109.29,1.43,2.43,113.15,4443935.25,42002.18,6424772.92,7956714.38,1531941.46,False,0.9380435712704155,24487.92
SHIP_912,Gaseiro,47373.57,23.65,60.0,7113.56,Belém,Itajaí,1044.76,44.17,2.3,1.84,48.31,1722764.2,15872.07,2082318.14,2689517.05,607198.92,True,0.6752798300747824,10120.29
SHIP_913,Gaseiro,17233.73,16.7,77.48,16551.34,Salvador,Manaus,1655.82,99.17,2.43,2.47,104.07,4994117.45,15531.02,6732121.48,10007104.76,3274983.28,False,0.7941447118041605,42270.49
SHIP_914,Petroleiro,30887.58,16.31,56.61,9024.23,Manaus,Paranaguá,2605.06,159.73,1.63,2.68,164.04,5877177.92,27142.58,7384640.76,10269334.78,2884694.02,False,0.6064245035326996,50961.37
SHIP_915,Petroleiro,19029.99,21.38,20.75,5494.65,Santos,Paranaguá,2629.72,123.01,2.37,1.53,126.91,1658895.65,37518.51,2393730.19,3391874.19,998144.0,False,0.9258567465578964,48108.9
SHIP_916,Petroleiro,42863.74,21.47,47.32,16693.65,Belém,Fortaleza,1938.02,90.25,2.97,1.5,94.71,2775871.09,13186.23,4370166.33,4929358.5,559192.17,True,0.8014320759381434,11817.11
SHIP_917,Gaseiro,46636.91,16.47,97.67,19212.16,Rio Grande,Belém,2711.43,164.64,1.43,2.27,168.34,10451995.44,40435.66,13726528.55,20513077.6,6786549.06,False,0.766893221200325,69485.66
SHIP_918,Container,42018.63,17.71,34.82,15219.7,Rio Grande,Recife,1833.49,103.51,2.03,1.51,107.05,2342453.72,11395.21,3983113.33,5035084.06,1051970.72,False,0.7278354705653801,30214.63
SHIP_919,Container,22675.35,21.96,95.03,13135.38,Fortaleza,Salvador,2421.0,110.26,1.18,1.42,112.86,6811016.6,30085.27,8323622.56,9222612.83,898990.27,True,0.8670496141991797,9459.97
SHIP_920,Granelheiro,31305.94,15.38,59.05,15680.44,Belém,Paranaguá,2672.38,173.74,2.87,1.65,178.27,6668452.1,15433.3,9479179.88,11325443.23,1846263.36,False,0.6700031223894616,31267.29
SHIP_921,Container,10887.91,21.76,64.79,16845.1,Rio Grande,Belém,2347.01,107.87,2.25,2.97,113.09,4542760.56,31343.59,6479143.28,7420188.96,941045.69,False,0.6112219437073817,14524.41
SHIP_922,Petroleiro,8744.08,17.93,90.22,16473.29,Paranaguá,Belém,555.39,30.97,2.0,1.55,34.52,1816186.05,35945.83,2420814.75,3361595.53,940780.79,False,0.837480974319545,10427.12
SHIP_923,Petroleiro,13928.45,19.94,83.33,12135.56,Santos,Rio Grande,1841.56,92.36,2.54,2.32,97.22,5002465.58,26373.8,6208663.14,9053255.82,2844592.67,False,0.8112712349625733,34135.98
SHIP_924,Gaseiro,46239.0,15.5,32.42,16838.66,Salvador,Santos,1396.27,90.08,1.24,2.99,94.31,1898392.72,41490.01,3527939.38,4457538.76,929599.38,False,0.6403899503982898,28671.76
SHIP_925,Granelheiro,23306.42,23.48,49.41,13866.43,Salvador,Rio Grande,1759.43,74.93,2.29,2.95,80.17,2406752.73,12229.42,3530680.02,4694337.81,1163657.79,False,0.9323553686476047,23549.8
SHIP_926,Container,44120.88,19.83,46.88,7317.4,Santos,Fortaleza,1500.8,75.67,1.73,2.12,79.52,2305748.46,36620.38,2924275.79,4361060.77,1436784.98,False,0.7497382098233875,30649.7
SHIP_927,Container,13886.88,24.11,33.97,9290.9,Salvador,Rio Grande,1792.09,74.34,1.53,1.42,77.28,1641218.59,33963.97,2393206.65,2717658.01,324451.36,False,0.7464311467877466,9552.04
SHIP_928,Container,40035.37,22.34,65.97,17334.12,Belém,Recife,1906.67,85.33,2.93,1.43,89.7,3658877.18,38565.28,5252239.4,6554677.4,1302438.0,False,0.8813596480573387,19744.09
SHIP_929,Gaseiro,13281.85,17.96,77.36,6264.06,Salvador,Rio de Janeiro,2529.65,140.86,2.44,2.46,145.75,7083110.08,14009.65,8010119.71,11110870.83,3100751.12,True,0.6770853570910011,40080.11
SHIP_930,Graneleiro,43799.43,22.43,53.14,12103.54,Fortaleza,Santos,1528.13,68.14,2.86,1.69,72.68,2353729.13,48539.37,3282002.59,4805208.57,1523205.98,False,0.802937620585026,28661.5
SHIP_931,Petroleiro,21654.02,15.18,30.21,16313.47,Belém,Manaus,1678.85,110.57,1.3,1.53,113.4,2171227.85,47913.48,4069074.93,5073538.83,1004463.9,False,0.7518773373709808,33249.54
SHIP_932,Graneleiro,17502.48,23.7,68.4,14211.36,Belém,Santos,1829.78,77.21,1.18,1.89,80.28,3432467.14,49980.21,4623371.97,6630339.44,2006967.47,False,0.7089687350252958,29343.66
SHIP_933,Graneleiro,30549.96,24.82,91.85,19289.98,Salvador,Manaus,1465.34,59.05,2.57,2.24,63.86,3525415.9,13309.4,4770629.54,6820054.57,2049425.03,False,0.9285049585224767,22312.37
SHIP_934,Container,7425.42,15.12,72.91,9340.29,Rio Grande,Rio de Janeiro,1133.75,74.97,1.66,1.54,78.18,3553020.46,30457.46,4313664.89,5504492.54,1190827.65,False,0.8354497640251526,16333.51
SHIP_935,Granelheiro,22420.87,17.51,33.3,10242.11,Itajaí,Fortaleza,2354.52,134.44,2.51,2.33,139.29,2909679.85,19361.13,4355670.26,5815841.19,1460170.93,False,0.8694767025820401,43854.19
SHIP_936,Graneleiro,43586.84,15.0,48.99,16064.05,Recife,Itajaí,1999.3,133.27,1.36,1.61,136.23,4244175.7,23471.7,6456095.15,8568085.59,2111990.44,False,0.9349471191046544,43106.67
SHIP_937,Petroleiro,7719.64,19.43,34.9,12280.17,Rio Grande,Fortaleza,2575.44,132.53,2.9,2.27,137.7,3006465.74,24156.23,4721629.69,6333264.62,1611634.93,False,0.7536180590721835,46179.19
SHIP_938,Petroleiro,47892.52,21.08,37.6,12188.24,Salvador,Rio de Janeiro,2188.51,103.81,1.65,1.16,106.62,2537084.45,33337.43,3869875.77,5724119.26,1854243.49,False,0.9171381782264632,49315.04
SHIP_939,Container,42576.06,16.47,76.65,11531.98,Rio de Janeiro,Manaus,1125.62,68.33,2.37,2.49,73.19,3404345.52,17195.85,4265515.01,6252297.52,1986782.51,False,0.76681845617802,25918.97
SHIP_940,Graneleiro,43956.54,15.32,71.51,16444.23,Itajaí,Recife,2398.72,156.56,2.77,2.46,161.79,7277224.6,47112.4,9984902.04,12312009.67,2327107.63,False,0.818609038032054,32542.67
SHIP_941,Petroleiro,23757.56,20.6,54.35,19490.84,Recife,Rio de Janeiro,2010.27,97.58,2.5,2.87,102.95,3446847.87,33663.97,5487041.0,6062220.11,575179.11,False,0.91928036769986,10583.71
SHIP_942,Petroleiro,45175.82,21.54,73.78,5080.09,Manaus,Recife,2962.18,137.53,2.76,2.79,143.07,6595231.77,36369.78,7358420.3,9109097.18,1750676.88,False,0.7020309248529173,23728.75
SHIP_943,Petroleiro,30322.02,16.0,93.76,7111.56,Belém,Paranaguá,1062.24,66.4,2.12,2.53,71.05,4046607.06,34774.05,4586626.97,5471174.33,884547.36,False,0.6089065001532636,9434.52
SHIP_944,Gaseiro,33923.57,23.93,90.79,15493.17,Recife,Fortaleza,1664.43,69.56,2.02,1.27,72.86,4105059.19,23640.68,5257521.38,6178067.27,920545.89,False,0.7843691175443221,10139.3
SHIP_945,Gaseiro,19252.27,17.58,23.02,13747.93,Rio de Janeiro,Santos,1074.9,61.14,1.3,2.31,64.74,914800.04,37248.37,1842116.36,2580550.73,738434.37,False,0.9149500486472182,32078.25
SHIP_946,Granelheiro,41828.12,24.9,35.37,6301.22,Salvador,Fortaleza,1342.51,53.91,1.26,2.05,57.21,1239501.92,35321.16,1635328.94,2177138.68,541809.74,False,0.9424730626351268,15316.69
SHIP_947,Graneleiro,31479.51,20.57,72.46,12455.35,Rio de Janeiro,Recife,580.16,28.2,2.22,2.43,32.86,1328484.77,26669.96,1764459.47,2475392.36,710932.89,False,0.8275877518761665,9810.88
SHIP_948,Gaseiro,19061.97,18.48,58.94,19678.68,Fortaleza,Rio Grande,2913.61,157.66,1.83,1.53,161.02,6040582.71,22103.69,9231417.36,11147052.04,1915634.67,False,0.9402335976243088,32498.92
SHIP_949,Container,32790.08,24.81,47.02,15545.48,Manaus,Rio Grande,1056.51,42.58,1.52,2.02,46.12,1301290.07,22784.73,2041079.88,2382039.47,340959.59,False,0.7946183484979863,7251.3
SHIP_950,Gaseiro,17818.53,15.24,70.0,8788.53,Rio Grande,Rio de Janeiro,2172.38,142.52,2.49,2.83,147.85,6484914.8,48324.91,7832608.73,8648848.16,816239.43,True,0.6872815257985622,11660.3
SHIP_951,Graneleiro,45080.0,22.19,25.84,17316.89,Itajaí,Paranaguá,1732.59,78.1,2.69,2.2,82.99,1311574.53,37273.32,2785997.59,4171754.53,1385756.94,False,0.6376464871196519,53633.62
SHIP_952,Granelheiro,24805.75,16.23,58.92,14378.26,Paranaguá,Rio Grande,2568.46,158.22,2.36,1.13,161.71,6059226.1,22297.3,8406656.56,10215697.12,1809040.56,True,0.923617986244885,30705.56
SHIP_953,Granelheiro,22891.63,21.25,82.39,16758.88,Paranaguá,Santos,1798.2,84.62,2.72,1.78,89.12,4531678.19,45547.73,6070826.39,7261260.0,1190433.61,False,0.7731092197343127,14449.55
SHIP_954,Petroleiro,27046.93,20.39,40.61,10493.62,Fortaleza,Santos,1585.47,77.77,1.26,1.91,80.94,2052872.71,42418.78,2944631.33,4214426.49,1269795.16,False,0.7370832900075831,31266.07
SHIP_955,Petroleiro,46196.46,16.26,53.48,10168.43,Rio de Janeiro,Fortaleza,1745.38,107.37,1.92,2.04,111.32,3732005.72,15596.76,4879555.64,6369072.21,1489516.57,False,0.7485387024619875,27854.06
SHIP_956,Granelheiro,43716.66,20.42,75.17,12039.85,Belém,Manaus,1599.14,78.31,1.89,1.82,82.02,3826169.41,31543.34,4845239.86,5815147.18,969907.33,False,0.7731780242296556,12902.7
SHIP_957,Container,43210.95,23.75,33.64,7043.5,Manaus,Fortaleza,2076.0,87.42,1.6,1.04,90.06,1911835.04,45545.71,2591727.14,3086125.8,494398.66,False,0.8602700375102613,14694.64
SHIP_958,Graneleiro,49361.31,21.67,39.59,15748.3,Itajaí,Manaus,1994.82,92.05,1.42,2.7,96.17,2368509.77,27096.18,3910157.46,5805766.84,1895609.38,False,0.8759931447028897,47884.45
SHIP_959,Container,12523.81,15.28,70.35,19639.75,Salvador,Rio de Janeiro,1328.03,86.89,1.24,2.14,90.27,3973045.93,46254.17,5792088.36,8187839.25,2395750.88,False,0.7758056011816097,34055.52
SHIP_960,Graneleiro,12484.03,22.05,43.33,9244.21,Rio Grande,Itajaí,1095.72,49.68,2.75,2.74,55.17,1399200.51,35238.82,1944443.42,2506761.67,562318.25,False,0.6678086265586837,12978.71
SHIP_961,Gaseiro,16778.88,20.13,46.45,17907.67,Manaus,Belém,1684.4,83.69,2.6,2.16,88.45,2526799.62,40923.61,4151720.04,5119358.08,967638.05,False,0.60592247021273,20832.69
SHIP_962,Granelheiro,21423.07,17.74,60.48,10046.16,Rio de Janeiro,Manaus,2315.46,130.54,2.02,1.26,133.82,5132155.29,40002.45,6516559.32,7426867.64,910308.33,False,0.6069655193090272,15050.67
SHIP_963,Petroleiro,36456.23,17.53,23.24,11043.34,Recife,Santos,2838.04,161.9,1.02,2.18,165.1,2445628.1,30055.86,4298982.89,6230746.61,1931763.72,False,0.8385341104603276,83125.85
SHIP_964,Container,35604.94,21.69,95.39,17346.31,Recife,Rio Grande,604.93,27.89,1.94,1.8,31.63,1729148.55,22405.89,2300165.2,2945441.33,645276.13,False,0.8140517909177903,6764.84
SHIP_965,Granelheiro,40059.23,22.19,59.74,5618.27,Itajaí,Belém,1960.67,88.36,1.1,2.21,91.66,3431081.71,42016.43,3988077.55,5320082.29,1332004.74,False,0.7311558578875159,22296.1
SHIP_966,Petroleiro,46648.82,23.29,28.72,6621.85,Itajaí,Paranaguá,1569.67,67.4,1.2,2.24,70.83,1258203.16,15747.66,1743005.81,2281506.24,538500.43,True,0.9090917923361712,18750.02
SHIP_967,Container,30966.88,18.54,85.67,16737.68,Belém,Paranaguá,1860.46,100.35,1.31,1.5,103.16,5588060.5,39539.36,7354222.46,10460887.73,3106665.27,False,0.7287947770153753,36261.99
SHIP_968,Gaseiro,8493.43,22.13,20.29,5698.12,Belém,Salvador,510.86,23.08,2.29,1.83,27.21,304329.55,21901.87,481249.44,705069.13,223819.68,False,0.6187406278124362,11033.1
SHIP_969,Petroleiro,36917.24,20.32,58.23,8352.41,Recife,Fortaleza,2263.99,111.41,1.38,2.11,114.9,4216851.76,20129.81,5196657.44,7702737.97,2506080.53,False,0.8752921277277536,43037.5
SHIP_970,Granelheiro,48824.5,15.6,85.0,9510.34,Belém,Salvador,1876.86,120.34,1.58,2.23,124.15,6648527.94,24152.11,7853363.41,9686699.34,1833335.93,False,0.6582449995088289,21569.55
SHIP_971,Granelheiro,40386.53,17.5,53.36,10257.05,Santos,Manaus,2647.03,151.25,1.25,2.13,154.64,5246484.8,15682.46,6848303.62,9463796.33,2615492.71,False,0.9412741229095509,49012.4
SHIP_972,Granelheiro,44306.29,17.27,20.64,12381.23,Fortaleza,Santos,1828.4,105.86,1.4,1.57,108.83,1420425.29,40606.13,2808532.74,3617780.29,809247.55,False,0.62532197846412,39202.89
SHIP_973,Gaseiro,40378.22,18.77,28.03,14506.69,Fortaleza,Santos,2700.33,143.87,2.78,2.92,149.56,2621144.94,44708.22,4835454.59,5323140.98,487686.39,False,0.756826303053572,17399.1
SHIP_974,Petroleiro,20577.88,18.38,84.65,6867.58,Manaus,Fortaleza,2926.5,159.2,2.11,1.37,162.67,8759039.04,15248.62,9891457.06,13220959.22,3329502.16,False,0.6624393881750034,39334.33
SHIP_975,Graneleiro,28088.12,23.14,82.15,16828.73,Belém,Recife,2270.06,98.1,1.51,2.72,102.33,5238240.77,45737.74,7006112.48,8250825.98,1244713.5,False,0.9414617390061892,15151.93
SHIP_976,Petroleiro,44074.58,23.93,90.91,13125.3,Belém,Rio de Janeiro,2116.0,88.42,2.09,1.1,91.61,5224642.08,39820.12,6466860.21,8420710.89,1953850.67,False,0.7481643544578844,21492.12
SHIP_977,Granelheiro,33178.08,17.87,97.54,14130.26,Salvador,Belém,1498.5,83.87,2.29,1.79,87.95,5317149.17,42711.83,6602564.98,8762504.22,2159939.24,False,0.8135625016828246,22144.15
SHIP_978,Graneleiro,11928.84,22.94,82.82,8559.77,Santos,Rio Grande,1221.67,53.26,2.88,2.65,58.79,2867089.81,37911.88,3408219.24,3861148.71,452929.46,False,0.8249631698858414,5469.09
SHIP_979,Gaseiro,29133.43,17.75,58.38,16186.07,Belém,Recife,1013.18,57.09,1.59,1.69,60.37,2166419.7,39869.06,3183394.08,4580168.85,1396774.76,True,0.8932051845179296,23924.87
SHIP_980,Petroleiro,11873.77,15.83,71.34,12079.06,Santos,Itajaí,2769.73,174.97,1.73,1.57,178.28,8113996.04,30029.4,10297427.98,13205199.98,2907772.0,False,0.8879625051677931,40758.19
SHIP_981,Granelheiro,46897.66,21.23,47.49,7310.24,Rio de Janeiro,Belém,1162.89,54.76,1.51,2.23,58.5,1690561.93,47801.5,2166030.23,2424456.6,258426.37,False,0.8551157475267624,5441.5
SHIP_982,Graneleiro,47862.11,23.35,92.23,17216.29,Belém,Rio de Janeiro,1647.9,70.57,1.5,1.74,73.82,4231013.62,10809.45,5512710.86,7219431.07,1706720.21,False,0.7613402182894771,18504.63
SHIP_983,Container,5922.14,15.17,61.62,15440.52,Recife,Manaus,2855.36,188.25,1.36,1.21,190.81,7539523.56,12083.52,10497852.22,13378637.48,2880785.26,False,0.8941936748629424,46753.08
SHIP_984,Container,35719.02,17.08,56.94,18655.2,Itajaí,Rio Grande,1316.85,77.08,2.0,2.92,82.0,2852993.85,39388.32,4422059.87,6186886.96,1764827.09,True,0.8693198855604554,30993.62
SHIP_985,Gaseiro,16015.53,15.49,87.9,5149.4,Fortaleza,Salvador,2842.78,183.47,2.26,1.64,187.37,10482621.17,19859.12,11467320.48,12655360.86,1188040.38,False,0.8100491691246994,13515.78
SHIP_986,Petroleiro,36991.83,18.04,60.76,16207.61,Salvador,Rio Grande,1656.41,91.83,2.2,2.58,96.61,3626590.7,18608.83,5211028.04,5869553.76,658525.72,False,0.6217440197520335,10838.39
SHIP_987,Petroleiro,39495.08,22.19,90.54,14593.43,Fortaleza,Rio Grande,667.99,30.1,1.51,2.62,34.22,1771386.59,16685.3,2287498.17,3155357.1,867858.93,False,0.8264313479180568,9585.68
SHIP_988,Container,27235.66,21.2,63.54,16096.95,Fortaleza,Recife,2264.84,106.82,2.07,2.36,111.24,4411416.63,44942.38,6247052.22,7951925.97,1704873.75,False,0.889324631299719,26833.19
SHIP_989,Container,43914.02,19.45,77.13,18013.36,Rio Grande,Itajaí,607.82,31.24,2.15,2.71,36.1,1566264.26,25926.2,2242434.04,2737907.56,495473.52,False,0.7175253042259926,6424.23
SHIP_990,Container,5142.84,24.6,67.37,17292.77,Recife,Rio Grande,2563.25,104.22,1.13,1.34,106.69,4563635.8,22444.83,6431045.46,7899122.68,1468077.22,False,0.8180965222634397,21791.31
SHIP_991,Petroleiro,27256.54,17.11,50.56,13153.91,Fortaleza,Paranaguá,1669.96,97.59,1.25,2.3,101.14,3207000.84,12922.07,4550311.51,5693704.1,1143392.6,False,0.900401967443587,22615.16
SHIP_992,Granelheiro,18939.41,24.71,29.43,19373.77,Itajaí,Paranaguá,727.53,29.44,1.46,1.09,31.99,563133.85,38204.53,1221190.53,1758660.29,537469.76,False,0.7371450545264984,18263.39
SHIP_993,Graneleiro,18951.82,17.52,47.47,11897.77,Salvador,Fortaleza,979.98,55.95,1.45,1.54,58.94,1726480.57,27970.4,2455732.39,3342559.6,886827.21,False,0.7004961430155001,18680.41
SHIP_994,Container,13267.78,18.79,91.55,5147.91,Rio de Janeiro,Fortaleza,2194.67,116.81,1.95,1.32,120.09,6951087.88,22840.86,7592120.1,9034471.21,1442351.11,False,0.8718688949725255,15754.68
SHIP_995,Container,33163.1,19.09,40.32,17895.93,Rio Grande,Manaus,2250.47,117.88,2.1,2.22,122.19,3089490.17,13642.65,5289893.05,6821676.3,1531783.25,False,0.6737211027960053,37989.06
SHIP_996,Petroleiro,47698.06,18.36,46.02,18850.77,Santos,Paranaguá,1543.37,84.08,2.93,1.05,88.06,2515035.64,22253.78,4197224.6,5735411.65,1538187.05,False,0.8631566855292168,33425.99
SHIP_997,Container,11302.91,18.48,51.16,12669.44,Itajaí,Paranaguá,2822.69,152.72,2.75,1.27,156.74,5078951.95,16911.59,7081645.16,8802883.07,1721237.9,False,0.6384240337846415,33641.63
SHIP_998,Gaseiro,30786.26,15.24,51.75,9550.55,Fortaleza,Santos,2285.87,150.01,1.11,1.98,153.1,5046366.97,33164.57,6541740.82,8811178.2,2269437.38,False,0.6769590463975721,43851.36
SHIP_999,Graneleiro,21573.97,18.64,96.76,11659.17,Recife,Salvador,2387.73,128.1,2.5,1.53,132.13,8056034.72,32874.79,9629415.12,14037002.15,4407587.03,False,0.6897026068031127,45554.02
