[2025-10-16T20:16:13.667+0000] {manager.py:470} INFO - Processing files using up to 2 processes at a time 
[2025-10-16T20:16:13.667+0000] {manager.py:471} INFO - Process each file at most once every 30 seconds
[2025-10-16T20:16:13.668+0000] {manager.py:472} INFO - Checking for new files in /opt/airflow/dags every 300 seconds
[2025-10-16T20:16:13.669+0000] {manager.py:737} INFO - Searching for files in /opt/airflow/dags
[2025-10-16T20:16:13.671+0000] {manager.py:740} INFO - There are 1 files in /opt/airflow/dags
[2025-10-16T20:16:13.858+0000] {manager.py:878} INFO - 
================================================================================
DAG File Processing Stats

File Path                                           PID  Runtime      # DAGs    # Errors  Last Runtime    Last Run
------------------------------------------------  -----  ---------  --------  ----------  --------------  ----------
/opt/airflow/dags/daily_multi_source_pipeline.py     25  0.10s             0           0
================================================================================
[2025-10-16T20:16:43.997+0000] {manager.py:878} INFO - 
================================================================================
DAG File Processing Stats

File Path                                         PID    Runtime      # DAGs    # Errors  Last Runtime    Last Run
------------------------------------------------  -----  ---------  --------  ----------  --------------  -------------------
/opt/airflow/dags/daily_multi_source_pipeline.py                           1           0  4.18s           2025-10-16T20:16:17
================================================================================
[2025-10-16T20:17:14.115+0000] {manager.py:878} INFO - 
================================================================================
DAG File Processing Stats

File Path                                         PID    Runtime      # DAGs    # Errors  Last Runtime    Last Run
------------------------------------------------  -----  ---------  --------  ----------  --------------  -------------------
/opt/airflow/dags/daily_multi_source_pipeline.py                           1           0  0.72s           2025-10-16T20:16:48
================================================================================
[2025-10-16T20:17:21.761+0000] {manager.py:452} INFO - Exiting gracefully upon receiving signal 15
[2025-10-16T20:18:20.621+0000] {manager.py:470} INFO - Processing files using up to 2 processes at a time 
[2025-10-16T20:18:20.627+0000] {manager.py:471} INFO - Process each file at most once every 30 seconds
[2025-10-16T20:18:20.628+0000] {manager.py:472} INFO - Checking for new files in /opt/airflow/dags every 300 seconds
[2025-10-16T20:18:20.628+0000] {manager.py:737} INFO - Searching for files in /opt/airflow/dags
[2025-10-16T20:18:20.634+0000] {manager.py:740} INFO - There are 1 files in /opt/airflow/dags
[2025-10-16T20:18:20.792+0000] {manager.py:878} INFO - 
================================================================================
DAG File Processing Stats

File Path                                           PID  Runtime      # DAGs    # Errors  Last Runtime    Last Run
------------------------------------------------  -----  ---------  --------  ----------  --------------  ----------
/opt/airflow/dags/daily_multi_source_pipeline.py     25  0.06s             0           0
================================================================================
[2025-10-16T20:18:50.901+0000] {manager.py:878} INFO - 
================================================================================
DAG File Processing Stats

File Path                                         PID    Runtime      # DAGs    # Errors  Last Runtime    Last Run
------------------------------------------------  -----  ---------  --------  ----------  --------------  -------------------
/opt/airflow/dags/daily_multi_source_pipeline.py                           1           0  2.63s           2025-10-16T20:18:23
================================================================================
[2025-10-16T20:19:21.026+0000] {manager.py:878} INFO - 
================================================================================
DAG File Processing Stats

File Path                                         PID    Runtime      # DAGs    # Errors  Last Runtime    Last Run
------------------------------------------------  -----  ---------  --------  ----------  --------------  -------------------
/opt/airflow/dags/daily_multi_source_pipeline.py                           1           0  0.68s           2025-10-16T20:18:54
================================================================================
[2025-10-16T20:19:51.090+0000] {manager.py:878} INFO - 
================================================================================
DAG File Processing Stats

File Path                                         PID    Runtime      # DAGs    # Errors  Last Runtime    Last Run
------------------------------------------------  -----  ---------  --------  ----------  --------------  -------------------
/opt/airflow/dags/daily_multi_source_pipeline.py                           1           0  0.73s           2025-10-16T20:19:24
================================================================================
[2025-10-16T20:20:21.462+0000] {manager.py:878} INFO - 
================================================================================
DAG File Processing Stats

File Path                                         PID    Runtime      # DAGs    # Errors  Last Runtime    Last Run
------------------------------------------------  -----  ---------  --------  ----------  --------------  -------------------
/opt/airflow/dags/daily_multi_source_pipeline.py                           1           0  0.67s           2025-10-16T20:19:55
================================================================================
[2025-10-16T20:20:51.578+0000] {manager.py:878} INFO - 
================================================================================
DAG File Processing Stats

File Path                                         PID    Runtime      # DAGs    # Errors  Last Runtime    Last Run
------------------------------------------------  -----  ---------  --------  ----------  --------------  -------------------
/opt/airflow/dags/daily_multi_source_pipeline.py                           1           0  0.65s           2025-10-16T20:20:26
================================================================================
[2025-10-16T20:21:21.708+0000] {manager.py:878} INFO - 
================================================================================
DAG File Processing Stats

File Path                                         PID    Runtime      # DAGs    # Errors  Last Runtime    Last Run
------------------------------------------------  -----  ---------  --------  ----------  --------------  -------------------
/opt/airflow/dags/daily_multi_source_pipeline.py                           1           0  0.65s           2025-10-16T20:20:57
================================================================================
[2025-10-16T20:21:51.826+0000] {manager.py:878} INFO - 
================================================================================
DAG File Processing Stats

File Path                                         PID    Runtime      # DAGs    # Errors  Last Runtime    Last Run
------------------------------------------------  -----  ---------  --------  ----------  --------------  -------------------
/opt/airflow/dags/daily_multi_source_pipeline.py                           1           0  0.67s           2025-10-16T20:21:28
================================================================================
[2025-10-16T20:22:21.905+0000] {manager.py:878} INFO - 
================================================================================
DAG File Processing Stats

File Path                                         PID    Runtime      # DAGs    # Errors  Last Runtime    Last Run
------------------------------------------------  -----  ---------  --------  ----------  --------------  -------------------
/opt/airflow/dags/daily_multi_source_pipeline.py                           1           0  0.66s           2025-10-16T20:21:58
================================================================================
[2025-10-16T20:22:52.341+0000] {manager.py:878} INFO - 
================================================================================
DAG File Processing Stats

File Path                                         PID    Runtime      # DAGs    # Errors  Last Runtime    Last Run
------------------------------------------------  -----  ---------  --------  ----------  --------------  -------------------
/opt/airflow/dags/daily_multi_source_pipeline.py                           1           0  0.65s           2025-10-16T20:22:29
================================================================================
[2025-10-16T20:23:20.767+0000] {manager.py:737} INFO - Searching for files in /opt/airflow/dags
[2025-10-16T20:23:20.769+0000] {manager.py:740} INFO - There are 1 files in /opt/airflow/dags
[2025-10-16T20:23:22.466+0000] {manager.py:878} INFO - 
================================================================================
DAG File Processing Stats

File Path                                         PID    Runtime      # DAGs    # Errors  Last Runtime    Last Run
------------------------------------------------  -----  ---------  --------  ----------  --------------  -------------------
/opt/airflow/dags/daily_multi_source_pipeline.py                           1           0  0.67s           2025-10-16T20:23:00
================================================================================
[2025-10-16T20:23:52.892+0000] {manager.py:878} INFO - 
================================================================================
DAG File Processing Stats

File Path                                         PID    Runtime      # DAGs    # Errors  Last Runtime    Last Run
------------------------------------------------  -----  ---------  --------  ----------  --------------  -------------------
/opt/airflow/dags/daily_multi_source_pipeline.py                           1           0  0.66s           2025-10-16T20:23:31
================================================================================
[2025-10-16T20:24:23.021+0000] {manager.py:878} INFO - 
================================================================================
DAG File Processing Stats

File Path                                         PID    Runtime      # DAGs    # Errors  Last Runtime    Last Run
------------------------------------------------  -----  ---------  --------  ----------  --------------  -------------------
/opt/airflow/dags/daily_multi_source_pipeline.py                           1           0  0.66s           2025-10-16T20:24:01
================================================================================
[2025-10-16T20:24:53.146+0000] {manager.py:878} INFO - 
================================================================================
DAG File Processing Stats

File Path                                         PID    Runtime      # DAGs    # Errors  Last Runtime    Last Run
------------------------------------------------  -----  ---------  --------  ----------  --------------  -------------------
/opt/airflow/dags/daily_multi_source_pipeline.py                           1           0  0.66s           2025-10-16T20:24:32
================================================================================
[2025-10-16T20:25:23.262+0000] {manager.py:878} INFO - 
================================================================================
DAG File Processing Stats

File Path                                         PID    Runtime      # DAGs    # Errors  Last Runtime    Last Run
------------------------------------------------  -----  ---------  --------  ----------  --------------  -------------------
/opt/airflow/dags/daily_multi_source_pipeline.py                           1           0  0.69s           2025-10-16T20:25:03
================================================================================
[2025-10-16T20:25:53.387+0000] {manager.py:878} INFO - 
================================================================================
DAG File Processing Stats

File Path                                         PID    Runtime      # DAGs    # Errors  Last Runtime    Last Run
------------------------------------------------  -----  ---------  --------  ----------  --------------  -------------------
/opt/airflow/dags/daily_multi_source_pipeline.py                           1           0  0.67s           2025-10-16T20:25:34
================================================================================
[2025-10-16T20:26:23.835+0000] {manager.py:878} INFO - 
================================================================================
DAG File Processing Stats

File Path                                         PID    Runtime      # DAGs    # Errors  Last Runtime    Last Run
------------------------------------------------  -----  ---------  --------  ----------  --------------  -------------------
/opt/airflow/dags/daily_multi_source_pipeline.py                           1           0  0.69s           2025-10-16T20:26:05
================================================================================
[2025-10-16T20:26:53.970+0000] {manager.py:878} INFO - 
================================================================================
DAG File Processing Stats

File Path                                         PID    Runtime      # DAGs    # Errors  Last Runtime    Last Run
------------------------------------------------  -----  ---------  --------  ----------  --------------  -------------------
/opt/airflow/dags/daily_multi_source_pipeline.py                           1           0  0.65s           2025-10-16T20:26:35
================================================================================
[2025-10-16T20:27:24.107+0000] {manager.py:878} INFO - 
================================================================================
DAG File Processing Stats

File Path                                         PID    Runtime      # DAGs    # Errors  Last Runtime    Last Run
------------------------------------------------  -----  ---------  --------  ----------  --------------  -------------------
/opt/airflow/dags/daily_multi_source_pipeline.py                           1           0  0.67s           2025-10-16T20:27:06
================================================================================
[2025-10-16T20:27:54.221+0000] {manager.py:878} INFO - 
================================================================================
DAG File Processing Stats

File Path                                         PID    Runtime      # DAGs    # Errors  Last Runtime    Last Run
------------------------------------------------  -----  ---------  --------  ----------  --------------  -------------------
/opt/airflow/dags/daily_multi_source_pipeline.py                           1           0  0.69s           2025-10-16T20:27:37
================================================================================
[2025-10-16T20:28:21.334+0000] {manager.py:737} INFO - Searching for files in /opt/airflow/dags
[2025-10-16T20:28:21.336+0000] {manager.py:740} INFO - There are 1 files in /opt/airflow/dags
[2025-10-16T20:28:24.359+0000] {manager.py:878} INFO - 
================================================================================
DAG File Processing Stats

File Path                                         PID    Runtime      # DAGs    # Errors  Last Runtime    Last Run
------------------------------------------------  -----  ---------  --------  ----------  --------------  -------------------
/opt/airflow/dags/daily_multi_source_pipeline.py                           1           0  0.68s           2025-10-16T20:28:08
================================================================================
[2025-10-16T20:28:54.496+0000] {manager.py:878} INFO - 
================================================================================
DAG File Processing Stats

File Path                                         PID    Runtime      # DAGs    # Errors  Last Runtime    Last Run
------------------------------------------------  -----  ---------  --------  ----------  --------------  -------------------
/opt/airflow/dags/daily_multi_source_pipeline.py                           1           0  0.69s           2025-10-16T20:28:39
================================================================================
[2025-10-16T20:29:24.608+0000] {manager.py:878} INFO - 
================================================================================
DAG File Processing Stats

File Path                                         PID    Runtime      # DAGs    # Errors  Last Runtime    Last Run
------------------------------------------------  -----  ---------  --------  ----------  --------------  -------------------
/opt/airflow/dags/daily_multi_source_pipeline.py                           1           0  0.67s           2025-10-16T20:29:09
================================================================================
[2025-10-16T20:29:54.731+0000] {manager.py:878} INFO - 
================================================================================
DAG File Processing Stats

File Path                                         PID    Runtime      # DAGs    # Errors  Last Runtime    Last Run
------------------------------------------------  -----  ---------  --------  ----------  --------------  -------------------
/opt/airflow/dags/daily_multi_source_pipeline.py                           1           0  0.67s           2025-10-16T20:29:40
================================================================================
[2025-10-16T20:30:24.861+0000] {manager.py:878} INFO - 
================================================================================
DAG File Processing Stats

File Path                                         PID    Runtime      # DAGs    # Errors  Last Runtime    Last Run
------------------------------------------------  -----  ---------  --------  ----------  --------------  -------------------
/opt/airflow/dags/daily_multi_source_pipeline.py                           1           0  0.67s           2025-10-16T20:30:11
================================================================================
[2025-10-16T20:30:54.976+0000] {manager.py:878} INFO - 
================================================================================
DAG File Processing Stats

File Path                                         PID    Runtime      # DAGs    # Errors  Last Runtime    Last Run
------------------------------------------------  -----  ---------  --------  ----------  --------------  -------------------
/opt/airflow/dags/daily_multi_source_pipeline.py                           1           0  0.70s           2025-10-16T20:30:42
================================================================================
[2025-10-16T20:31:25.106+0000] {manager.py:878} INFO - 
================================================================================
DAG File Processing Stats

File Path                                         PID    Runtime      # DAGs    # Errors  Last Runtime    Last Run
------------------------------------------------  -----  ---------  --------  ----------  --------------  -------------------
/opt/airflow/dags/daily_multi_source_pipeline.py                           1           0  0.66s           2025-10-16T20:31:13
================================================================================
[2025-10-16T20:31:55.234+0000] {manager.py:878} INFO - 
================================================================================
DAG File Processing Stats

File Path                                         PID    Runtime      # DAGs    # Errors  Last Runtime    Last Run
------------------------------------------------  -----  ---------  --------  ----------  --------------  -------------------
/opt/airflow/dags/daily_multi_source_pipeline.py                           1           0  0.67s           2025-10-16T20:31:43
================================================================================
[2025-10-16T20:32:25.350+0000] {manager.py:878} INFO - 
================================================================================
DAG File Processing Stats

File Path                                         PID    Runtime      # DAGs    # Errors  Last Runtime    Last Run
------------------------------------------------  -----  ---------  --------  ----------  --------------  -------------------
/opt/airflow/dags/daily_multi_source_pipeline.py                           1           0  0.65s           2025-10-16T20:32:14
================================================================================
[2025-10-16T20:32:55.426+0000] {manager.py:878} INFO - 
================================================================================
DAG File Processing Stats

File Path                                         PID    Runtime      # DAGs    # Errors  Last Runtime    Last Run
------------------------------------------------  -----  ---------  --------  ----------  --------------  -------------------
/opt/airflow/dags/daily_multi_source_pipeline.py                           1           0  0.65s           2025-10-16T20:32:45
================================================================================
[2025-10-16T20:33:21.862+0000] {manager.py:737} INFO - Searching for files in /opt/airflow/dags
[2025-10-16T20:33:21.863+0000] {manager.py:740} INFO - There are 1 files in /opt/airflow/dags
[2025-10-16T20:33:25.889+0000] {manager.py:878} INFO - 
================================================================================
DAG File Processing Stats

File Path                                         PID    Runtime      # DAGs    # Errors  Last Runtime    Last Run
------------------------------------------------  -----  ---------  --------  ----------  --------------  -------------------
/opt/airflow/dags/daily_multi_source_pipeline.py                           1           0  0.68s           2025-10-16T20:33:16
================================================================================
[2025-10-16T20:33:56.004+0000] {manager.py:878} INFO - 
================================================================================
DAG File Processing Stats

File Path                                         PID    Runtime      # DAGs    # Errors  Last Runtime    Last Run
------------------------------------------------  -----  ---------  --------  ----------  --------------  -------------------
/opt/airflow/dags/daily_multi_source_pipeline.py                           1           0  0.67s           2025-10-16T20:33:46
================================================================================
[2025-10-16T20:34:26.442+0000] {manager.py:878} INFO - 
================================================================================
DAG File Processing Stats

File Path                                         PID    Runtime      # DAGs    # Errors  Last Runtime    Last Run
------------------------------------------------  -----  ---------  --------  ----------  --------------  -------------------
/opt/airflow/dags/daily_multi_source_pipeline.py                           1           0  0.68s           2025-10-16T20:34:17
================================================================================
[2025-10-16T20:34:56.565+0000] {manager.py:878} INFO - 
================================================================================
DAG File Processing Stats

File Path                                         PID    Runtime      # DAGs    # Errors  Last Runtime    Last Run
------------------------------------------------  -----  ---------  --------  ----------  --------------  -------------------
/opt/airflow/dags/daily_multi_source_pipeline.py                           1           0  0.70s           2025-10-16T20:34:48
================================================================================
[2025-10-16T20:35:26.706+0000] {manager.py:878} INFO - 
================================================================================
DAG File Processing Stats

File Path                                         PID    Runtime      # DAGs    # Errors  Last Runtime    Last Run
------------------------------------------------  -----  ---------  --------  ----------  --------------  -------------------
/opt/airflow/dags/daily_multi_source_pipeline.py                           1           0  0.70s           2025-10-16T20:35:19
================================================================================
[2025-10-16T20:35:56.812+0000] {manager.py:878} INFO - 
================================================================================
DAG File Processing Stats

File Path                                         PID    Runtime      # DAGs    # Errors  Last Runtime    Last Run
------------------------------------------------  -----  ---------  --------  ----------  --------------  -------------------
/opt/airflow/dags/daily_multi_source_pipeline.py                           1           0  0.67s           2025-10-16T20:35:50
================================================================================
[2025-10-16T20:36:26.939+0000] {manager.py:878} INFO - 
================================================================================
DAG File Processing Stats

File Path                                         PID    Runtime      # DAGs    # Errors  Last Runtime    Last Run
------------------------------------------------  -----  ---------  --------  ----------  --------------  -------------------
/opt/airflow/dags/daily_multi_source_pipeline.py                           1           0  0.67s           2025-10-16T20:36:20
================================================================================
[2025-10-16T20:36:57.080+0000] {manager.py:878} INFO - 
================================================================================
DAG File Processing Stats

File Path                                         PID    Runtime      # DAGs    # Errors  Last Runtime    Last Run
------------------------------------------------  -----  ---------  --------  ----------  --------------  -------------------
/opt/airflow/dags/daily_multi_source_pipeline.py                           1           0  0.65s           2025-10-16T20:36:51
================================================================================
[2025-10-16T20:37:27.182+0000] {manager.py:878} INFO - 
================================================================================
DAG File Processing Stats

File Path                                         PID    Runtime      # DAGs    # Errors  Last Runtime    Last Run
------------------------------------------------  -----  ---------  --------  ----------  --------------  -------------------
/opt/airflow/dags/daily_multi_source_pipeline.py                           1           0  0.66s           2025-10-16T20:37:22
================================================================================
[2025-10-16T20:37:57.254+0000] {manager.py:878} INFO - 
================================================================================
DAG File Processing Stats

File Path                                         PID    Runtime      # DAGs    # Errors  Last Runtime    Last Run
------------------------------------------------  -----  ---------  --------  ----------  --------------  -------------------
/opt/airflow/dags/daily_multi_source_pipeline.py                           1           0  0.65s           2025-10-16T20:37:53
================================================================================
[2025-10-16T20:38:22.354+0000] {manager.py:737} INFO - Searching for files in /opt/airflow/dags
[2025-10-16T20:38:22.356+0000] {manager.py:740} INFO - There are 1 files in /opt/airflow/dags
[2025-10-16T20:38:27.707+0000] {manager.py:878} INFO - 
================================================================================
DAG File Processing Stats

File Path                                         PID    Runtime      # DAGs    # Errors  Last Runtime    Last Run
------------------------------------------------  -----  ---------  --------  ----------  --------------  -------------------
/opt/airflow/dags/daily_multi_source_pipeline.py                           1           0  0.68s           2025-10-16T20:38:24
================================================================================
[2025-10-16T20:38:57.827+0000] {manager.py:878} INFO - 
================================================================================
DAG File Processing Stats

File Path                                         PID    Runtime      # DAGs    # Errors  Last Runtime    Last Run
------------------------------------------------  -----  ---------  --------  ----------  --------------  -------------------
/opt/airflow/dags/daily_multi_source_pipeline.py                           1           0  0.66s           2025-10-16T20:38:54
================================================================================
[2025-10-16T20:39:28.281+0000] {manager.py:878} INFO - 
================================================================================
DAG File Processing Stats

File Path                                         PID    Runtime      # DAGs    # Errors  Last Runtime    Last Run
------------------------------------------------  -----  ---------  --------  ----------  --------------  -------------------
/opt/airflow/dags/daily_multi_source_pipeline.py                           1           0  0.68s           2025-10-16T20:39:25
================================================================================
[2025-10-16T20:39:58.393+0000] {manager.py:878} INFO - 
================================================================================
DAG File Processing Stats

File Path                                         PID    Runtime      # DAGs    # Errors  Last Runtime    Last Run
------------------------------------------------  -----  ---------  --------  ----------  --------------  -------------------
/opt/airflow/dags/daily_multi_source_pipeline.py                           1           0  0.65s           2025-10-16T20:39:56
================================================================================
[2025-10-16T20:40:28.851+0000] {manager.py:878} INFO - 
================================================================================
DAG File Processing Stats

File Path                                         PID    Runtime      # DAGs    # Errors  Last Runtime    Last Run
------------------------------------------------  -----  ---------  --------  ----------  --------------  -------------------
/opt/airflow/dags/daily_multi_source_pipeline.py                           1           0  0.68s           2025-10-16T20:40:27
================================================================================
[2025-10-16T20:40:58.976+0000] {manager.py:878} INFO - 
================================================================================
DAG File Processing Stats

File Path                                         PID    Runtime      # DAGs    # Errors  Last Runtime    Last Run
------------------------------------------------  -----  ---------  --------  ----------  --------------  -------------------
/opt/airflow/dags/daily_multi_source_pipeline.py                           1           0  0.68s           2025-10-16T20:40:57
================================================================================
[2025-10-16T20:41:29.120+0000] {manager.py:878} INFO - 
================================================================================
DAG File Processing Stats

File Path                                         PID    Runtime      # DAGs    # Errors  Last Runtime    Last Run
------------------------------------------------  -----  ---------  --------  ----------  --------------  -------------------
/opt/airflow/dags/daily_multi_source_pipeline.py                           1           0  0.66s           2025-10-16T20:41:28
================================================================================
[2025-10-16T20:41:59.232+0000] {manager.py:878} INFO - 
================================================================================
DAG File Processing Stats

File Path                                         PID    Runtime      # DAGs    # Errors  Last Runtime    Last Run
------------------------------------------------  -----  ---------  --------  ----------  --------------  -------------------
/opt/airflow/dags/daily_multi_source_pipeline.py                           1           0  0.65s           2025-10-16T20:41:50
================================================================================
[2025-10-16T20:42:29.315+0000] {manager.py:878} INFO - 
================================================================================
DAG File Processing Stats

File Path                                         PID    Runtime      # DAGs    # Errors  Last Runtime    Last Run
------------------------------------------------  -----  ---------  --------  ----------  --------------  -------------------
/opt/airflow/dags/daily_multi_source_pipeline.py                           1           0  0.66s           2025-10-16T20:42:21
================================================================================
[2025-10-16T20:42:59.760+0000] {manager.py:878} INFO - 
================================================================================
DAG File Processing Stats

File Path                                         PID    Runtime      # DAGs    # Errors  Last Runtime    Last Run
------------------------------------------------  -----  ---------  --------  ----------  --------------  -------------------
/opt/airflow/dags/daily_multi_source_pipeline.py                           1           0  0.67s           2025-10-16T20:42:52
================================================================================
[2025-10-16T20:43:22.842+0000] {manager.py:737} INFO - Searching for files in /opt/airflow/dags
[2025-10-16T20:43:22.843+0000] {manager.py:740} INFO - There are 1 files in /opt/airflow/dags
[2025-10-16T20:43:29.881+0000] {manager.py:878} INFO - 
================================================================================
DAG File Processing Stats

File Path                                         PID    Runtime      # DAGs    # Errors  Last Runtime    Last Run
------------------------------------------------  -----  ---------  --------  ----------  --------------  -------------------
/opt/airflow/dags/daily_multi_source_pipeline.py                           1           0  0.65s           2025-10-16T20:43:22
================================================================================
[2025-10-16T20:44:00.328+0000] {manager.py:878} INFO - 
================================================================================
DAG File Processing Stats

File Path                                         PID    Runtime      # DAGs    # Errors  Last Runtime    Last Run
------------------------------------------------  -----  ---------  --------  ----------  --------------  -------------------
/opt/airflow/dags/daily_multi_source_pipeline.py                           1           0  0.66s           2025-10-16T20:43:53
================================================================================
[2025-10-16T20:44:30.431+0000] {manager.py:878} INFO - 
================================================================================
DAG File Processing Stats

File Path                                         PID    Runtime      # DAGs    # Errors  Last Runtime    Last Run
------------------------------------------------  -----  ---------  --------  ----------  --------------  -------------------
/opt/airflow/dags/daily_multi_source_pipeline.py                           1           0  0.66s           2025-10-16T20:44:24
================================================================================
[2025-10-16T20:45:00.884+0000] {manager.py:878} INFO - 
================================================================================
DAG File Processing Stats

File Path                                         PID    Runtime      # DAGs    # Errors  Last Runtime    Last Run
------------------------------------------------  -----  ---------  --------  ----------  --------------  -------------------
/opt/airflow/dags/daily_multi_source_pipeline.py                           1           0  0.65s           2025-10-16T20:44:55
================================================================================
[2025-10-16T20:45:30.967+0000] {manager.py:878} INFO - 
================================================================================
DAG File Processing Stats

File Path                                         PID    Runtime      # DAGs    # Errors  Last Runtime    Last Run
------------------------------------------------  -----  ---------  --------  ----------  --------------  -------------------
/opt/airflow/dags/daily_multi_source_pipeline.py                           1           0  0.66s           2025-10-16T20:45:25
================================================================================
[2025-10-16T20:46:01.412+0000] {manager.py:878} INFO - 
================================================================================
DAG File Processing Stats

File Path                                         PID    Runtime      # DAGs    # Errors  Last Runtime    Last Run
------------------------------------------------  -----  ---------  --------  ----------  --------------  -------------------
/opt/airflow/dags/daily_multi_source_pipeline.py                           1           0  0.66s           2025-10-16T20:45:56
================================================================================
[2025-10-16T20:46:31.522+0000] {manager.py:878} INFO - 
================================================================================
DAG File Processing Stats

File Path                                         PID    Runtime      # DAGs    # Errors  Last Runtime    Last Run
------------------------------------------------  -----  ---------  --------  ----------  --------------  -------------------
/opt/airflow/dags/daily_multi_source_pipeline.py                           1           0  0.65s           2025-10-16T20:46:27
================================================================================
[2025-10-16T20:47:01.976+0000] {manager.py:878} INFO - 
================================================================================
DAG File Processing Stats

File Path                                         PID    Runtime      # DAGs    # Errors  Last Runtime    Last Run
------------------------------------------------  -----  ---------  --------  ----------  --------------  -------------------
/opt/airflow/dags/daily_multi_source_pipeline.py                           1           0  0.67s           2025-10-16T20:46:58
================================================================================
[2025-10-16T20:47:32.076+0000] {manager.py:878} INFO - 
================================================================================
DAG File Processing Stats

File Path                                         PID    Runtime      # DAGs    # Errors  Last Runtime    Last Run
------------------------------------------------  -----  ---------  --------  ----------  --------------  -------------------
/opt/airflow/dags/daily_multi_source_pipeline.py                           1           0  0.65s           2025-10-16T20:47:29
================================================================================
[2025-10-16T20:48:02.532+0000] {manager.py:878} INFO - 
================================================================================
DAG File Processing Stats

File Path                                         PID    Runtime      # DAGs    # Errors  Last Runtime    Last Run
------------------------------------------------  -----  ---------  --------  ----------  --------------  -------------------
/opt/airflow/dags/daily_multi_source_pipeline.py                           1           0  0.66s           2025-10-16T20:47:59
================================================================================
[2025-10-16T20:48:22.927+0000] {manager.py:737} INFO - Searching for files in /opt/airflow/dags
[2025-10-16T20:48:22.928+0000] {manager.py:740} INFO - There are 1 files in /opt/airflow/dags
[2025-10-16T20:48:32.657+0000] {manager.py:878} INFO - 
================================================================================
DAG File Processing Stats

File Path                                         PID    Runtime      # DAGs    # Errors  Last Runtime    Last Run
------------------------------------------------  -----  ---------  --------  ----------  --------------  -------------------
/opt/airflow/dags/daily_multi_source_pipeline.py                           1           0  0.69s           2025-10-16T20:48:30
================================================================================
[2025-10-16T20:49:02.803+0000] {manager.py:878} INFO - 
================================================================================
DAG File Processing Stats

File Path                                         PID    Runtime      # DAGs    # Errors  Last Runtime    Last Run
------------------------------------------------  -----  ---------  --------  ----------  --------------  -------------------
/opt/airflow/dags/daily_multi_source_pipeline.py                           1           0  0.65s           2025-10-16T20:49:01
================================================================================
[2025-10-16T20:49:32.907+0000] {manager.py:878} INFO - 
================================================================================
DAG File Processing Stats

File Path                                         PID    Runtime      # DAGs    # Errors  Last Runtime    Last Run
------------------------------------------------  -----  ---------  --------  ----------  --------------  -------------------
/opt/airflow/dags/daily_multi_source_pipeline.py                           1           0  0.64s           2025-10-16T20:49:32
================================================================================
[2025-10-16T20:50:02.961+0000] {manager.py:878} INFO - 
================================================================================
DAG File Processing Stats

File Path                                         PID    Runtime      # DAGs    # Errors  Last Runtime    Last Run
------------------------------------------------  -----  ---------  --------  ----------  --------------  -------------------
/opt/airflow/dags/daily_multi_source_pipeline.py                           1           0  0.65s           2025-10-16T20:50:02
================================================================================
[2025-10-16T20:50:33.097+0000] {manager.py:878} INFO - 
================================================================================
DAG File Processing Stats

File Path                                           PID  Runtime      # DAGs    # Errors  Last Runtime    Last Run
------------------------------------------------  -----  ---------  --------  ----------  --------------  -------------------
/opt/airflow/dags/daily_multi_source_pipeline.py    217  0.00s             1           0  0.65s           2025-10-16T20:50:02
================================================================================
[2025-10-16T20:51:03.536+0000] {manager.py:878} INFO - 
================================================================================
DAG File Processing Stats

File Path                                         PID    Runtime      # DAGs    # Errors  Last Runtime    Last Run
------------------------------------------------  -----  ---------  --------  ----------  --------------  -------------------
/opt/airflow/dags/daily_multi_source_pipeline.py                           1           0  0.67s           2025-10-16T20:50:33
================================================================================
[2025-10-16T20:51:33.643+0000] {manager.py:878} INFO - 
================================================================================
DAG File Processing Stats

File Path                                         PID    Runtime      # DAGs    # Errors  Last Runtime    Last Run
------------------------------------------------  -----  ---------  --------  ----------  --------------  -------------------
/opt/airflow/dags/daily_multi_source_pipeline.py                           1           0  0.66s           2025-10-16T20:51:04
================================================================================
[2025-10-16T20:52:04.107+0000] {manager.py:878} INFO - 
================================================================================
DAG File Processing Stats

File Path                                         PID    Runtime      # DAGs    # Errors  Last Runtime    Last Run
------------------------------------------------  -----  ---------  --------  ----------  --------------  -------------------
/opt/airflow/dags/daily_multi_source_pipeline.py                           1           0  0.66s           2025-10-16T20:51:35
================================================================================
[2025-10-16T20:52:34.238+0000] {manager.py:878} INFO - 
================================================================================
DAG File Processing Stats

File Path                                         PID    Runtime      # DAGs    # Errors  Last Runtime    Last Run
------------------------------------------------  -----  ---------  --------  ----------  --------------  -------------------
/opt/airflow/dags/daily_multi_source_pipeline.py                           1           0  0.85s           2025-10-16T20:52:06
================================================================================
[2025-10-16T20:53:04.511+0000] {manager.py:878} INFO - 
================================================================================
DAG File Processing Stats

File Path                                         PID    Runtime      # DAGs    # Errors  Last Runtime    Last Run
------------------------------------------------  -----  ---------  --------  ----------  --------------  -------------------
/opt/airflow/dags/daily_multi_source_pipeline.py                           1           0  0.69s           2025-10-16T20:52:37
================================================================================
[2025-10-16T20:53:23.020+0000] {manager.py:737} INFO - Searching for files in /opt/airflow/dags
[2025-10-16T20:53:23.022+0000] {manager.py:740} INFO - There are 1 files in /opt/airflow/dags
[2025-10-16T20:53:34.630+0000] {manager.py:878} INFO - 
================================================================================
DAG File Processing Stats

File Path                                         PID    Runtime      # DAGs    # Errors  Last Runtime    Last Run
------------------------------------------------  -----  ---------  --------  ----------  --------------  -------------------
/opt/airflow/dags/daily_multi_source_pipeline.py                           1           0  0.74s           2025-10-16T20:53:07
================================================================================
[2025-10-16T20:54:04.762+0000] {manager.py:878} INFO - 
================================================================================
DAG File Processing Stats

File Path                                         PID    Runtime      # DAGs    # Errors  Last Runtime    Last Run
------------------------------------------------  -----  ---------  --------  ----------  --------------  -------------------
/opt/airflow/dags/daily_multi_source_pipeline.py                           1           0  0.69s           2025-10-16T20:53:38
================================================================================
[2025-10-16T20:54:34.778+0000] {manager.py:878} INFO - 
================================================================================
DAG File Processing Stats

File Path                                         PID    Runtime      # DAGs    # Errors  Last Runtime    Last Run
------------------------------------------------  -----  ---------  --------  ----------  --------------  -------------------
/opt/airflow/dags/daily_multi_source_pipeline.py                           1           0  0.77s           2025-10-16T20:54:09
================================================================================
[2025-10-16T20:55:05.113+0000] {manager.py:878} INFO - 
================================================================================
DAG File Processing Stats

File Path                                         PID    Runtime      # DAGs    # Errors  Last Runtime    Last Run
------------------------------------------------  -----  ---------  --------  ----------  --------------  -------------------
/opt/airflow/dags/daily_multi_source_pipeline.py                           1           0  0.69s           2025-10-16T20:54:40
================================================================================
[2025-10-16T20:55:35.242+0000] {manager.py:878} INFO - 
================================================================================
DAG File Processing Stats

File Path                                         PID    Runtime      # DAGs    # Errors  Last Runtime    Last Run
------------------------------------------------  -----  ---------  --------  ----------  --------------  -------------------
/opt/airflow/dags/daily_multi_source_pipeline.py                           1           0  0.70s           2025-10-16T20:55:11
================================================================================
[2025-10-16T20:56:05.518+0000] {manager.py:878} INFO - 
================================================================================
DAG File Processing Stats

File Path                                         PID    Runtime      # DAGs    # Errors  Last Runtime    Last Run
------------------------------------------------  -----  ---------  --------  ----------  --------------  -------------------
/opt/airflow/dags/daily_multi_source_pipeline.py                           1           0  0.69s           2025-10-16T20:55:42
================================================================================
[2025-10-16T20:56:35.637+0000] {manager.py:878} INFO - 
================================================================================
DAG File Processing Stats

File Path                                         PID    Runtime      # DAGs    # Errors  Last Runtime    Last Run
------------------------------------------------  -----  ---------  --------  ----------  --------------  -------------------
/opt/airflow/dags/daily_multi_source_pipeline.py                           1           0  0.70s           2025-10-16T20:56:12
================================================================================
[2025-10-16T20:57:05.769+0000] {manager.py:878} INFO - 
================================================================================
DAG File Processing Stats

File Path                                         PID    Runtime      # DAGs    # Errors  Last Runtime    Last Run
------------------------------------------------  -----  ---------  --------  ----------  --------------  -------------------
/opt/airflow/dags/daily_multi_source_pipeline.py                           1           0  0.69s           2025-10-16T20:56:43
================================================================================
[2025-10-16T20:57:35.955+0000] {manager.py:878} INFO - 
================================================================================
DAG File Processing Stats

File Path                                         PID    Runtime      # DAGs    # Errors  Last Runtime    Last Run
------------------------------------------------  -----  ---------  --------  ----------  --------------  -------------------
/opt/airflow/dags/daily_multi_source_pipeline.py                           1           0  0.69s           2025-10-16T20:57:14
================================================================================
[2025-10-16T20:58:06.071+0000] {manager.py:878} INFO - 
================================================================================
DAG File Processing Stats

File Path                                         PID    Runtime      # DAGs    # Errors  Last Runtime    Last Run
------------------------------------------------  -----  ---------  --------  ----------  --------------  -------------------
/opt/airflow/dags/daily_multi_source_pipeline.py                           1           0  0.68s           2025-10-16T20:57:45
================================================================================
[2025-10-16T20:58:23.139+0000] {manager.py:737} INFO - Searching for files in /opt/airflow/dags
[2025-10-16T20:58:23.141+0000] {manager.py:740} INFO - There are 1 files in /opt/airflow/dags
[2025-10-16T20:58:36.210+0000] {manager.py:878} INFO - 
================================================================================
DAG File Processing Stats

File Path                                         PID    Runtime      # DAGs    # Errors  Last Runtime    Last Run
------------------------------------------------  -----  ---------  --------  ----------  --------------  -------------------
/opt/airflow/dags/daily_multi_source_pipeline.py                           1           0  0.69s           2025-10-16T20:58:16
================================================================================
[2025-10-16T20:59:06.341+0000] {manager.py:878} INFO - 
================================================================================
DAG File Processing Stats

File Path                                         PID    Runtime      # DAGs    # Errors  Last Runtime    Last Run
------------------------------------------------  -----  ---------  --------  ----------  --------------  -------------------
/opt/airflow/dags/daily_multi_source_pipeline.py                           1           0  0.68s           2025-10-16T20:58:46
================================================================================
[2025-10-16T20:59:36.463+0000] {manager.py:878} INFO - 
================================================================================
DAG File Processing Stats

File Path                                         PID    Runtime      # DAGs    # Errors  Last Runtime    Last Run
------------------------------------------------  -----  ---------  --------  ----------  --------------  -------------------
/opt/airflow/dags/daily_multi_source_pipeline.py                           1           0  0.69s           2025-10-16T20:59:17
================================================================================
[2025-10-16T21:00:06.591+0000] {manager.py:878} INFO - 
================================================================================
DAG File Processing Stats

File Path                                         PID    Runtime      # DAGs    # Errors  Last Runtime    Last Run
------------------------------------------------  -----  ---------  --------  ----------  --------------  -------------------
/opt/airflow/dags/daily_multi_source_pipeline.py                           1           0  0.71s           2025-10-16T20:59:48
================================================================================
[2025-10-16T21:00:36.746+0000] {manager.py:878} INFO - 
================================================================================
DAG File Processing Stats

File Path                                         PID    Runtime      # DAGs    # Errors  Last Runtime    Last Run
------------------------------------------------  -----  ---------  --------  ----------  --------------  -------------------
/opt/airflow/dags/daily_multi_source_pipeline.py                           1           0  0.70s           2025-10-16T21:00:19
================================================================================
[2025-10-16T21:01:06.861+0000] {manager.py:878} INFO - 
================================================================================
DAG File Processing Stats

File Path                                         PID    Runtime      # DAGs    # Errors  Last Runtime    Last Run
------------------------------------------------  -----  ---------  --------  ----------  --------------  -------------------
/opt/airflow/dags/daily_multi_source_pipeline.py                           1           0  0.70s           2025-10-16T21:00:50
================================================================================
[2025-10-16T21:01:36.992+0000] {manager.py:878} INFO - 
================================================================================
DAG File Processing Stats

File Path                                         PID    Runtime      # DAGs    # Errors  Last Runtime    Last Run
------------------------------------------------  -----  ---------  --------  ----------  --------------  -------------------
/opt/airflow/dags/daily_multi_source_pipeline.py                           1           0  0.72s           2025-10-16T21:01:20
================================================================================
[2025-10-16T21:02:07.170+0000] {manager.py:878} INFO - 
================================================================================
DAG File Processing Stats

File Path                                         PID    Runtime      # DAGs    # Errors  Last Runtime    Last Run
------------------------------------------------  -----  ---------  --------  ----------  --------------  -------------------
/opt/airflow/dags/daily_multi_source_pipeline.py                           1           0  0.69s           2025-10-16T21:01:51
================================================================================
[2025-10-16T21:02:37.288+0000] {manager.py:878} INFO - 
================================================================================
DAG File Processing Stats

File Path                                         PID    Runtime      # DAGs    # Errors  Last Runtime    Last Run
------------------------------------------------  -----  ---------  --------  ----------  --------------  -------------------
/opt/airflow/dags/daily_multi_source_pipeline.py                           1           0  0.69s           2025-10-16T21:02:22
================================================================================
[2025-10-16T21:03:07.416+0000] {manager.py:878} INFO - 
================================================================================
DAG File Processing Stats

File Path                                         PID    Runtime      # DAGs    # Errors  Last Runtime    Last Run
------------------------------------------------  -----  ---------  --------  ----------  --------------  -------------------
/opt/airflow/dags/daily_multi_source_pipeline.py                           1           0  0.69s           2025-10-16T21:02:53
================================================================================
[2025-10-16T21:03:23.486+0000] {manager.py:737} INFO - Searching for files in /opt/airflow/dags
[2025-10-16T21:03:23.488+0000] {manager.py:740} INFO - There are 1 files in /opt/airflow/dags
[2025-10-16T21:03:37.567+0000] {manager.py:878} INFO - 
================================================================================
DAG File Processing Stats

File Path                                         PID    Runtime      # DAGs    # Errors  Last Runtime    Last Run
------------------------------------------------  -----  ---------  --------  ----------  --------------  -------------------
/opt/airflow/dags/daily_multi_source_pipeline.py                           1           0  0.68s           2025-10-16T21:03:24
================================================================================
[2025-10-16T21:04:07.684+0000] {manager.py:878} INFO - 
================================================================================
DAG File Processing Stats

File Path                                         PID    Runtime      # DAGs    # Errors  Last Runtime    Last Run
------------------------------------------------  -----  ---------  --------  ----------  --------------  -------------------
/opt/airflow/dags/daily_multi_source_pipeline.py                           1           0  0.69s           2025-10-16T21:03:54
================================================================================
[2025-10-16T21:04:37.807+0000] {manager.py:878} INFO - 
================================================================================
DAG File Processing Stats

File Path                                         PID    Runtime      # DAGs    # Errors  Last Runtime    Last Run
------------------------------------------------  -----  ---------  --------  ----------  --------------  -------------------
/opt/airflow/dags/daily_multi_source_pipeline.py                           1           0  0.71s           2025-10-16T21:04:25
================================================================================
[2025-10-16T21:05:07.972+0000] {manager.py:878} INFO - 
================================================================================
DAG File Processing Stats

File Path                                         PID    Runtime      # DAGs    # Errors  Last Runtime    Last Run
------------------------------------------------  -----  ---------  --------  ----------  --------------  -------------------
/opt/airflow/dags/daily_multi_source_pipeline.py                           1           0  0.68s           2025-10-16T21:04:56
================================================================================
[2025-10-16T21:05:38.089+0000] {manager.py:878} INFO - 
================================================================================
DAG File Processing Stats

File Path                                         PID    Runtime      # DAGs    # Errors  Last Runtime    Last Run
------------------------------------------------  -----  ---------  --------  ----------  --------------  -------------------
/opt/airflow/dags/daily_multi_source_pipeline.py                           1           0  0.68s           2025-10-16T21:05:27
================================================================================
[2025-10-16T21:06:08.215+0000] {manager.py:878} INFO - 
================================================================================
DAG File Processing Stats

File Path                                         PID    Runtime      # DAGs    # Errors  Last Runtime    Last Run
------------------------------------------------  -----  ---------  --------  ----------  --------------  -------------------
/opt/airflow/dags/daily_multi_source_pipeline.py                           1           0  0.76s           2025-10-16T21:05:58
================================================================================
[2025-10-16T21:06:38.403+0000] {manager.py:878} INFO - 
================================================================================
DAG File Processing Stats

File Path                                         PID    Runtime      # DAGs    # Errors  Last Runtime    Last Run
------------------------------------------------  -----  ---------  --------  ----------  --------------  -------------------
/opt/airflow/dags/daily_multi_source_pipeline.py                           1           0  0.73s           2025-10-16T21:06:29
================================================================================
[2025-10-16T21:07:08.523+0000] {manager.py:878} INFO - 
================================================================================
DAG File Processing Stats

File Path                                         PID    Runtime      # DAGs    # Errors  Last Runtime    Last Run
------------------------------------------------  -----  ---------  --------  ----------  --------------  -------------------
/opt/airflow/dags/daily_multi_source_pipeline.py                           1           0  0.69s           2025-10-16T21:06:59
================================================================================
[2025-10-16T21:07:38.650+0000] {manager.py:878} INFO - 
================================================================================
DAG File Processing Stats

File Path                                         PID    Runtime      # DAGs    # Errors  Last Runtime    Last Run
------------------------------------------------  -----  ---------  --------  ----------  --------------  -------------------
/opt/airflow/dags/daily_multi_source_pipeline.py                           1           0  0.69s           2025-10-16T21:07:30
================================================================================
[2025-10-16T21:08:08.800+0000] {manager.py:878} INFO - 
================================================================================
DAG File Processing Stats

File Path                                         PID    Runtime      # DAGs    # Errors  Last Runtime    Last Run
------------------------------------------------  -----  ---------  --------  ----------  --------------  -------------------
/opt/airflow/dags/daily_multi_source_pipeline.py                           1           0  0.69s           2025-10-16T21:08:01
================================================================================
[2025-10-16T21:08:23.528+0000] {manager.py:737} INFO - Searching for files in /opt/airflow/dags
[2025-10-16T21:08:23.529+0000] {manager.py:740} INFO - There are 1 files in /opt/airflow/dags
[2025-10-16T21:08:38.917+0000] {manager.py:878} INFO - 
================================================================================
DAG File Processing Stats

File Path                                         PID    Runtime      # DAGs    # Errors  Last Runtime    Last Run
------------------------------------------------  -----  ---------  --------  ----------  --------------  -------------------
/opt/airflow/dags/daily_multi_source_pipeline.py                           1           0  0.69s           2025-10-16T21:08:32
================================================================================
[2025-10-16T21:09:09.040+0000] {manager.py:878} INFO - 
================================================================================
DAG File Processing Stats

File Path                                         PID    Runtime      # DAGs    # Errors  Last Runtime    Last Run
------------------------------------------------  -----  ---------  --------  ----------  --------------  -------------------
/opt/airflow/dags/daily_multi_source_pipeline.py                           1           0  0.70s           2025-10-16T21:09:03
================================================================================
[2025-10-16T21:09:39.219+0000] {manager.py:878} INFO - 
================================================================================
DAG File Processing Stats

File Path                                         PID    Runtime      # DAGs    # Errors  Last Runtime    Last Run
------------------------------------------------  -----  ---------  --------  ----------  --------------  -------------------
/opt/airflow/dags/daily_multi_source_pipeline.py                           1           0  0.68s           2025-10-16T21:09:33
================================================================================
[2025-10-16T21:10:09.334+0000] {manager.py:878} INFO - 
================================================================================
DAG File Processing Stats

File Path                                         PID    Runtime      # DAGs    # Errors  Last Runtime    Last Run
------------------------------------------------  -----  ---------  --------  ----------  --------------  -------------------
/opt/airflow/dags/daily_multi_source_pipeline.py                           1           0  0.69s           2025-10-16T21:10:04
================================================================================
[2025-10-16T21:10:39.456+0000] {manager.py:878} INFO - 
================================================================================
DAG File Processing Stats

File Path                                         PID    Runtime      # DAGs    # Errors  Last Runtime    Last Run
------------------------------------------------  -----  ---------  --------  ----------  --------------  -------------------
/opt/airflow/dags/daily_multi_source_pipeline.py                           1           0  0.70s           2025-10-16T21:10:35
================================================================================
[2025-10-16T21:11:09.592+0000] {manager.py:878} INFO - 
================================================================================
DAG File Processing Stats

File Path                                         PID    Runtime      # DAGs    # Errors  Last Runtime    Last Run
------------------------------------------------  -----  ---------  --------  ----------  --------------  -------------------
/opt/airflow/dags/daily_multi_source_pipeline.py                           1           0  0.68s           2025-10-16T21:11:06
================================================================================
[2025-10-16T21:11:39.709+0000] {manager.py:878} INFO - 
================================================================================
DAG File Processing Stats

File Path                                         PID    Runtime      # DAGs    # Errors  Last Runtime    Last Run
------------------------------------------------  -----  ---------  --------  ----------  --------------  -------------------
/opt/airflow/dags/daily_multi_source_pipeline.py                           1           0  0.69s           2025-10-16T21:11:37
================================================================================
[2025-10-16T21:12:09.824+0000] {manager.py:878} INFO - 
================================================================================
DAG File Processing Stats

File Path                                         PID    Runtime      # DAGs    # Errors  Last Runtime    Last Run
------------------------------------------------  -----  ---------  --------  ----------  --------------  -------------------
/opt/airflow/dags/daily_multi_source_pipeline.py                           1           0  0.73s           2025-10-16T21:12:07
================================================================================
[2025-10-16T21:12:40.040+0000] {manager.py:878} INFO - 
================================================================================
DAG File Processing Stats

File Path                                         PID    Runtime      # DAGs    # Errors  Last Runtime    Last Run
------------------------------------------------  -----  ---------  --------  ----------  --------------  -------------------
/opt/airflow/dags/daily_multi_source_pipeline.py                           1           0  0.71s           2025-10-16T21:12:38
================================================================================
[2025-10-16T21:13:10.155+0000] {manager.py:878} INFO - 
================================================================================
DAG File Processing Stats

File Path                                         PID    Runtime      # DAGs    # Errors  Last Runtime    Last Run
------------------------------------------------  -----  ---------  --------  ----------  --------------  -------------------
/opt/airflow/dags/daily_multi_source_pipeline.py                           1           0  0.69s           2025-10-16T21:13:09
================================================================================
[2025-10-16T21:13:23.531+0000] {manager.py:737} INFO - Searching for files in /opt/airflow/dags
[2025-10-16T21:13:23.532+0000] {manager.py:740} INFO - There are 1 files in /opt/airflow/dags
[2025-10-16T21:13:40.276+0000] {manager.py:878} INFO - 
================================================================================
DAG File Processing Stats

File Path                                           PID  Runtime      # DAGs    # Errors  Last Runtime    Last Run
------------------------------------------------  -----  ---------  --------  ----------  --------------  -------------------
/opt/airflow/dags/daily_multi_source_pipeline.py    307  0.67s             1           0  0.69s           2025-10-16T21:13:09
================================================================================
[2025-10-16T21:14:10.412+0000] {manager.py:878} INFO - 
================================================================================
DAG File Processing Stats

File Path                                           PID  Runtime      # DAGs    # Errors  Last Runtime    Last Run
------------------------------------------------  -----  ---------  --------  ----------  --------------  -------------------
/opt/airflow/dags/daily_multi_source_pipeline.py    309  0.00s             1           0  0.69s           2025-10-16T21:13:40
================================================================================
[2025-10-16T21:14:40.534+0000] {manager.py:878} INFO - 
================================================================================
DAG File Processing Stats

File Path                                         PID    Runtime      # DAGs    # Errors  Last Runtime    Last Run
------------------------------------------------  -----  ---------  --------  ----------  --------------  -------------------
/opt/airflow/dags/daily_multi_source_pipeline.py                           1           0  0.70s           2025-10-16T21:14:11
================================================================================
[2025-10-16T21:15:10.650+0000] {manager.py:878} INFO - 
================================================================================
DAG File Processing Stats

File Path                                         PID    Runtime      # DAGs    # Errors  Last Runtime    Last Run
------------------------------------------------  -----  ---------  --------  ----------  --------------  -------------------
/opt/airflow/dags/daily_multi_source_pipeline.py                           1           0  0.68s           2025-10-16T21:14:41
================================================================================
[2025-10-16T21:15:40.789+0000] {manager.py:878} INFO - 
================================================================================
DAG File Processing Stats

File Path                                         PID    Runtime      # DAGs    # Errors  Last Runtime    Last Run
------------------------------------------------  -----  ---------  --------  ----------  --------------  -------------------
/opt/airflow/dags/daily_multi_source_pipeline.py                           1           0  0.70s           2025-10-16T21:15:12
================================================================================
[2025-10-16T21:16:10.943+0000] {manager.py:878} INFO - 
================================================================================
DAG File Processing Stats

File Path                                         PID    Runtime      # DAGs    # Errors  Last Runtime    Last Run
------------------------------------------------  -----  ---------  --------  ----------  --------------  -------------------
/opt/airflow/dags/daily_multi_source_pipeline.py                           1           0  0.70s           2025-10-16T21:15:43
================================================================================
[2025-10-16T21:16:41.064+0000] {manager.py:878} INFO - 
================================================================================
DAG File Processing Stats

File Path                                         PID    Runtime      # DAGs    # Errors  Last Runtime    Last Run
------------------------------------------------  -----  ---------  --------  ----------  --------------  -------------------
/opt/airflow/dags/daily_multi_source_pipeline.py                           1           0  0.70s           2025-10-16T21:16:14
================================================================================
[2025-10-16T21:17:11.198+0000] {manager.py:878} INFO - 
================================================================================
DAG File Processing Stats

File Path                                         PID    Runtime      # DAGs    # Errors  Last Runtime    Last Run
------------------------------------------------  -----  ---------  --------  ----------  --------------  -------------------
/opt/airflow/dags/daily_multi_source_pipeline.py                           1           0  0.71s           2025-10-16T21:16:45
================================================================================
[2025-10-16T21:17:41.362+0000] {manager.py:878} INFO - 
================================================================================
DAG File Processing Stats

File Path                                         PID    Runtime      # DAGs    # Errors  Last Runtime    Last Run
------------------------------------------------  -----  ---------  --------  ----------  --------------  -------------------
/opt/airflow/dags/daily_multi_source_pipeline.py                           1           0  0.69s           2025-10-16T21:17:15
================================================================================
[2025-10-16T21:18:11.484+0000] {manager.py:878} INFO - 
================================================================================
DAG File Processing Stats

File Path                                         PID    Runtime      # DAGs    # Errors  Last Runtime    Last Run
------------------------------------------------  -----  ---------  --------  ----------  --------------  -------------------
/opt/airflow/dags/daily_multi_source_pipeline.py                           1           0  0.69s           2025-10-16T21:17:46
================================================================================
[2025-10-16T21:18:23.544+0000] {manager.py:737} INFO - Searching for files in /opt/airflow/dags
[2025-10-16T21:18:23.545+0000] {manager.py:740} INFO - There are 1 files in /opt/airflow/dags
[2025-10-16T21:18:41.640+0000] {manager.py:878} INFO - 
================================================================================
DAG File Processing Stats

File Path                                         PID    Runtime      # DAGs    # Errors  Last Runtime    Last Run
------------------------------------------------  -----  ---------  --------  ----------  --------------  -------------------
/opt/airflow/dags/daily_multi_source_pipeline.py                           1           0  0.73s           2025-10-16T21:18:17
================================================================================
[2025-10-16T21:19:11.768+0000] {manager.py:878} INFO - 
================================================================================
DAG File Processing Stats

File Path                                         PID    Runtime      # DAGs    # Errors  Last Runtime    Last Run
------------------------------------------------  -----  ---------  --------  ----------  --------------  -------------------
/opt/airflow/dags/daily_multi_source_pipeline.py                           1           0  0.72s           2025-10-16T21:18:48
================================================================================
[2025-10-16T21:19:41.886+0000] {manager.py:878} INFO - 
================================================================================
DAG File Processing Stats

File Path                                         PID    Runtime      # DAGs    # Errors  Last Runtime    Last Run
------------------------------------------------  -----  ---------  --------  ----------  --------------  -------------------
/opt/airflow/dags/daily_multi_source_pipeline.py                           1           0  0.69s           2025-10-16T21:19:19
================================================================================
[2025-10-16T21:20:12.012+0000] {manager.py:878} INFO - 
================================================================================
DAG File Processing Stats

File Path                                         PID    Runtime      # DAGs    # Errors  Last Runtime    Last Run
------------------------------------------------  -----  ---------  --------  ----------  --------------  -------------------
/opt/airflow/dags/daily_multi_source_pipeline.py                           1           0  0.69s           2025-10-16T21:19:50
================================================================================
[2025-10-16T21:20:42.205+0000] {manager.py:878} INFO - 
================================================================================
DAG File Processing Stats

File Path                                         PID    Runtime      # DAGs    # Errors  Last Runtime    Last Run
------------------------------------------------  -----  ---------  --------  ----------  --------------  -------------------
/opt/airflow/dags/daily_multi_source_pipeline.py                           1           0  0.69s           2025-10-16T21:20:20
================================================================================
[2025-10-16T21:21:12.326+0000] {manager.py:878} INFO - 
================================================================================
DAG File Processing Stats

File Path                                         PID    Runtime      # DAGs    # Errors  Last Runtime    Last Run
------------------------------------------------  -----  ---------  --------  ----------  --------------  -------------------
/opt/airflow/dags/daily_multi_source_pipeline.py                           1           0  0.69s           2025-10-16T21:20:51
================================================================================
[2025-10-16T21:21:42.442+0000] {manager.py:878} INFO - 
================================================================================
DAG File Processing Stats

File Path                                         PID    Runtime      # DAGs    # Errors  Last Runtime    Last Run
------------------------------------------------  -----  ---------  --------  ----------  --------------  -------------------
/opt/airflow/dags/daily_multi_source_pipeline.py                           1           0  0.69s           2025-10-16T21:21:22
================================================================================
[2025-10-16T21:22:12.868+0000] {manager.py:878} INFO - 
================================================================================
DAG File Processing Stats

File Path                                         PID    Runtime      # DAGs    # Errors  Last Runtime    Last Run
------------------------------------------------  -----  ---------  --------  ----------  --------------  -------------------
/opt/airflow/dags/daily_multi_source_pipeline.py                           1           0  0.69s           2025-10-16T21:21:53
================================================================================
[2025-10-16T21:22:43.003+0000] {manager.py:878} INFO - 
================================================================================
DAG File Processing Stats

File Path                                         PID    Runtime      # DAGs    # Errors  Last Runtime    Last Run
------------------------------------------------  -----  ---------  --------  ----------  --------------  -------------------
/opt/airflow/dags/daily_multi_source_pipeline.py                           1           0  0.69s           2025-10-16T21:22:23
================================================================================
[2025-10-16T21:23:13.166+0000] {manager.py:878} INFO - 
================================================================================
DAG File Processing Stats

File Path                                         PID    Runtime      # DAGs    # Errors  Last Runtime    Last Run
------------------------------------------------  -----  ---------  --------  ----------  --------------  -------------------
/opt/airflow/dags/daily_multi_source_pipeline.py                           1           0  0.70s           2025-10-16T21:22:54
================================================================================
[2025-10-16T21:23:23.866+0000] {manager.py:737} INFO - Searching for files in /opt/airflow/dags
[2025-10-16T21:23:23.868+0000] {manager.py:740} INFO - There are 1 files in /opt/airflow/dags
[2025-10-16T21:23:43.281+0000] {manager.py:878} INFO - 
================================================================================
DAG File Processing Stats

File Path                                         PID    Runtime      # DAGs    # Errors  Last Runtime    Last Run
------------------------------------------------  -----  ---------  --------  ----------  --------------  -------------------
/opt/airflow/dags/daily_multi_source_pipeline.py                           1           0  0.68s           2025-10-16T21:23:25
================================================================================
[2025-10-16T21:24:13.408+0000] {manager.py:878} INFO - 
================================================================================
DAG File Processing Stats

File Path                                         PID    Runtime      # DAGs    # Errors  Last Runtime    Last Run
------------------------------------------------  -----  ---------  --------  ----------  --------------  -------------------
/opt/airflow/dags/daily_multi_source_pipeline.py                           1           0  0.69s           2025-10-16T21:23:56
================================================================================
[2025-10-16T21:24:43.558+0000] {manager.py:878} INFO - 
================================================================================
DAG File Processing Stats

File Path                                         PID    Runtime      # DAGs    # Errors  Last Runtime    Last Run
------------------------------------------------  -----  ---------  --------  ----------  --------------  -------------------
/opt/airflow/dags/daily_multi_source_pipeline.py                           1           0  0.69s           2025-10-16T21:24:27
================================================================================
[2025-10-16T21:25:13.678+0000] {manager.py:878} INFO - 
================================================================================
DAG File Processing Stats

File Path                                         PID    Runtime      # DAGs    # Errors  Last Runtime    Last Run
------------------------------------------------  -----  ---------  --------  ----------  --------------  -------------------
/opt/airflow/dags/daily_multi_source_pipeline.py                           1           0  0.70s           2025-10-16T21:24:57
================================================================================
[2025-10-16T21:25:43.805+0000] {manager.py:878} INFO - 
================================================================================
DAG File Processing Stats

File Path                                         PID    Runtime      # DAGs    # Errors  Last Runtime    Last Run
------------------------------------------------  -----  ---------  --------  ----------  --------------  -------------------
/opt/airflow/dags/daily_multi_source_pipeline.py                           1           0  0.69s           2025-10-16T21:25:28
================================================================================
[2025-10-16T21:26:13.971+0000] {manager.py:878} INFO - 
================================================================================
DAG File Processing Stats

File Path                                         PID    Runtime      # DAGs    # Errors  Last Runtime    Last Run
------------------------------------------------  -----  ---------  --------  ----------  --------------  -------------------
/opt/airflow/dags/daily_multi_source_pipeline.py                           1           0  0.73s           2025-10-16T21:25:59
================================================================================
[2025-10-16T21:26:44.090+0000] {manager.py:878} INFO - 
================================================================================
DAG File Processing Stats

File Path                                         PID    Runtime      # DAGs    # Errors  Last Runtime    Last Run
------------------------------------------------  -----  ---------  --------  ----------  --------------  -------------------
/opt/airflow/dags/daily_multi_source_pipeline.py                           1           0  0.70s           2025-10-16T21:26:30
================================================================================
[2025-10-16T21:27:14.214+0000] {manager.py:878} INFO - 
================================================================================
DAG File Processing Stats

File Path                                         PID    Runtime      # DAGs    # Errors  Last Runtime    Last Run
------------------------------------------------  -----  ---------  --------  ----------  --------------  -------------------
/opt/airflow/dags/daily_multi_source_pipeline.py                           1           0  0.69s           2025-10-16T21:27:01
================================================================================
[2025-10-16T21:27:44.398+0000] {manager.py:878} INFO - 
================================================================================
DAG File Processing Stats

File Path                                         PID    Runtime      # DAGs    # Errors  Last Runtime    Last Run
------------------------------------------------  -----  ---------  --------  ----------  --------------  -------------------
/opt/airflow/dags/daily_multi_source_pipeline.py                           1           0  0.69s           2025-10-16T21:27:31
================================================================================
[2025-10-16T21:28:14.511+0000] {manager.py:878} INFO - 
================================================================================
DAG File Processing Stats

File Path                                         PID    Runtime      # DAGs    # Errors  Last Runtime    Last Run
------------------------------------------------  -----  ---------  --------  ----------  --------------  -------------------
/opt/airflow/dags/daily_multi_source_pipeline.py                           1           0  0.69s           2025-10-16T21:28:02
================================================================================
[2025-10-16T21:28:23.884+0000] {manager.py:737} INFO - Searching for files in /opt/airflow/dags
[2025-10-16T21:28:23.885+0000] {manager.py:740} INFO - There are 1 files in /opt/airflow/dags
[2025-10-16T21:28:44.643+0000] {manager.py:878} INFO - 
================================================================================
DAG File Processing Stats

File Path                                         PID    Runtime      # DAGs    # Errors  Last Runtime    Last Run
------------------------------------------------  -----  ---------  --------  ----------  --------------  -------------------
/opt/airflow/dags/daily_multi_source_pipeline.py                           1           0  0.68s           2025-10-16T21:28:33
================================================================================
[2025-10-16T21:29:14.779+0000] {manager.py:878} INFO - 
================================================================================
DAG File Processing Stats

File Path                                         PID    Runtime      # DAGs    # Errors  Last Runtime    Last Run
------------------------------------------------  -----  ---------  --------  ----------  --------------  -------------------
/opt/airflow/dags/daily_multi_source_pipeline.py                           1           0  0.69s           2025-10-16T21:29:04
================================================================================
[2025-10-16T21:29:44.898+0000] {manager.py:878} INFO - 
================================================================================
DAG File Processing Stats

File Path                                         PID    Runtime      # DAGs    # Errors  Last Runtime    Last Run
------------------------------------------------  -----  ---------  --------  ----------  --------------  -------------------
/opt/airflow/dags/daily_multi_source_pipeline.py                           1           0  0.54s           2025-10-16T21:29:35
================================================================================
[2025-10-16T21:30:14.925+0000] {manager.py:878} INFO - 
================================================================================
DAG File Processing Stats

File Path                                         PID    Runtime      # DAGs    # Errors  Last Runtime    Last Run
------------------------------------------------  -----  ---------  --------  ----------  --------------  -------------------
/opt/airflow/dags/daily_multi_source_pipeline.py                           1           0  0.53s           2025-10-16T21:30:05
================================================================================
[2025-10-16T21:30:45.526+0000] {manager.py:878} INFO - 
================================================================================
DAG File Processing Stats

File Path                                         PID    Runtime      # DAGs    # Errors  Last Runtime    Last Run
------------------------------------------------  -----  ---------  --------  ----------  --------------  -------------------
/opt/airflow/dags/daily_multi_source_pipeline.py                           1           0  0.51s           2025-10-16T21:30:36
================================================================================
[2025-10-16T21:31:15.668+0000] {manager.py:878} INFO - 
================================================================================
DAG File Processing Stats

File Path                                         PID    Runtime      # DAGs    # Errors  Last Runtime    Last Run
------------------------------------------------  -----  ---------  --------  ----------  --------------  -------------------
/opt/airflow/dags/daily_multi_source_pipeline.py                           1           0  0.50s           2025-10-16T21:31:07
================================================================================
[2025-10-16T21:31:45.789+0000] {manager.py:878} INFO - 
================================================================================
DAG File Processing Stats

File Path                                         PID    Runtime      # DAGs    # Errors  Last Runtime    Last Run
------------------------------------------------  -----  ---------  --------  ----------  --------------  -------------------
/opt/airflow/dags/daily_multi_source_pipeline.py                           1           0  0.52s           2025-10-16T21:31:37
================================================================================
[2025-10-16T21:32:15.936+0000] {manager.py:878} INFO - 
================================================================================
DAG File Processing Stats

File Path                                         PID    Runtime      # DAGs    # Errors  Last Runtime    Last Run
------------------------------------------------  -----  ---------  --------  ----------  --------------  -------------------
/opt/airflow/dags/daily_multi_source_pipeline.py                           1           0  0.55s           2025-10-16T21:32:08
================================================================================
[2025-10-16T21:32:46.059+0000] {manager.py:878} INFO - 
================================================================================
DAG File Processing Stats

File Path                                         PID    Runtime      # DAGs    # Errors  Last Runtime    Last Run
------------------------------------------------  -----  ---------  --------  ----------  --------------  -------------------
/opt/airflow/dags/daily_multi_source_pipeline.py                           1           0  0.51s           2025-10-16T21:32:39
================================================================================
[2025-10-16T21:33:16.215+0000] {manager.py:878} INFO - 
================================================================================
DAG File Processing Stats

File Path                                         PID    Runtime      # DAGs    # Errors  Last Runtime    Last Run
------------------------------------------------  -----  ---------  --------  ----------  --------------  -------------------
/opt/airflow/dags/daily_multi_source_pipeline.py                           1           0  0.51s           2025-10-16T21:33:09
================================================================================
[2025-10-16T21:33:24.244+0000] {manager.py:737} INFO - Searching for files in /opt/airflow/dags
[2025-10-16T21:33:24.246+0000] {manager.py:740} INFO - There are 1 files in /opt/airflow/dags
[2025-10-16T21:33:46.336+0000] {manager.py:878} INFO - 
================================================================================
DAG File Processing Stats

File Path                                         PID    Runtime      # DAGs    # Errors  Last Runtime    Last Run
------------------------------------------------  -----  ---------  --------  ----------  --------------  -------------------
/opt/airflow/dags/daily_multi_source_pipeline.py                           1           0  0.51s           2025-10-16T21:33:40
================================================================================
[2025-10-16T21:34:16.945+0000] {manager.py:878} INFO - 
================================================================================
DAG File Processing Stats

File Path                                         PID    Runtime      # DAGs    # Errors  Last Runtime    Last Run
------------------------------------------------  -----  ---------  --------  ----------  --------------  -------------------
/opt/airflow/dags/daily_multi_source_pipeline.py                           1           0  0.55s           2025-10-16T21:34:10
================================================================================
[2025-10-16T21:34:47.115+0000] {manager.py:878} INFO - 
================================================================================
DAG File Processing Stats

File Path                                         PID    Runtime      # DAGs    # Errors  Last Runtime    Last Run
------------------------------------------------  -----  ---------  --------  ----------  --------------  -------------------
/opt/airflow/dags/daily_multi_source_pipeline.py                           1           0  0.53s           2025-10-16T21:34:41
================================================================================
[2025-10-16T21:35:17.233+0000] {manager.py:878} INFO - 
================================================================================
DAG File Processing Stats

File Path                                         PID    Runtime      # DAGs    # Errors  Last Runtime    Last Run
------------------------------------------------  -----  ---------  --------  ----------  --------------  -------------------
/opt/airflow/dags/daily_multi_source_pipeline.py                           1           0  0.51s           2025-10-16T21:35:12
================================================================================
[2025-10-16T21:35:47.376+0000] {manager.py:878} INFO - 
================================================================================
DAG File Processing Stats

File Path                                         PID    Runtime      # DAGs    # Errors  Last Runtime    Last Run
------------------------------------------------  -----  ---------  --------  ----------  --------------  -------------------
/opt/airflow/dags/daily_multi_source_pipeline.py                           1           0  0.51s           2025-10-16T21:35:42
================================================================================
[2025-10-16T21:36:17.496+0000] {manager.py:878} INFO - 
================================================================================
DAG File Processing Stats

File Path                                         PID    Runtime      # DAGs    # Errors  Last Runtime    Last Run
------------------------------------------------  -----  ---------  --------  ----------  --------------  -------------------
/opt/airflow/dags/daily_multi_source_pipeline.py                           1           0  0.51s           2025-10-16T21:36:13
================================================================================
[2025-10-16T21:36:47.642+0000] {manager.py:878} INFO - 
================================================================================
DAG File Processing Stats

File Path                                         PID    Runtime      # DAGs    # Errors  Last Runtime    Last Run
------------------------------------------------  -----  ---------  --------  ----------  --------------  -------------------
/opt/airflow/dags/daily_multi_source_pipeline.py                           1           0  0.51s           2025-10-16T21:36:44
================================================================================
[2025-10-16T21:37:17.757+0000] {manager.py:878} INFO - 
================================================================================
DAG File Processing Stats

File Path                                         PID    Runtime      # DAGs    # Errors  Last Runtime    Last Run
------------------------------------------------  -----  ---------  --------  ----------  --------------  -------------------
/opt/airflow/dags/daily_multi_source_pipeline.py                           1           0  0.52s           2025-10-16T21:37:14
================================================================================
[2025-10-16T21:37:47.905+0000] {manager.py:878} INFO - 
================================================================================
DAG File Processing Stats

File Path                                         PID    Runtime      # DAGs    # Errors  Last Runtime    Last Run
------------------------------------------------  -----  ---------  --------  ----------  --------------  -------------------
/opt/airflow/dags/daily_multi_source_pipeline.py                           1           0  0.51s           2025-10-16T21:37:45
================================================================================
[2025-10-16T21:38:18.025+0000] {manager.py:878} INFO - 
================================================================================
DAG File Processing Stats

File Path                                         PID    Runtime      # DAGs    # Errors  Last Runtime    Last Run
------------------------------------------------  -----  ---------  --------  ----------  --------------  -------------------
/opt/airflow/dags/daily_multi_source_pipeline.py                           1           0  0.52s           2025-10-16T21:38:16
================================================================================
[2025-10-16T21:38:25.054+0000] {manager.py:737} INFO - Searching for files in /opt/airflow/dags
[2025-10-16T21:38:25.056+0000] {manager.py:740} INFO - There are 1 files in /opt/airflow/dags
[2025-10-16T21:38:48.185+0000] {manager.py:878} INFO - 
================================================================================
DAG File Processing Stats

File Path                                         PID    Runtime      # DAGs    # Errors  Last Runtime    Last Run
------------------------------------------------  -----  ---------  --------  ----------  --------------  -------------------
/opt/airflow/dags/daily_multi_source_pipeline.py                           1           0  0.52s           2025-10-16T21:38:46
================================================================================
[2025-10-16T21:39:18.301+0000] {manager.py:878} INFO - 
================================================================================
DAG File Processing Stats

File Path                                         PID    Runtime      # DAGs    # Errors  Last Runtime    Last Run
------------------------------------------------  -----  ---------  --------  ----------  --------------  -------------------
/opt/airflow/dags/daily_multi_source_pipeline.py                           1           0  0.51s           2025-10-16T21:39:17
================================================================================
[2025-10-16T21:39:48.448+0000] {manager.py:878} INFO - 
================================================================================
DAG File Processing Stats

File Path                                         PID    Runtime      # DAGs    # Errors  Last Runtime    Last Run
------------------------------------------------  -----  ---------  --------  ----------  --------------  -------------------
/opt/airflow/dags/daily_multi_source_pipeline.py                           1           0  0.51s           2025-10-16T21:39:47
================================================================================
[2025-10-16T21:40:18.566+0000] {manager.py:878} INFO - 
================================================================================
DAG File Processing Stats

File Path                                           PID  Runtime      # DAGs    # Errors  Last Runtime    Last Run
------------------------------------------------  -----  ---------  --------  ----------  --------------  -------------------
/opt/airflow/dags/daily_multi_source_pipeline.py    411  0.50s             1           0  0.51s           2025-10-16T21:39:47
================================================================================
[2025-10-16T21:40:48.714+0000] {manager.py:878} INFO - 
================================================================================
DAG File Processing Stats

File Path                                           PID  Runtime      # DAGs    # Errors  Last Runtime    Last Run
------------------------------------------------  -----  ---------  --------  ----------  --------------  -------------------
/opt/airflow/dags/daily_multi_source_pipeline.py    413  0.00s             1           0  0.56s           2025-10-16T21:40:18
================================================================================
[2025-10-16T21:41:18.843+0000] {manager.py:878} INFO - 
================================================================================
DAG File Processing Stats

File Path                                         PID    Runtime      # DAGs    # Errors  Last Runtime    Last Run
------------------------------------------------  -----  ---------  --------  ----------  --------------  -------------------
/opt/airflow/dags/daily_multi_source_pipeline.py                           1           0  0.52s           2025-10-16T21:40:49
================================================================================
[2025-10-16T21:41:48.978+0000] {manager.py:878} INFO - 
================================================================================
DAG File Processing Stats

File Path                                         PID    Runtime      # DAGs    # Errors  Last Runtime    Last Run
------------------------------------------------  -----  ---------  --------  ----------  --------------  -------------------
/opt/airflow/dags/daily_multi_source_pipeline.py                           1           0  0.51s           2025-10-16T21:41:19
================================================================================
[2025-10-16T21:42:19.112+0000] {manager.py:878} INFO - 
================================================================================
DAG File Processing Stats

File Path                                         PID    Runtime      # DAGs    # Errors  Last Runtime    Last Run
------------------------------------------------  -----  ---------  --------  ----------  --------------  -------------------
/opt/airflow/dags/daily_multi_source_pipeline.py                           1           0  0.51s           2025-10-16T21:41:50
================================================================================
[2025-10-16T21:42:49.249+0000] {manager.py:878} INFO - 
================================================================================
DAG File Processing Stats

File Path                                         PID    Runtime      # DAGs    # Errors  Last Runtime    Last Run
------------------------------------------------  -----  ---------  --------  ----------  --------------  -------------------
/opt/airflow/dags/daily_multi_source_pipeline.py                           1           0  0.53s           2025-10-16T21:42:21
================================================================================
[2025-10-16T21:43:19.384+0000] {manager.py:878} INFO - 
================================================================================
DAG File Processing Stats

File Path                                         PID    Runtime      # DAGs    # Errors  Last Runtime    Last Run
------------------------------------------------  -----  ---------  --------  ----------  --------------  -------------------
/opt/airflow/dags/daily_multi_source_pipeline.py                           1           0  0.51s           2025-10-16T21:42:51
================================================================================
[2025-10-16T21:43:25.412+0000] {manager.py:737} INFO - Searching for files in /opt/airflow/dags
[2025-10-16T21:43:25.414+0000] {manager.py:740} INFO - There are 1 files in /opt/airflow/dags
[2025-10-16T21:43:49.525+0000] {manager.py:878} INFO - 
================================================================================
DAG File Processing Stats

File Path                                         PID    Runtime      # DAGs    # Errors  Last Runtime    Last Run
------------------------------------------------  -----  ---------  --------  ----------  --------------  -------------------
/opt/airflow/dags/daily_multi_source_pipeline.py                           1           0  0.53s           2025-10-16T21:43:22
================================================================================
[2025-10-16T21:44:19.660+0000] {manager.py:878} INFO - 
================================================================================
DAG File Processing Stats

File Path                                         PID    Runtime      # DAGs    # Errors  Last Runtime    Last Run
------------------------------------------------  -----  ---------  --------  ----------  --------------  -------------------
/opt/airflow/dags/daily_multi_source_pipeline.py                           1           0  0.51s           2025-10-16T21:43:53
================================================================================
[2025-10-16T21:44:49.795+0000] {manager.py:878} INFO - 
================================================================================
DAG File Processing Stats

File Path                                         PID    Runtime      # DAGs    # Errors  Last Runtime    Last Run
------------------------------------------------  -----  ---------  --------  ----------  --------------  -------------------
/opt/airflow/dags/daily_multi_source_pipeline.py                           1           0  0.52s           2025-10-16T21:44:23
================================================================================
[2025-10-16T21:45:19.933+0000] {manager.py:878} INFO - 
================================================================================
DAG File Processing Stats

File Path                                         PID    Runtime      # DAGs    # Errors  Last Runtime    Last Run
------------------------------------------------  -----  ---------  --------  ----------  --------------  -------------------
/opt/airflow/dags/daily_multi_source_pipeline.py                           1           0  0.51s           2025-10-16T21:44:54
================================================================================
[2025-10-16T21:45:50.068+0000] {manager.py:878} INFO - 
================================================================================
DAG File Processing Stats

File Path                                         PID    Runtime      # DAGs    # Errors  Last Runtime    Last Run
------------------------------------------------  -----  ---------  --------  ----------  --------------  -------------------
/opt/airflow/dags/daily_multi_source_pipeline.py                           1           0  0.53s           2025-10-16T21:45:24
================================================================================
[2025-10-16T21:46:20.200+0000] {manager.py:878} INFO - 
================================================================================
DAG File Processing Stats

File Path                                         PID    Runtime      # DAGs    # Errors  Last Runtime    Last Run
------------------------------------------------  -----  ---------  --------  ----------  --------------  -------------------
/opt/airflow/dags/daily_multi_source_pipeline.py                           1           0  0.52s           2025-10-16T21:45:55
================================================================================
[2025-10-16T21:46:50.331+0000] {manager.py:878} INFO - 
================================================================================
DAG File Processing Stats

File Path                                         PID    Runtime      # DAGs    # Errors  Last Runtime    Last Run
------------------------------------------------  -----  ---------  --------  ----------  --------------  -------------------
/opt/airflow/dags/daily_multi_source_pipeline.py                           1           0  0.50s           2025-10-16T21:46:26
================================================================================
[2025-10-16T21:47:20.463+0000] {manager.py:878} INFO - 
================================================================================
DAG File Processing Stats

File Path                                         PID    Runtime      # DAGs    # Errors  Last Runtime    Last Run
------------------------------------------------  -----  ---------  --------  ----------  --------------  -------------------
/opt/airflow/dags/daily_multi_source_pipeline.py                           1           0  0.55s           2025-10-16T21:46:56
================================================================================
[2025-10-16T21:47:50.598+0000] {manager.py:878} INFO - 
================================================================================
DAG File Processing Stats

File Path                                         PID    Runtime      # DAGs    # Errors  Last Runtime    Last Run
------------------------------------------------  -----  ---------  --------  ----------  --------------  -------------------
/opt/airflow/dags/daily_multi_source_pipeline.py                           1           0  0.53s           2025-10-16T21:47:27
================================================================================
[2025-10-16T21:48:20.767+0000] {manager.py:878} INFO - 
================================================================================
DAG File Processing Stats

File Path                                         PID    Runtime      # DAGs    # Errors  Last Runtime    Last Run
------------------------------------------------  -----  ---------  --------  ----------  --------------  -------------------
/opt/airflow/dags/daily_multi_source_pipeline.py                           1           0  0.54s           2025-10-16T21:47:58
================================================================================
[2025-10-16T21:48:25.793+0000] {manager.py:737} INFO - Searching for files in /opt/airflow/dags
[2025-10-16T21:48:25.794+0000] {manager.py:740} INFO - There are 1 files in /opt/airflow/dags
[2025-10-16T21:48:50.923+0000] {manager.py:878} INFO - 
================================================================================
DAG File Processing Stats

File Path                                         PID    Runtime      # DAGs    # Errors  Last Runtime    Last Run
------------------------------------------------  -----  ---------  --------  ----------  --------------  -------------------
/opt/airflow/dags/daily_multi_source_pipeline.py                           1           0  0.54s           2025-10-16T21:48:28
================================================================================
[2025-10-16T21:49:21.061+0000] {manager.py:878} INFO - 
================================================================================
DAG File Processing Stats

File Path                                         PID    Runtime      # DAGs    # Errors  Last Runtime    Last Run
------------------------------------------------  -----  ---------  --------  ----------  --------------  -------------------
/opt/airflow/dags/daily_multi_source_pipeline.py                           1           0  0.52s           2025-10-16T21:48:59
================================================================================
[2025-10-16T21:49:51.197+0000] {manager.py:878} INFO - 
================================================================================
DAG File Processing Stats

File Path                                         PID    Runtime      # DAGs    # Errors  Last Runtime    Last Run
------------------------------------------------  -----  ---------  --------  ----------  --------------  -------------------
/opt/airflow/dags/daily_multi_source_pipeline.py                           1           0  0.53s           2025-10-16T21:49:30
================================================================================
[2025-10-16T21:50:21.334+0000] {manager.py:878} INFO - 
================================================================================
DAG File Processing Stats

File Path                                         PID    Runtime      # DAGs    # Errors  Last Runtime    Last Run
------------------------------------------------  -----  ---------  --------  ----------  --------------  -------------------
/opt/airflow/dags/daily_multi_source_pipeline.py                           1           0  0.52s           2025-10-16T21:50:00
================================================================================
[2025-10-16T21:50:51.469+0000] {manager.py:878} INFO - 
================================================================================
DAG File Processing Stats

File Path                                         PID    Runtime      # DAGs    # Errors  Last Runtime    Last Run
------------------------------------------------  -----  ---------  --------  ----------  --------------  -------------------
/opt/airflow/dags/daily_multi_source_pipeline.py                           1           0  0.51s           2025-10-16T21:50:31
================================================================================
[2025-10-16T21:51:21.603+0000] {manager.py:878} INFO - 
================================================================================
DAG File Processing Stats

File Path                                         PID    Runtime      # DAGs    # Errors  Last Runtime    Last Run
------------------------------------------------  -----  ---------  --------  ----------  --------------  -------------------
/opt/airflow/dags/daily_multi_source_pipeline.py                           1           0  0.51s           2025-10-16T21:51:02
================================================================================
[2025-10-16T21:51:51.731+0000] {manager.py:878} INFO - 
================================================================================
DAG File Processing Stats

File Path                                         PID    Runtime      # DAGs    # Errors  Last Runtime    Last Run
------------------------------------------------  -----  ---------  --------  ----------  --------------  -------------------
/opt/airflow/dags/daily_multi_source_pipeline.py                           1           0  0.52s           2025-10-16T21:51:32
================================================================================
[2025-10-16T21:52:21.868+0000] {manager.py:878} INFO - 
================================================================================
DAG File Processing Stats

File Path                                         PID    Runtime      # DAGs    # Errors  Last Runtime    Last Run
------------------------------------------------  -----  ---------  --------  ----------  --------------  -------------------
/opt/airflow/dags/daily_multi_source_pipeline.py                           1           0  0.52s           2025-10-16T21:52:03
================================================================================
[2025-10-16T21:52:52.009+0000] {manager.py:878} INFO - 
================================================================================
DAG File Processing Stats

File Path                                         PID    Runtime      # DAGs    # Errors  Last Runtime    Last Run
------------------------------------------------  -----  ---------  --------  ----------  --------------  -------------------
/opt/airflow/dags/daily_multi_source_pipeline.py                           1           0  0.58s           2025-10-16T21:52:34
================================================================================
[2025-10-16T21:53:22.201+0000] {manager.py:878} INFO - 
================================================================================
DAG File Processing Stats

File Path                                         PID    Runtime      # DAGs    # Errors  Last Runtime    Last Run
------------------------------------------------  -----  ---------  --------  ----------  --------------  -------------------
/opt/airflow/dags/daily_multi_source_pipeline.py                           1           0  0.52s           2025-10-16T21:53:04
================================================================================
[2025-10-16T21:53:26.218+0000] {manager.py:737} INFO - Searching for files in /opt/airflow/dags
[2025-10-16T21:53:26.220+0000] {manager.py:740} INFO - There are 1 files in /opt/airflow/dags
[2025-10-16T21:53:52.302+0000] {manager.py:878} INFO - 
================================================================================
DAG File Processing Stats

File Path                                         PID    Runtime      # DAGs    # Errors  Last Runtime    Last Run
------------------------------------------------  -----  ---------  --------  ----------  --------------  -------------------
/opt/airflow/dags/daily_multi_source_pipeline.py                           1           0  0.52s           2025-10-16T21:53:35
================================================================================
[2025-10-16T21:54:22.908+0000] {manager.py:878} INFO - 
================================================================================
DAG File Processing Stats

File Path                                         PID    Runtime      # DAGs    # Errors  Last Runtime    Last Run
------------------------------------------------  -----  ---------  --------  ----------  --------------  -------------------
/opt/airflow/dags/daily_multi_source_pipeline.py                           1           0  0.52s           2025-10-16T21:54:05
================================================================================
[2025-10-16T21:54:53.054+0000] {manager.py:878} INFO - 
================================================================================
DAG File Processing Stats

File Path                                         PID    Runtime      # DAGs    # Errors  Last Runtime    Last Run
------------------------------------------------  -----  ---------  --------  ----------  --------------  -------------------
/opt/airflow/dags/daily_multi_source_pipeline.py                           1           0  0.51s           2025-10-16T21:54:36
================================================================================
[2025-10-16T21:55:23.181+0000] {manager.py:878} INFO - 
================================================================================
DAG File Processing Stats

File Path                                         PID    Runtime      # DAGs    # Errors  Last Runtime    Last Run
------------------------------------------------  -----  ---------  --------  ----------  --------------  -------------------
/opt/airflow/dags/daily_multi_source_pipeline.py                           1           0  0.52s           2025-10-16T21:55:07
================================================================================
[2025-10-16T21:55:53.319+0000] {manager.py:878} INFO - 
================================================================================
DAG File Processing Stats

File Path                                         PID    Runtime      # DAGs    # Errors  Last Runtime    Last Run
------------------------------------------------  -----  ---------  --------  ----------  --------------  -------------------
/opt/airflow/dags/daily_multi_source_pipeline.py                           1           0  0.52s           2025-10-16T21:55:37
================================================================================
[2025-10-16T21:56:23.444+0000] {manager.py:878} INFO - 
================================================================================
DAG File Processing Stats

File Path                                         PID    Runtime      # DAGs    # Errors  Last Runtime    Last Run
------------------------------------------------  -----  ---------  --------  ----------  --------------  -------------------
/opt/airflow/dags/daily_multi_source_pipeline.py                           1           0  0.55s           2025-10-16T21:56:08
================================================================================
[2025-10-16T21:56:53.601+0000] {manager.py:878} INFO - 
================================================================================
DAG File Processing Stats

File Path                                         PID    Runtime      # DAGs    # Errors  Last Runtime    Last Run
------------------------------------------------  -----  ---------  --------  ----------  --------------  -------------------
/opt/airflow/dags/daily_multi_source_pipeline.py                           1           0  0.52s           2025-10-16T21:56:39
================================================================================
[2025-10-16T21:57:23.730+0000] {manager.py:878} INFO - 
================================================================================
DAG File Processing Stats

File Path                                         PID    Runtime      # DAGs    # Errors  Last Runtime    Last Run
------------------------------------------------  -----  ---------  --------  ----------  --------------  -------------------
/opt/airflow/dags/daily_multi_source_pipeline.py                           1           0  0.52s           2025-10-16T21:57:09
================================================================================
[2025-10-16T21:57:53.874+0000] {manager.py:878} INFO - 
================================================================================
DAG File Processing Stats

File Path                                         PID    Runtime      # DAGs    # Errors  Last Runtime    Last Run
------------------------------------------------  -----  ---------  --------  ----------  --------------  -------------------
/opt/airflow/dags/daily_multi_source_pipeline.py                           1           0  0.55s           2025-10-16T21:57:40
================================================================================
[2025-10-16T21:58:23.998+0000] {manager.py:878} INFO - 
================================================================================
DAG File Processing Stats

File Path                                         PID    Runtime      # DAGs    # Errors  Last Runtime    Last Run
------------------------------------------------  -----  ---------  --------  ----------  --------------  -------------------
/opt/airflow/dags/daily_multi_source_pipeline.py                           1           0  0.52s           2025-10-16T21:58:11
================================================================================
[2025-10-16T21:58:27.012+0000] {manager.py:737} INFO - Searching for files in /opt/airflow/dags
[2025-10-16T21:58:27.013+0000] {manager.py:740} INFO - There are 1 files in /opt/airflow/dags
[2025-10-16T21:58:54.166+0000] {manager.py:878} INFO - 
================================================================================
DAG File Processing Stats

File Path                                         PID    Runtime      # DAGs    # Errors  Last Runtime    Last Run
------------------------------------------------  -----  ---------  --------  ----------  --------------  -------------------
/opt/airflow/dags/daily_multi_source_pipeline.py                           1           0  0.54s           2025-10-16T21:58:41
================================================================================
[2025-10-16T21:59:24.296+0000] {manager.py:878} INFO - 
================================================================================
DAG File Processing Stats

File Path                                         PID    Runtime      # DAGs    # Errors  Last Runtime    Last Run
------------------------------------------------  -----  ---------  --------  ----------  --------------  -------------------
/opt/airflow/dags/daily_multi_source_pipeline.py                           1           0  0.53s           2025-10-16T21:59:12
================================================================================
[2025-10-16T21:59:54.440+0000] {manager.py:878} INFO - 
================================================================================
DAG File Processing Stats

File Path                                         PID    Runtime      # DAGs    # Errors  Last Runtime    Last Run
------------------------------------------------  -----  ---------  --------  ----------  --------------  -------------------
/opt/airflow/dags/daily_multi_source_pipeline.py                           1           0  0.54s           2025-10-16T21:59:42
================================================================================
[2025-10-16T22:00:24.567+0000] {manager.py:878} INFO - 
================================================================================
DAG File Processing Stats

File Path                                         PID    Runtime      # DAGs    # Errors  Last Runtime    Last Run
------------------------------------------------  -----  ---------  --------  ----------  --------------  -------------------
/opt/airflow/dags/daily_multi_source_pipeline.py                           1           0  0.52s           2025-10-16T22:00:13
================================================================================
[2025-10-16T22:00:54.721+0000] {manager.py:878} INFO - 
================================================================================
DAG File Processing Stats

File Path                                         PID    Runtime      # DAGs    # Errors  Last Runtime    Last Run
------------------------------------------------  -----  ---------  --------  ----------  --------------  -------------------
/opt/airflow/dags/daily_multi_source_pipeline.py                           1           0  0.52s           2025-10-16T22:00:44
================================================================================
[2025-10-16T22:01:24.847+0000] {manager.py:878} INFO - 
================================================================================
DAG File Processing Stats

File Path                                         PID    Runtime      # DAGs    # Errors  Last Runtime    Last Run
------------------------------------------------  -----  ---------  --------  ----------  --------------  -------------------
/opt/airflow/dags/daily_multi_source_pipeline.py                           1           0  0.59s           2025-10-16T22:01:14
================================================================================
[2025-10-16T22:01:55.061+0000] {manager.py:878} INFO - 
================================================================================
DAG File Processing Stats

File Path                                         PID    Runtime      # DAGs    # Errors  Last Runtime    Last Run
------------------------------------------------  -----  ---------  --------  ----------  --------------  -------------------
/opt/airflow/dags/daily_multi_source_pipeline.py                           1           0  0.54s           2025-10-16T22:01:45
================================================================================
[2025-10-16T22:02:22.784+0000] {manager.py:452} INFO - Exiting gracefully upon receiving signal 15
